#node1	node2	node1_string_id	node2_string_id	homology	experimentally_determined_interaction	database_annotated	automated_textmining	combined_score
AKAP1	PRKAR2A	9606.ENSP00000478212	9606.ENSP00000265563	0	0.483	0.600	0.263	0.834
AKAP1	PRKAR2B	9606.ENSP00000478212	9606.ENSP00000265717	0	0.585	0.600	0.789	0.961
AKAP1	PRKACA	9606.ENSP00000478212	9606.ENSP00000309591	0	0.527	0.600	0.053	0.805
AKAP1	PRKACB	9606.ENSP00000478212	9606.ENSP00000359719	0	0.613	0.600	0.199	0.865
AKAP1	PRKACG	9606.ENSP00000478212	9606.ENSP00000366488	0	0.479	0.600	0.053	0.785
AKAP1	PRKAR1A	9606.ENSP00000478212	9606.ENSP00000376475	0	0.483	0.600	0.642	0.919
AKAP1	PRKAR1B	9606.ENSP00000478212	9606.ENSP00000385749	0	0.270	0.600	0.430	0.819
AKAP10	PRKAR2B	9606.ENSP00000225737	9606.ENSP00000265717	0	0.255	0.600	0.128	0.717
AKAP10	PRKAR1B	9606.ENSP00000225737	9606.ENSP00000385749	0	0.132	0.600	0.303	0.736
AKAP10	PRKAR2A	9606.ENSP00000225737	9606.ENSP00000265563	0	0.822	0.600	0.128	0.932
AKAP10	PRKAR1A	9606.ENSP00000225737	9606.ENSP00000376475	0	0.665	0.600	0.724	0.959
AKAP12	PRKCA	9606.ENSP00000384537	9606.ENSP00000408695	0	0.473	0	0.459	0.702
AKAP13	PRKAR2A	9606.ENSP00000354718	9606.ENSP00000265563	0	0.491	0.900	0	0.946
AKAP13	PRKAR2B	9606.ENSP00000354718	9606.ENSP00000265717	0	0.205	0.900	0	0.917
AKAP13	PRKAG1	9606.ENSP00000354718	9606.ENSP00000323867	0	0	0.900	0	0.900
AKAP13	PRKD1	9606.ENSP00000354718	9606.ENSP00000333568	0	0.270	0	0.843	0.880
AKAP13	PRKACB	9606.ENSP00000354718	9606.ENSP00000359719	0	0	0.900	0	0.900
AKAP13	PRKACG	9606.ENSP00000354718	9606.ENSP00000366488	0	0	0.900	0	0.900
AKAP14	PRKAR2A	9606.ENSP00000360485	9606.ENSP00000265563	0	0.719	0.720	0	0.917
AKAP14	PRKAR2B	9606.ENSP00000360485	9606.ENSP00000265717	0	0.618	0.540	0.272	0.860
AKAP14	PRKACA	9606.ENSP00000360485	9606.ENSP00000309591	0	0.725	0.720	0	0.919
AKAP14	AKAP4	9606.ENSP00000360485	9606.ENSP00000351327	0	0	0.720	0	0.720
AKAP14	PRKACB	9606.ENSP00000360485	9606.ENSP00000359719	0	0.610	0.720	0	0.886
AKAP14	PRKACG	9606.ENSP00000360485	9606.ENSP00000366488	0	0.725	0	0	0.725
AKAP4	PRKAR2A	9606.ENSP00000351327	9606.ENSP00000265563	0	0.291	0.900	0.279	0.944
AKAP4	PRKACA	9606.ENSP00000351327	9606.ENSP00000309591	0	0	0.900	0	0.900
AKAP4	AKAP14	9606.ENSP00000351327	9606.ENSP00000360485	0	0	0.720	0	0.720
AKAP4	PRKAR1A	9606.ENSP00000351327	9606.ENSP00000376475	0	0.498	0.540	0.318	0.828
AKAP4	PRKACB	9606.ENSP00000351327	9606.ENSP00000359719	0	0	0.900	0	0.900
AKAP5	PRKAR2A	9606.ENSP00000378207	9606.ENSP00000265563	0	0.557	0.600	0	0.815
AKAP5	PRKAR2B	9606.ENSP00000378207	9606.ENSP00000265717	0	0.714	0.600	0.750	0.968
AKAP5	PRKACA	9606.ENSP00000378207	9606.ENSP00000309591	0	0.492	0.900	0	0.947
AKAP5	PRKACB	9606.ENSP00000378207	9606.ENSP00000359719	0	0.690	0.600	0	0.870
AKAP5	PRKACG	9606.ENSP00000378207	9606.ENSP00000366488	0	0.684	0.600	0	0.868
AKAP5	PRKAR1A	9606.ENSP00000378207	9606.ENSP00000376475	0	0.291	0.600	0	0.704
AKAP5	PRKCA	9606.ENSP00000378207	9606.ENSP00000408695	0	0.532	0.600	0.138	0.824
AKAP7	PRKAR2A	9606.ENSP00000405252	9606.ENSP00000265563	0	0.840	0	0.077	0.846
AKAP7	PRKAR1A	9606.ENSP00000405252	9606.ENSP00000376475	0	0.671	0	0.258	0.745
AKAP8	PRKAR2A	9606.ENSP00000269701	9606.ENSP00000265563	0	0.483	0.900	0	0.946
AKAP8	PRKAR2B	9606.ENSP00000269701	9606.ENSP00000265717	0	0	0.900	0.142	0.910
AKAP8	PRKAG1	9606.ENSP00000269701	9606.ENSP00000323867	0	0	0.900	0	0.900
AKAP8	PRKACG	9606.ENSP00000269701	9606.ENSP00000366488	0	0	0.900	0.061	0.902
AKAP8	PRKACB	9606.ENSP00000269701	9606.ENSP00000359719	0	0	0.900	0.288	0.925
AKAP9	PRKAR2A	9606.ENSP00000348573	9606.ENSP00000265563	0	0.496	0.900	0.058	0.948
AKAP9	PRKAR2B	9606.ENSP00000348573	9606.ENSP00000265717	0	0.625	0.900	0.058	0.961
AKAP9	PRKCE	9606.ENSP00000348573	9606.ENSP00000306124	0	0	0.900	0.043	0.900
AKAP9	PRKAG1	9606.ENSP00000348573	9606.ENSP00000323867	0	0	0.900	0	0.900
AKAP9	PKN1	9606.ENSP00000348573	9606.ENSP00000343325	0	0.277	0.900	0.227	0.939
AKAP9	PRKACG	9606.ENSP00000348573	9606.ENSP00000366488	0	0.479	0.900	0	0.945
AKAP9	PRKACB	9606.ENSP00000348573	9606.ENSP00000359719	0	0.555	0.900	0	0.953
CAMK2A	CAMK2G	9606.ENSP00000381412	9606.ENSP00000319060	0	0.581	0.900	0	0.956
CAMK2A	CAMK2D	9606.ENSP00000381412	9606.ENSP00000339740	0	0.918	0.900	0.078	0.991
CAMK2A	CAMK2B	9606.ENSP00000381412	9606.ENSP00000379098	0	0.928	0.900	0	0.992
CAMK2B	CAMKK1	9606.ENSP00000379098	9606.ENSP00000158166	0	0	0.900	0	0.900
CAMK2B	CAMK4	9606.ENSP00000379098	9606.ENSP00000282356	0	0	0.900	0	0.900
CAMK2B	CAMKK2	9606.ENSP00000379098	9606.ENSP00000312741	0	0	0.900	0	0.900
CAMK2B	CAMK2G	9606.ENSP00000379098	9606.ENSP00000319060	0	0.536	0.900	0.090	0.954
CAMK2B	CAMK2D	9606.ENSP00000379098	9606.ENSP00000339740	0	0.925	0.900	0.090	0.992
CAMK2B	MAP3K5	9606.ENSP00000379098	9606.ENSP00000351908	0	0	0.900	0.239	0.920
CAMK2B	CAMK2A	9606.ENSP00000379098	9606.ENSP00000381412	0	0.928	0.900	0	0.992
CAMK2D	CAMK2G	9606.ENSP00000339740	9606.ENSP00000319060	0	0.679	0.900	0	0.966
CAMK2D	CAMK2A	9606.ENSP00000339740	9606.ENSP00000381412	0	0.918	0.900	0.078	0.991
CAMK2D	CAMK2B	9606.ENSP00000339740	9606.ENSP00000379098	0	0.925	0.900	0.090	0.992
CAMK2G	CAMK2B	9606.ENSP00000319060	9606.ENSP00000379098	0	0.536	0.900	0.090	0.954
CAMK2G	CAMK2A	9606.ENSP00000319060	9606.ENSP00000381412	0	0.581	0.900	0	0.956
CAMK2G	CAMK2D	9606.ENSP00000319060	9606.ENSP00000339740	0	0.679	0.900	0	0.966
CAMK4	CAMK2B	9606.ENSP00000282356	9606.ENSP00000379098	0	0	0.900	0	0.900
CAMKK1	PRKAA1	9606.ENSP00000158166	9606.ENSP00000346148	0	0.657	0	0.288	0.745
CAMKK1	CAMK2B	9606.ENSP00000158166	9606.ENSP00000379098	0	0	0.900	0	0.900
CAMKK1	CAMKK2	9606.ENSP00000158166	9606.ENSP00000312741	0	0	0.900	0.363	0.933
CAMKK2	CAMKK1	9606.ENSP00000312741	9606.ENSP00000158166	0	0	0.900	0.363	0.933
CAMKK2	PRKAA2	9606.ENSP00000312741	9606.ENSP00000360290	0	0.622	0	0.288	0.719
CAMKK2	CAMK2B	9606.ENSP00000312741	9606.ENSP00000379098	0	0	0.900	0	0.900
CKS1B	SKP1	9606.ENSP00000311083	9606.ENSP00000231487	0	0.939	0.900	0.543	0.997
CKS1B	PKMYT1	9606.ENSP00000311083	9606.ENSP00000262300	0	0.724	0	0.294	0.797
CKS1B	SKP2	9606.ENSP00000311083	9606.ENSP00000274255	0	0.945	0.900	0.898	0.999
CKS1B	CKS2	9606.ENSP00000311083	9606.ENSP00000364976	0	0.702	0.540	0	0.857
CKS2	PKMYT1	9606.ENSP00000364976	9606.ENSP00000262300	0	0.708	0	0.294	0.785
CKS2	CKS1B	9606.ENSP00000364976	9606.ENSP00000311083	0	0.702	0.540	0	0.857
DAPK1	MAPK3	9606.ENSP00000386135	9606.ENSP00000263025	0	0.590	0	0.454	0.767
DOK1	PTK6	9606.ENSP00000233668	9606.ENSP00000442460	0	0.289	0.800	0	0.851
DOK1	TEC	9606.ENSP00000233668	9606.ENSP00000370912	0	0.507	0.900	0	0.948
GIT1	PAK1	9606.ENSP00000378338	9606.ENSP00000278568	0	0.564	0.900	0.386	0.970
GIT1	MAP2K1	9606.ENSP00000378338	9606.ENSP00000302486	0	0.062	0	0.750	0.755
GIT1	PAK2	9606.ENSP00000378338	9606.ENSP00000314067	0	0.591	0.600	0.188	0.855
GIT1	PTK2	9606.ENSP00000378338	9606.ENSP00000341189	0	0.492	0	0.545	0.759
GIT1	GIT2	9606.ENSP00000378338	9606.ENSP00000347464	0	0.739	0	0.328	0.817
GIT1	PAK3	9606.ENSP00000378338	9606.ENSP00000353864	0	0.192	0.600	0.415	0.794
GIT2	PAK1	9606.ENSP00000347464	9606.ENSP00000278568	0	0.564	0.900	0.188	0.961
GIT2	PAK2	9606.ENSP00000347464	9606.ENSP00000314067	0	0.352	0.900	0.188	0.942
GIT2	LCK	9606.ENSP00000347464	9606.ENSP00000337825	0	0.042	0.900	0	0.900
GIT2	PTK2	9606.ENSP00000347464	9606.ENSP00000341189	0	0.059	0.900	0.394	0.937
GIT2	GIT1	9606.ENSP00000347464	9606.ENSP00000378338	0	0.739	0	0.328	0.817
GIT2	PAK4	9606.ENSP00000347464	9606.ENSP00000469413	0	0.082	0.900	0.107	0.910
GIT2	PAK3	9606.ENSP00000347464	9606.ENSP00000353864	0	0.192	0.900	0.188	0.928
LCK	MAPK1	9606.ENSP00000337825	9606.ENSP00000215832	0	0.512	0.900	0	0.949
LCK	MAPK8IP3	9606.ENSP00000337825	9606.ENSP00000250894	0	0.057	0.900	0	0.901
LCK	MAPK3	9606.ENSP00000337825	9606.ENSP00000263025	0	0.096	0.900	0	0.905
LCK	PRKCQ	9606.ENSP00000337825	9606.ENSP00000263125	0	0.505	0	0.705	0.847
LCK	ZAP70	9606.ENSP00000337825	9606.ENSP00000264972	0	0.507	0.900	0.919	0.995
LCK	PAK1	9606.ENSP00000337825	9606.ENSP00000278568	0	0.065	0.900	0.053	0.903
LCK	GIT2	9606.ENSP00000337825	9606.ENSP00000347464	0	0.042	0.900	0	0.900
LCK	PTK2	9606.ENSP00000337825	9606.ENSP00000341189	0	0.401	0.900	0.071	0.939
LCK	PTK2B	9606.ENSP00000337825	9606.ENSP00000380638	0	0.295	0.900	0.411	0.954
MAP2K1	MAPK1	9606.ENSP00000302486	9606.ENSP00000215832	0	0.725	0.900	0.858	0.995
MAP2K1	MAP2K2	9606.ENSP00000302486	9606.ENSP00000262948	0	0.706	0.900	0.061	0.970
MAP2K1	MAPK3	9606.ENSP00000302486	9606.ENSP00000263025	0	0.725	0.900	0.678	0.990
MAP2K1	GIT1	9606.ENSP00000302486	9606.ENSP00000378338	0	0.062	0	0.750	0.755
MAP2K1	MAP3K1	9606.ENSP00000302486	9606.ENSP00000382423	0	0.615	0	0.763	0.905
MAP2K2	MAPK1	9606.ENSP00000262948	9606.ENSP00000215832	0	0.942	0.900	0.514	0.996
MAP2K2	MAP2K1	9606.ENSP00000262948	9606.ENSP00000302486	0	0.706	0.900	0.061	0.970
MAP2K2	MAPK3	9606.ENSP00000262948	9606.ENSP00000263025	0	0.725	0.900	0.435	0.983
MAP2K3	MAPK14	9606.ENSP00000345083	9606.ENSP00000229795	0	0.701	0	0.753	0.923
MAP2K3	MAPK8IP2	9606.ENSP00000345083	9606.ENSP00000330572	0	0.483	0	0.543	0.753
MAP2K3	MAP3K4	9606.ENSP00000345083	9606.ENSP00000375986	0	0.653	0	0.302	0.747
MAP2K3	MAP3K5	9606.ENSP00000345083	9606.ENSP00000351908	0	0.483	0	0.853	0.921
MAP2K3	MAP3K3	9606.ENSP00000345083	9606.ENSP00000354927	0	0.270	0.900	0.380	0.950
MAP2K4	MAPK8IP3	9606.ENSP00000410402	9606.ENSP00000250894	0	0.498	0	0.672	0.828
MAP2K4	MAP3K5	9606.ENSP00000410402	9606.ENSP00000351908	0	0.483	0	0.864	0.926
MAP2K4	MAPK10	9606.ENSP00000410402	9606.ENSP00000352157	0	0.626	0	0.773	0.911
MAP2K4	MAPK8	9606.ENSP00000410402	9606.ENSP00000378974	0	0.626	0	0.623	0.853
MAP2K4	MAP3K1	9606.ENSP00000410402	9606.ENSP00000382423	0	0.559	0	0.552	0.794
MAP2K4	MAPK9	9606.ENSP00000410402	9606.ENSP00000394560	0	0.612	0	0.468	0.784
MAP2K5	MAP3K2	9606.ENSP00000178640	9606.ENSP00000387246	0	0.919	0	0.791	0.982
MAP2K5	MAP3K3	9606.ENSP00000178640	9606.ENSP00000354927	0	0.929	0	0.795	0.985
MAP2K5	MAPK7	9606.ENSP00000178640	9606.ENSP00000311005	0	0.925	0	0.908	0.992
MAP2K6	MAPK14	9606.ENSP00000468348	9606.ENSP00000229795	0	0.688	0	0.218	0.746
MAP2K6	MAP3K5	9606.ENSP00000468348	9606.ENSP00000351908	0	0.483	0	0.618	0.794
MAP2K6	MAP3K4	9606.ENSP00000468348	9606.ENSP00000375986	0	0.653	0	0.302	0.747
MAP2K7	MAPK8IP1	9606.ENSP00000381070	9606.ENSP00000241014	0	0.574	0	0.878	0.945
MAP2K7	MAP3K11	9606.ENSP00000381070	9606.ENSP00000309597	0	0.480	0.900	0.608	0.977
MAP2K7	MAP3K5	9606.ENSP00000381070	9606.ENSP00000351908	0	0.483	0	0.651	0.811
MAP2K7	MAPK10	9606.ENSP00000381070	9606.ENSP00000352157	0	0.298	0	0.592	0.701
MAP2K7	MAPK8	9606.ENSP00000381070	9606.ENSP00000378974	0	0.669	0.900	0.675	0.988
MAP2K7	MAP3K1	9606.ENSP00000381070	9606.ENSP00000382423	0	0.581	0	0.555	0.805
MAP2K7	MAPK9	9606.ENSP00000381070	9606.ENSP00000394560	0	0.595	0	0.644	0.850
MAP3K1	MAPK3	9606.ENSP00000382423	9606.ENSP00000263025	0	0.705	0	0.146	0.737
MAP3K1	MAP2K1	9606.ENSP00000382423	9606.ENSP00000302486	0	0.615	0	0.763	0.905
MAP3K1	MAP4K4	9606.ENSP00000382423	9606.ENSP00000343658	0	0.270	0.900	0.460	0.957
MAP3K1	MAP2K7	9606.ENSP00000382423	9606.ENSP00000381070	0	0.581	0	0.555	0.805
MAP3K1	MAP2K4	9606.ENSP00000382423	9606.ENSP00000410402	0	0.559	0	0.552	0.794
MAP3K11	MAPK8IP1	9606.ENSP00000309597	9606.ENSP00000241014	0	0.491	0	0.670	0.824
MAP3K11	MAPK8	9606.ENSP00000309597	9606.ENSP00000378974	0	0.293	0.900	0.361	0.950
MAP3K11	MAP2K7	9606.ENSP00000309597	9606.ENSP00000381070	0	0.480	0.900	0.608	0.977
MAP3K12	MAPK8IP1	9606.ENSP00000448689	9606.ENSP00000241014	0	0.341	0	0.724	0.811
MAP3K13	MAPK8IP1	9606.ENSP00000265026	9606.ENSP00000241014	0	0.319	0	0.583	0.704
MAP3K2	MAP2K5	9606.ENSP00000387246	9606.ENSP00000178640	0	0.919	0	0.791	0.982
MAP3K3	MAP2K5	9606.ENSP00000354927	9606.ENSP00000178640	0	0.929	0	0.795	0.985
MAP3K3	TAB1	9606.ENSP00000354927	9606.ENSP00000216160	0	0.106	0.900	0.107	0.913
MAP3K3	MAP2K3	9606.ENSP00000354927	9606.ENSP00000345083	0	0.270	0.900	0.380	0.950
MAP3K3	TAB2	9606.ENSP00000354927	9606.ENSP00000356426	0	0	0.900	0	0.900
MAP3K3	MAP3K7	9606.ENSP00000354927	9606.ENSP00000358335	0	0.495	0.900	0.249	0.958
MAP3K4	MAPK13	9606.ENSP00000375986	9606.ENSP00000211287	0	0.609	0	0.264	0.700
MAP3K4	MAP2K3	9606.ENSP00000375986	9606.ENSP00000345083	0	0.653	0	0.302	0.747
MAP3K4	MAP2K6	9606.ENSP00000375986	9606.ENSP00000468348	0	0.653	0	0.302	0.747
MAP3K4	SH3KBP1	9606.ENSP00000375986	9606.ENSP00000380921	0	0.483	0	0.698	0.837
MAP3K5	MAPK8IP3	9606.ENSP00000351908	9606.ENSP00000250894	0	0.498	0	0.680	0.832
MAP3K5	MAP2K3	9606.ENSP00000351908	9606.ENSP00000345083	0	0.483	0	0.853	0.921
MAP3K5	MAP2K6	9606.ENSP00000351908	9606.ENSP00000468348	0	0.483	0	0.618	0.794
MAP3K5	MAP2K7	9606.ENSP00000351908	9606.ENSP00000381070	0	0.483	0	0.651	0.811
MAP3K5	CAMK2B	9606.ENSP00000351908	9606.ENSP00000379098	0	0	0.900	0.239	0.920
MAP3K5	MAP2K4	9606.ENSP00000351908	9606.ENSP00000410402	0	0.483	0	0.864	0.926
MAP3K5	MAP3K6	9606.ENSP00000351908	9606.ENSP00000419591	0	0.498	0.900	0.870	0.992
MAP3K6	MAP3K5	9606.ENSP00000419591	9606.ENSP00000351908	0	0.498	0.900	0.870	0.992
MAP3K7	TAB1	9606.ENSP00000358335	9606.ENSP00000216160	0	0.722	0.900	0.913	0.997
MAP3K7	PRKCQ	9606.ENSP00000358335	9606.ENSP00000263125	0	0.505	0.600	0	0.793
MAP3K7	PDPK1	9606.ENSP00000358335	9606.ENSP00000344220	0	0.291	0.600	0	0.704
MAP3K7	MAP3K3	9606.ENSP00000358335	9606.ENSP00000354927	0	0.495	0.900	0.249	0.958
MAP3K7	TAB2	9606.ENSP00000358335	9606.ENSP00000356426	0	0.673	0.900	0.919	0.997
MAP3K7	TAB3	9606.ENSP00000358335	9606.ENSP00000368215	0	0.596	0.600	0.176	0.855
MAP4K4	MAP3K1	9606.ENSP00000343658	9606.ENSP00000382423	0	0.270	0.900	0.460	0.957
MAPK1	RPS6KA3	9606.ENSP00000215832	9606.ENSP00000368884	0	0.643	0	0.213	0.707
MAPK1	RPS6KA2	9606.ENSP00000215832	9606.ENSP00000427015	0	0.600	0	0.409	0.753
MAPK1	PTK2	9606.ENSP00000215832	9606.ENSP00000341189	0	0	0.900	0	0.900
MAPK1	LCK	9606.ENSP00000215832	9606.ENSP00000337825	0	0.512	0.900	0	0.949
MAPK1	MAPK3	9606.ENSP00000215832	9606.ENSP00000263025	0	0.755	0.900	0.608	0.989
MAPK1	RPS6KA1	9606.ENSP00000215832	9606.ENSP00000435412	0	0.952	0	0.853	0.992
MAPK1	MAP2K1	9606.ENSP00000215832	9606.ENSP00000302486	0	0.725	0.900	0.858	0.995
MAPK1	MAP2K2	9606.ENSP00000215832	9606.ENSP00000262948	0	0.942	0.900	0.514	0.996
MAPK10	MAPK8IP1	9606.ENSP00000352157	9606.ENSP00000241014	0	0.236	0	0.788	0.831
MAPK10	MAPK8IP3	9606.ENSP00000352157	9606.ENSP00000250894	0	0.543	0	0.524	0.773
MAPK10	MAP2K7	9606.ENSP00000352157	9606.ENSP00000381070	0	0.298	0	0.592	0.701
MAPK10	MAP2K4	9606.ENSP00000352157	9606.ENSP00000410402	0	0.626	0	0.773	0.911
MAPK11	TAB1	9606.ENSP00000333685	9606.ENSP00000216160	0	0.644	0	0.310	0.744
MAPK11	MAPK14	9606.ENSP00000333685	9606.ENSP00000229795	0	0.401	0.900	0	0.937
MAPK11	MAPKAPK5	9606.ENSP00000333685	9606.ENSP00000449381	0	0.260	0.600	0.192	0.740
MAPK11	MAPKAPK2	9606.ENSP00000333685	9606.ENSP00000356070	0	0.773	0.900	0.145	0.978
MAPK11	MAPKAPK3	9606.ENSP00000333685	9606.ENSP00000396467	0	0.791	0.900	0.145	0.980
MAPK13	MAP3K4	9606.ENSP00000211287	9606.ENSP00000375986	0	0.609	0	0.264	0.700
MAPK13	MAPKAPK3	9606.ENSP00000211287	9606.ENSP00000396467	0	0.713	0	0.101	0.731
MAPK14	TAB1	9606.ENSP00000229795	9606.ENSP00000216160	0	0.925	0.900	0.895	0.999
MAPK14	MAP2K6	9606.ENSP00000229795	9606.ENSP00000468348	0	0.688	0	0.218	0.746
MAPK14	MAPKAPK5	9606.ENSP00000229795	9606.ENSP00000449381	0	0.437	0.600	0.352	0.841
MAPK14	PRKG1	9606.ENSP00000229795	9606.ENSP00000363092	0	0	0.900	0.085	0.904
MAPK14	MAP2K3	9606.ENSP00000229795	9606.ENSP00000345083	0	0.701	0	0.753	0.923
MAPK14	MAPK11	9606.ENSP00000229795	9606.ENSP00000333685	0	0.401	0.900	0	0.937
MAPK14	MAPKAPK3	9606.ENSP00000229795	9606.ENSP00000396467	0	0.797	0.900	0.145	0.981
MAPK14	MAPKAPK2	9606.ENSP00000229795	9606.ENSP00000356070	0	0.969	0.900	0.815	0.999
MAPK3	MAPK1	9606.ENSP00000263025	9606.ENSP00000215832	0	0.755	0.900	0.608	0.989
MAPK3	MAP2K2	9606.ENSP00000263025	9606.ENSP00000262948	0	0.725	0.900	0.435	0.983
MAPK3	RPS6KA2	9606.ENSP00000263025	9606.ENSP00000427015	0	0.643	0	0.217	0.709
MAPK3	MAPK7	9606.ENSP00000263025	9606.ENSP00000311005	0	0	0.600	0.367	0.735
MAPK3	MAP3K1	9606.ENSP00000263025	9606.ENSP00000382423	0	0.705	0	0.146	0.737
MAPK3	RPS6KA3	9606.ENSP00000263025	9606.ENSP00000368884	0	0.643	0	0.313	0.745
MAPK3	DAPK1	9606.ENSP00000263025	9606.ENSP00000386135	0	0.590	0	0.454	0.767
MAPK3	RPS6KA1	9606.ENSP00000263025	9606.ENSP00000435412	0	0.672	0	0.355	0.779
MAPK3	LCK	9606.ENSP00000263025	9606.ENSP00000337825	0	0.096	0.900	0	0.905
MAPK3	PRKCD	9606.ENSP00000263025	9606.ENSP00000378217	0	0.138	0.900	0.146	0.919
MAPK3	MAP2K1	9606.ENSP00000263025	9606.ENSP00000302486	0	0.725	0.900	0.678	0.990
MAPK4	MAPKAPK5	9606.ENSP00000383234	9606.ENSP00000449381	0	0.609	0.600	0.315	0.883
MAPK6	MAPKAPK5	9606.ENSP00000261845	9606.ENSP00000449381	0	0.641	0.800	0.414	0.954
MAPK7	MAP2K5	9606.ENSP00000311005	9606.ENSP00000178640	0	0.925	0	0.908	0.992
MAPK7	MAPK3	9606.ENSP00000311005	9606.ENSP00000263025	0	0	0.600	0.367	0.735
MAPK7	PRKCZ	9606.ENSP00000311005	9606.ENSP00000367830	0	0.311	0	0.629	0.733
MAPK8	MAPK8IP1	9606.ENSP00000378974	9606.ENSP00000241014	0	0.690	0	0.902	0.968
MAPK8	MAPK8IP3	9606.ENSP00000378974	9606.ENSP00000250894	0	0.543	0	0.608	0.813
MAPK8	MAP3K11	9606.ENSP00000378974	9606.ENSP00000309597	0	0.293	0.900	0.361	0.950
MAPK8	MAP2K4	9606.ENSP00000378974	9606.ENSP00000410402	0	0.626	0	0.623	0.853
MAPK8	MAP2K7	9606.ENSP00000378974	9606.ENSP00000381070	0	0.669	0.900	0.675	0.988
MAPK8IP1	MAP3K13	9606.ENSP00000241014	9606.ENSP00000265026	0	0.319	0	0.583	0.704
MAPK8IP1	MAP3K12	9606.ENSP00000241014	9606.ENSP00000448689	0	0.341	0	0.724	0.811
MAPK8IP1	MAP3K11	9606.ENSP00000241014	9606.ENSP00000309597	0	0.491	0	0.670	0.824
MAPK8IP1	MAPK10	9606.ENSP00000241014	9606.ENSP00000352157	0	0.236	0	0.788	0.831
MAPK8IP1	MAPK8IP2	9606.ENSP00000241014	9606.ENSP00000330572	0	0.697	0	0.590	0.870
MAPK8IP1	MAPK8IP3	9606.ENSP00000241014	9606.ENSP00000250894	0	0.617	0	0.680	0.872
MAPK8IP1	MAPK9	9606.ENSP00000241014	9606.ENSP00000394560	0	0.575	0	0.821	0.920
MAPK8IP1	MAP2K7	9606.ENSP00000241014	9606.ENSP00000381070	0	0.574	0	0.878	0.945
MAPK8IP1	MAPK8	9606.ENSP00000241014	9606.ENSP00000378974	0	0.690	0	0.902	0.968
MAPK8IP2	MAPK8IP1	9606.ENSP00000330572	9606.ENSP00000241014	0	0.697	0	0.590	0.870
MAPK8IP2	MAPK8IP3	9606.ENSP00000330572	9606.ENSP00000250894	0	0.716	0	0.288	0.789
MAPK8IP2	MAP2K3	9606.ENSP00000330572	9606.ENSP00000345083	0	0.483	0	0.543	0.753
MAPK8IP3	MAPK8IP1	9606.ENSP00000250894	9606.ENSP00000241014	0	0.617	0	0.680	0.872
MAPK8IP3	MAPK10	9606.ENSP00000250894	9606.ENSP00000352157	0	0.543	0	0.524	0.773
MAPK8IP3	MAPK8IP2	9606.ENSP00000250894	9606.ENSP00000330572	0	0.716	0	0.288	0.789
MAPK8IP3	MAPK8	9606.ENSP00000250894	9606.ENSP00000378974	0	0.543	0	0.608	0.813
MAPK8IP3	MAP2K4	9606.ENSP00000250894	9606.ENSP00000410402	0	0.498	0	0.672	0.828
MAPK8IP3	MAP3K5	9606.ENSP00000250894	9606.ENSP00000351908	0	0.498	0	0.680	0.832
MAPK8IP3	LCK	9606.ENSP00000250894	9606.ENSP00000337825	0	0.057	0.900	0	0.901
MAPK8IP3	PTK2	9606.ENSP00000250894	9606.ENSP00000341189	0	0.498	0.900	0.107	0.951
MAPK9	MAPK8IP1	9606.ENSP00000394560	9606.ENSP00000241014	0	0.575	0	0.821	0.920
MAPK9	MAP2K7	9606.ENSP00000394560	9606.ENSP00000381070	0	0.595	0	0.644	0.850
MAPK9	MAP2K4	9606.ENSP00000394560	9606.ENSP00000410402	0	0.612	0	0.468	0.784
MAPKAP1	PRKDC	9606.ENSP00000265960	9606.ENSP00000313420	0	0.653	0	0.384	0.777
MAPKAPK2	MAPK14	9606.ENSP00000356070	9606.ENSP00000229795	0	0.969	0.900	0.815	0.999
MAPKAPK2	MAPK11	9606.ENSP00000356070	9606.ENSP00000333685	0	0.773	0.900	0.145	0.978
MAPKAPK3	MAPK13	9606.ENSP00000396467	9606.ENSP00000211287	0	0.713	0	0.101	0.731
MAPKAPK3	MAPK14	9606.ENSP00000396467	9606.ENSP00000229795	0	0.797	0.900	0.145	0.981
MAPKAPK3	MAPK11	9606.ENSP00000396467	9606.ENSP00000333685	0	0.791	0.900	0.145	0.980
MAPKAPK5	MAPK14	9606.ENSP00000449381	9606.ENSP00000229795	0	0.437	0.600	0.352	0.841
MAPKAPK5	MAPK6	9606.ENSP00000449381	9606.ENSP00000261845	0	0.641	0.800	0.414	0.954
MAPKAPK5	MAPK11	9606.ENSP00000449381	9606.ENSP00000333685	0	0.260	0.600	0.192	0.740
MAPKAPK5	MAPK4	9606.ENSP00000449381	9606.ENSP00000383234	0	0.609	0.600	0.315	0.883
PACSIN1	PACSIN2	9606.ENSP00000484060	9606.ENSP00000263246	0	0.734	0.600	0.261	0.914
PACSIN1	PACSIN3	9606.ENSP00000484060	9606.ENSP00000440945	0	0.775	0.600	0.059	0.908
PACSIN2	PACSIN3	9606.ENSP00000263246	9606.ENSP00000440945	0	0.744	0.600	0	0.893
PACSIN2	PACSIN1	9606.ENSP00000263246	9606.ENSP00000484060	0	0.734	0.600	0.261	0.914
PACSIN3	PACSIN2	9606.ENSP00000440945	9606.ENSP00000263246	0	0.744	0.600	0	0.893
PACSIN3	PACSIN1	9606.ENSP00000440945	9606.ENSP00000484060	0	0.775	0.600	0.059	0.908
PAK1	PAK4	9606.ENSP00000278568	9606.ENSP00000469413	0	0	0.900	0	0.900
PAK1	PAK3	9606.ENSP00000278568	9606.ENSP00000353864	0	0	0.900	0	0.900
PAK1	PTK2	9606.ENSP00000278568	9606.ENSP00000341189	0	0	0.900	0	0.900
PAK1	LCK	9606.ENSP00000278568	9606.ENSP00000337825	0	0.065	0.900	0.053	0.903
PAK1	PAK2	9606.ENSP00000278568	9606.ENSP00000314067	0	0.426	0.900	0	0.940
PAK1	GIT2	9606.ENSP00000278568	9606.ENSP00000347464	0	0.564	0.900	0.188	0.961
PAK1	GIT1	9606.ENSP00000278568	9606.ENSP00000378338	0	0.564	0.900	0.386	0.970
PAK2	PAK1	9606.ENSP00000314067	9606.ENSP00000278568	0	0.426	0.900	0	0.940
PAK2	GIT1	9606.ENSP00000314067	9606.ENSP00000378338	0	0.591	0.600	0.188	0.855
PAK2	PAK4	9606.ENSP00000314067	9606.ENSP00000469413	0	0	0.900	0	0.900
PAK2	PTK2	9606.ENSP00000314067	9606.ENSP00000341189	0	0	0.900	0	0.900
PAK2	PAK3	9606.ENSP00000314067	9606.ENSP00000353864	0	0	0.900	0.084	0.904
PAK2	GIT2	9606.ENSP00000314067	9606.ENSP00000347464	0	0.352	0.900	0.188	0.942
PAK3	PAK1	9606.ENSP00000353864	9606.ENSP00000278568	0	0	0.900	0	0.900
PAK3	PAK2	9606.ENSP00000353864	9606.ENSP00000314067	0	0	0.900	0.084	0.904
PAK3	PTK2	9606.ENSP00000353864	9606.ENSP00000341189	0	0	0.900	0	0.900
PAK3	GIT2	9606.ENSP00000353864	9606.ENSP00000347464	0	0.192	0.900	0.188	0.928
PAK3	GIT1	9606.ENSP00000353864	9606.ENSP00000378338	0	0.192	0.600	0.415	0.794
PAK3	PAK4	9606.ENSP00000353864	9606.ENSP00000469413	0	0	0.900	0	0.900
PAK4	PAK1	9606.ENSP00000469413	9606.ENSP00000278568	0	0	0.900	0	0.900
PAK4	PAK2	9606.ENSP00000469413	9606.ENSP00000314067	0	0	0.900	0	0.900
PAK4	PTK2	9606.ENSP00000469413	9606.ENSP00000341189	0	0	0.900	0	0.900
PAK4	GIT2	9606.ENSP00000469413	9606.ENSP00000347464	0	0.082	0.900	0.107	0.910
PAK4	PAK3	9606.ENSP00000469413	9606.ENSP00000353864	0	0	0.900	0	0.900
PAK4	PAK6	9606.ENSP00000469413	9606.ENSP00000406873	0	0.712	0	0	0.712
PAK6	PAK4	9606.ENSP00000406873	9606.ENSP00000469413	0	0.712	0	0	0.712
PDPK1	RPS6KB1	9606.ENSP00000344220	9606.ENSP00000225577	0	0.600	0	0.531	0.804
PDPK1	PRKCQ	9606.ENSP00000344220	9606.ENSP00000263125	0	0.409	0.900	0.187	0.947
PDPK1	PKN3	9606.ENSP00000344220	9606.ENSP00000291906	0	0.224	0.600	0.215	0.735
PDPK1	PKN1	9606.ENSP00000344220	9606.ENSP00000343325	0	0.564	0.600	0.215	0.851
PDPK1	MAP3K7	9606.ENSP00000344220	9606.ENSP00000358335	0	0.291	0.600	0	0.704
PDPK1	PRKCZ	9606.ENSP00000344220	9606.ENSP00000367830	0	0.498	0.600	0.061	0.795
PDPK1	PKN2	9606.ENSP00000344220	9606.ENSP00000359552	0	0.912	0.600	0.819	0.993
PKIA	PRKACA	9606.ENSP00000379696	9606.ENSP00000309591	0	0.956	0	0	0.957
PKIA	PRKACB	9606.ENSP00000379696	9606.ENSP00000359719	0	0.783	0	0	0.783
PKMYT1	CKS2	9606.ENSP00000262300	9606.ENSP00000364976	0	0.708	0	0.294	0.785
PKMYT1	CKS1B	9606.ENSP00000262300	9606.ENSP00000311083	0	0.724	0	0.294	0.797
PKN1	PRKAR2A	9606.ENSP00000343325	9606.ENSP00000265563	0	0	0.900	0	0.900
PKN1	PRKAR2B	9606.ENSP00000343325	9606.ENSP00000265717	0	0	0.900	0	0.900
PKN1	PRKCE	9606.ENSP00000343325	9606.ENSP00000306124	0	0	0.900	0	0.900
PKN1	PRKAG1	9606.ENSP00000343325	9606.ENSP00000323867	0	0	0.900	0	0.900
PKN1	PDPK1	9606.ENSP00000343325	9606.ENSP00000344220	0	0.564	0.600	0.215	0.851
PKN1	PRKACB	9606.ENSP00000343325	9606.ENSP00000359719	0	0	0.900	0	0.900
PKN1	PRKACG	9606.ENSP00000343325	9606.ENSP00000366488	0	0	0.900	0	0.900
PKN1	AKAP9	9606.ENSP00000343325	9606.ENSP00000348573	0	0.277	0.900	0.227	0.939
PKN2	PDPK1	9606.ENSP00000359552	9606.ENSP00000344220	0	0.912	0.600	0.819	0.993
PKN3	PDPK1	9606.ENSP00000291906	9606.ENSP00000344220	0	0.224	0.600	0.215	0.735
PRKAA1	CAMKK1	9606.ENSP00000346148	9606.ENSP00000158166	0	0.657	0	0.288	0.745
PRKAA1	PRKAB1	9606.ENSP00000346148	9606.ENSP00000229328	0	0.911	0.900	0.534	0.995
PRKAA1	PRKAB2	9606.ENSP00000346148	9606.ENSP00000254101	0	0.911	0.900	0.422	0.994
PRKAA1	PRKAR2A	9606.ENSP00000346148	9606.ENSP00000265563	0	0	0.720	0	0.720
PRKAA1	PRKAG2	9606.ENSP00000346148	9606.ENSP00000287878	0	0.914	0.900	0.422	0.994
PRKAA1	PRKACA	9606.ENSP00000346148	9606.ENSP00000309591	0	0.064	0.720	0	0.726
PRKAA1	PRKAG1	9606.ENSP00000346148	9606.ENSP00000323867	0	0.911	0.900	0.422	0.994
PRKAA1	PRKAR1A	9606.ENSP00000346148	9606.ENSP00000376475	0	0	0.720	0	0.720
PRKAA1	PRKAG3	9606.ENSP00000346148	9606.ENSP00000397133	0	0.786	0.600	0.143	0.920
PRKAA1	PRKAA2	9606.ENSP00000346148	9606.ENSP00000360290	0	0.384	0.900	0.295	0.952
PRKAA2	PRKAB1	9606.ENSP00000360290	9606.ENSP00000229328	0	0.981	0.900	0.425	0.998
PRKAA2	PRKAB2	9606.ENSP00000360290	9606.ENSP00000254101	0	0.981	0.900	0.422	0.998
PRKAA2	PRKAG2	9606.ENSP00000360290	9606.ENSP00000287878	0	0.919	0.900	0.422	0.994
PRKAA2	CAMKK2	9606.ENSP00000360290	9606.ENSP00000312741	0	0.622	0	0.288	0.719
PRKAA2	PRKAG1	9606.ENSP00000360290	9606.ENSP00000323867	0	0.981	0.900	0.422	0.998
PRKAA2	PRKAA1	9606.ENSP00000360290	9606.ENSP00000346148	0	0.384	0.900	0.295	0.952
PRKAA2	PRKAG3	9606.ENSP00000360290	9606.ENSP00000397133	0	0.770	0.600	0.143	0.914
PRKAB1	PRKAG3	9606.ENSP00000229328	9606.ENSP00000397133	0	0.863	0.600	0.334	0.960
PRKAB1	PRKAB2	9606.ENSP00000229328	9606.ENSP00000254101	0	0.705	0.900	0	0.969
PRKAB1	PRKAG2	9606.ENSP00000229328	9606.ENSP00000287878	0	0.912	0.900	0.427	0.994
PRKAB1	PRKAA1	9606.ENSP00000229328	9606.ENSP00000346148	0	0.911	0.900	0.534	0.995
PRKAB1	PRKAA2	9606.ENSP00000229328	9606.ENSP00000360290	0	0.981	0.900	0.425	0.998
PRKAB1	PRKAG1	9606.ENSP00000229328	9606.ENSP00000323867	0	0.981	0.900	0.427	0.998
PRKAB2	PRKAB1	9606.ENSP00000254101	9606.ENSP00000229328	0	0.705	0.900	0	0.969
PRKAB2	PRKAR2A	9606.ENSP00000254101	9606.ENSP00000265563	0	0	0.720	0	0.720
PRKAB2	PRKAR1A	9606.ENSP00000254101	9606.ENSP00000376475	0	0	0.720	0	0.720
PRKAB2	PRKACA	9606.ENSP00000254101	9606.ENSP00000309591	0	0.078	0.720	0	0.730
PRKAB2	PRKAG3	9606.ENSP00000254101	9606.ENSP00000397133	0	0.862	0.600	0.334	0.960
PRKAB2	PRKAA1	9606.ENSP00000254101	9606.ENSP00000346148	0	0.911	0.900	0.422	0.994
PRKAB2	PRKAG2	9606.ENSP00000254101	9606.ENSP00000287878	0	0.914	0.900	0.427	0.994
PRKAB2	PRKAA2	9606.ENSP00000254101	9606.ENSP00000360290	0	0.981	0.900	0.422	0.998
PRKAB2	PRKAG1	9606.ENSP00000254101	9606.ENSP00000323867	0	0.981	0.900	0.427	0.998
PRKACA	PRKAB2	9606.ENSP00000309591	9606.ENSP00000254101	0	0.078	0.720	0	0.730
PRKACA	PRKAR2A	9606.ENSP00000309591	9606.ENSP00000265563	0	0.769	0.900	0.445	0.986
PRKACA	PRKAR2B	9606.ENSP00000309591	9606.ENSP00000265717	0	0.934	0.800	0.254	0.989
PRKACA	PRKAG2	9606.ENSP00000309591	9606.ENSP00000287878	0	0.143	0.720	0	0.749
PRKACA	PRKAA1	9606.ENSP00000309591	9606.ENSP00000346148	0	0.064	0.720	0	0.726
PRKACA	PRKAG1	9606.ENSP00000309591	9606.ENSP00000323867	0	0.143	0.720	0	0.749
PRKACA	AKAP1	9606.ENSP00000309591	9606.ENSP00000478212	0	0.527	0.600	0.053	0.805
PRKACA	AKAP4	9606.ENSP00000309591	9606.ENSP00000351327	0	0	0.900	0	0.900
PRKACA	AKAP14	9606.ENSP00000309591	9606.ENSP00000360485	0	0.725	0.720	0	0.919
PRKACA	PRKACG	9606.ENSP00000309591	9606.ENSP00000366488	0	0.275	0.900	0	0.924
PRKACA	AKAP5	9606.ENSP00000309591	9606.ENSP00000378207	0	0.492	0.900	0	0.947
PRKACA	PKIA	9606.ENSP00000309591	9606.ENSP00000379696	0	0.956	0	0	0.957
PRKACA	PRKACB	9606.ENSP00000309591	9606.ENSP00000359719	0	0.701	0.900	0	0.968
PRKACA	PRKAR1A	9606.ENSP00000309591	9606.ENSP00000376475	0	0.872	0.900	0.363	0.991
PRKACA	PRKAR1B	9606.ENSP00000309591	9606.ENSP00000385749	0	0.956	0.900	0.363	0.997
PRKACB	PRKAR2A	9606.ENSP00000359719	9606.ENSP00000265563	0	0.848	0.900	0.254	0.987
PRKACB	PRKAR2B	9606.ENSP00000359719	9606.ENSP00000265717	0	0.810	0.900	0.254	0.984
PRKACB	AKAP8	9606.ENSP00000359719	9606.ENSP00000269701	0	0	0.900	0.288	0.925
PRKACB	PRKCE	9606.ENSP00000359719	9606.ENSP00000306124	0	0	0.900	0	0.900
PRKACB	PRKACA	9606.ENSP00000359719	9606.ENSP00000309591	0	0.701	0.900	0	0.968
PRKACB	PRKAG1	9606.ENSP00000359719	9606.ENSP00000323867	0	0.143	0.900	0	0.910
PRKACB	PKN1	9606.ENSP00000359719	9606.ENSP00000343325	0	0	0.900	0	0.900
PRKACB	AKAP9	9606.ENSP00000359719	9606.ENSP00000348573	0	0.555	0.900	0	0.953
PRKACB	AKAP4	9606.ENSP00000359719	9606.ENSP00000351327	0	0	0.900	0	0.900
PRKACB	AKAP13	9606.ENSP00000359719	9606.ENSP00000354718	0	0	0.900	0	0.900
PRKACB	PKIA	9606.ENSP00000359719	9606.ENSP00000379696	0	0.783	0	0	0.783
PRKACB	AKAP1	9606.ENSP00000359719	9606.ENSP00000478212	0	0.613	0.600	0.199	0.865
PRKACB	AKAP5	9606.ENSP00000359719	9606.ENSP00000378207	0	0.690	0.600	0	0.870
PRKACB	AKAP14	9606.ENSP00000359719	9606.ENSP00000360485	0	0.610	0.720	0	0.886
PRKACB	PRKACG	9606.ENSP00000359719	9606.ENSP00000366488	0	0.639	0.900	0.367	0.975
PRKACB	PRKAR1B	9606.ENSP00000359719	9606.ENSP00000385749	0	0.866	0.900	0.363	0.990
PRKACB	PRKAR1A	9606.ENSP00000359719	9606.ENSP00000376475	0	0.830	0.900	0.506	0.990
PRKACG	PRKAR2A	9606.ENSP00000366488	9606.ENSP00000265563	0	0.532	0.900	0.445	0.971
PRKACG	PRKAR2B	9606.ENSP00000366488	9606.ENSP00000265717	0	0.921	0.900	0.254	0.993
PRKACG	AKAP8	9606.ENSP00000366488	9606.ENSP00000269701	0	0	0.900	0.061	0.902
PRKACG	PRKCE	9606.ENSP00000366488	9606.ENSP00000306124	0	0	0.900	0	0.900
PRKACG	PRKACA	9606.ENSP00000366488	9606.ENSP00000309591	0	0.275	0.900	0	0.924
PRKACG	PRKAG1	9606.ENSP00000366488	9606.ENSP00000323867	0	0.143	0.900	0	0.910
PRKACG	PKN1	9606.ENSP00000366488	9606.ENSP00000343325	0	0	0.900	0	0.900
PRKACG	AKAP9	9606.ENSP00000366488	9606.ENSP00000348573	0	0.479	0.900	0	0.945
PRKACG	AKAP13	9606.ENSP00000366488	9606.ENSP00000354718	0	0	0.900	0	0.900
PRKACG	PRKACB	9606.ENSP00000366488	9606.ENSP00000359719	0	0.639	0.900	0.367	0.975
PRKACG	AKAP14	9606.ENSP00000366488	9606.ENSP00000360485	0	0.725	0	0	0.725
PRKACG	AKAP1	9606.ENSP00000366488	9606.ENSP00000478212	0	0.479	0.600	0.053	0.785
PRKACG	AKAP5	9606.ENSP00000366488	9606.ENSP00000378207	0	0.684	0.600	0	0.868
PRKACG	PRKAR1B	9606.ENSP00000366488	9606.ENSP00000385749	0	0.840	0.900	0.363	0.988
PRKACG	PRKAR1A	9606.ENSP00000366488	9606.ENSP00000376475	0	0.859	0.900	0.363	0.990
PRKAG1	PRKAB1	9606.ENSP00000323867	9606.ENSP00000229328	0	0.981	0.900	0.427	0.998
PRKAG1	PRKAB2	9606.ENSP00000323867	9606.ENSP00000254101	0	0.981	0.900	0.427	0.998
PRKAG1	PRKAR2A	9606.ENSP00000323867	9606.ENSP00000265563	0	0.134	0.900	0	0.909
PRKAG1	PRKAR2B	9606.ENSP00000323867	9606.ENSP00000265717	0	0.134	0.900	0	0.909
PRKAG1	AKAP8	9606.ENSP00000323867	9606.ENSP00000269701	0	0	0.900	0	0.900
PRKAG1	PRKAG2	9606.ENSP00000323867	9606.ENSP00000287878	0	0.509	0.900	0.085	0.951
PRKAG1	PRKCE	9606.ENSP00000323867	9606.ENSP00000306124	0	0	0.900	0	0.900
PRKAG1	PRKACA	9606.ENSP00000323867	9606.ENSP00000309591	0	0.143	0.720	0	0.749
PRKAG1	PRKAR1A	9606.ENSP00000323867	9606.ENSP00000376475	0	0.134	0.720	0	0.747
PRKAG1	PKN1	9606.ENSP00000323867	9606.ENSP00000343325	0	0	0.900	0	0.900
PRKAG1	AKAP13	9606.ENSP00000323867	9606.ENSP00000354718	0	0	0.900	0	0.900
PRKAG1	AKAP9	9606.ENSP00000323867	9606.ENSP00000348573	0	0	0.900	0	0.900
PRKAG1	PRKACG	9606.ENSP00000323867	9606.ENSP00000366488	0	0.143	0.900	0	0.910
PRKAG1	PRKACB	9606.ENSP00000323867	9606.ENSP00000359719	0	0.143	0.900	0	0.910
PRKAG1	PRKAA1	9606.ENSP00000323867	9606.ENSP00000346148	0	0.911	0.900	0.422	0.994
PRKAG1	PRKAA2	9606.ENSP00000323867	9606.ENSP00000360290	0	0.981	0.900	0.422	0.998
PRKAG2	PRKAB1	9606.ENSP00000287878	9606.ENSP00000229328	0	0.912	0.900	0.427	0.994
PRKAG2	PRKAB2	9606.ENSP00000287878	9606.ENSP00000254101	0	0.914	0.900	0.427	0.994
PRKAG2	PRKAR2A	9606.ENSP00000287878	9606.ENSP00000265563	0	0.134	0.720	0	0.747
PRKAG2	PRKAR1A	9606.ENSP00000287878	9606.ENSP00000376475	0	0.134	0.720	0	0.747
PRKAG2	PRKACA	9606.ENSP00000287878	9606.ENSP00000309591	0	0.143	0.720	0	0.749
PRKAG2	PRKAG1	9606.ENSP00000287878	9606.ENSP00000323867	0	0.509	0.900	0.085	0.951
PRKAG2	PRKAA1	9606.ENSP00000287878	9606.ENSP00000346148	0	0.914	0.900	0.422	0.994
PRKAG2	PRKAA2	9606.ENSP00000287878	9606.ENSP00000360290	0	0.919	0.900	0.422	0.994
PRKAG3	PRKAB1	9606.ENSP00000397133	9606.ENSP00000229328	0	0.863	0.600	0.334	0.960
PRKAG3	PRKAB2	9606.ENSP00000397133	9606.ENSP00000254101	0	0.862	0.600	0.334	0.960
PRKAG3	PRKAA1	9606.ENSP00000397133	9606.ENSP00000346148	0	0.786	0.600	0.143	0.920
PRKAG3	PRKAA2	9606.ENSP00000397133	9606.ENSP00000360290	0	0.770	0.600	0.143	0.914
PRKAR1A	AKAP10	9606.ENSP00000376475	9606.ENSP00000225737	0	0.665	0.600	0.724	0.959
PRKAR1A	PRKAB2	9606.ENSP00000376475	9606.ENSP00000254101	0	0	0.720	0	0.720
PRKAR1A	PRKX	9606.ENSP00000376475	9606.ENSP00000262848	0	0.677	0.540	0.553	0.927
PRKAR1A	PRKAR2A	9606.ENSP00000376475	9606.ENSP00000265563	0	0.120	0.900	0.305	0.933
PRKAR1A	PRKAR2B	9606.ENSP00000376475	9606.ENSP00000265717	0	0.520	0.900	0.305	0.963
PRKAR1A	PRKAG2	9606.ENSP00000376475	9606.ENSP00000287878	0	0.134	0.720	0	0.747
PRKAR1A	PRKACA	9606.ENSP00000376475	9606.ENSP00000309591	0	0.872	0.900	0.363	0.991
PRKAR1A	PRKAG1	9606.ENSP00000376475	9606.ENSP00000323867	0	0.134	0.720	0	0.747
PRKAR1A	PRKAA1	9606.ENSP00000376475	9606.ENSP00000346148	0	0	0.720	0	0.720
PRKAR1A	AKAP4	9606.ENSP00000376475	9606.ENSP00000351327	0	0.498	0.540	0.318	0.828
PRKAR1A	PRKACB	9606.ENSP00000376475	9606.ENSP00000359719	0	0.830	0.900	0.506	0.990
PRKAR1A	PRKACG	9606.ENSP00000376475	9606.ENSP00000366488	0	0.859	0.900	0.363	0.990
PRKAR1A	AKAP5	9606.ENSP00000376475	9606.ENSP00000378207	0	0.291	0.600	0	0.704
PRKAR1A	AKAP7	9606.ENSP00000376475	9606.ENSP00000405252	0	0.671	0	0.258	0.745
PRKAR1A	AKAP1	9606.ENSP00000376475	9606.ENSP00000478212	0	0.483	0.600	0.642	0.919
PRKAR1A	PRKAR1B	9606.ENSP00000376475	9606.ENSP00000385749	0	0.695	0.900	0.725	0.990
PRKAR1B	AKAP10	9606.ENSP00000385749	9606.ENSP00000225737	0	0.132	0.600	0.303	0.736
PRKAR1B	PRKX	9606.ENSP00000385749	9606.ENSP00000262848	0	0.401	0.540	0.421	0.826
PRKAR1B	PRKAR2A	9606.ENSP00000385749	9606.ENSP00000265563	0	0.170	0.900	0.367	0.942
PRKAR1B	PRKAR2B	9606.ENSP00000385749	9606.ENSP00000265717	0	0.521	0.900	0.420	0.969
PRKAR1B	PRKACA	9606.ENSP00000385749	9606.ENSP00000309591	0	0.956	0.900	0.363	0.997
PRKAR1B	PRKACB	9606.ENSP00000385749	9606.ENSP00000359719	0	0.866	0.900	0.363	0.990
PRKAR1B	PRKACG	9606.ENSP00000385749	9606.ENSP00000366488	0	0.840	0.900	0.363	0.988
PRKAR1B	PRKAR1A	9606.ENSP00000385749	9606.ENSP00000376475	0	0.695	0.900	0.725	0.990
PRKAR1B	AKAP1	9606.ENSP00000385749	9606.ENSP00000478212	0	0.270	0.600	0.430	0.819
PRKAR2A	AKAP10	9606.ENSP00000265563	9606.ENSP00000225737	0	0.822	0.600	0.128	0.932
PRKAR2A	PRKAB2	9606.ENSP00000265563	9606.ENSP00000254101	0	0	0.720	0	0.720
PRKAR2A	PRKX	9606.ENSP00000265563	9606.ENSP00000262848	0	0.401	0.540	0.250	0.775
PRKAR2A	PRKAA1	9606.ENSP00000265563	9606.ENSP00000346148	0	0	0.720	0	0.720
PRKAR2A	PRKAG2	9606.ENSP00000265563	9606.ENSP00000287878	0	0.134	0.720	0	0.747
PRKAR2A	AKAP5	9606.ENSP00000265563	9606.ENSP00000378207	0	0.557	0.600	0	0.815
PRKAR2A	AKAP1	9606.ENSP00000265563	9606.ENSP00000478212	0	0.483	0.600	0.263	0.834
PRKAR2A	AKAP7	9606.ENSP00000265563	9606.ENSP00000405252	0	0.840	0	0.077	0.846
PRKAR2A	PRKCE	9606.ENSP00000265563	9606.ENSP00000306124	0	0	0.900	0	0.900
PRKAR2A	PKN1	9606.ENSP00000265563	9606.ENSP00000343325	0	0	0.900	0	0.900
PRKAR2A	PRKAG1	9606.ENSP00000265563	9606.ENSP00000323867	0	0.134	0.900	0	0.909
PRKAR2A	AKAP14	9606.ENSP00000265563	9606.ENSP00000360485	0	0.719	0.720	0	0.917
PRKAR2A	PRKAR1A	9606.ENSP00000265563	9606.ENSP00000376475	0	0.120	0.900	0.305	0.933
PRKAR2A	PRKAR1B	9606.ENSP00000265563	9606.ENSP00000385749	0	0.170	0.900	0.367	0.942
PRKAR2A	AKAP4	9606.ENSP00000265563	9606.ENSP00000351327	0	0.291	0.900	0.279	0.944
PRKAR2A	AKAP13	9606.ENSP00000265563	9606.ENSP00000354718	0	0.491	0.900	0	0.946
PRKAR2A	AKAP8	9606.ENSP00000265563	9606.ENSP00000269701	0	0.483	0.900	0	0.946
PRKAR2A	AKAP9	9606.ENSP00000265563	9606.ENSP00000348573	0	0.496	0.900	0.058	0.948
PRKAR2A	PRKACG	9606.ENSP00000265563	9606.ENSP00000366488	0	0.532	0.900	0.445	0.971
PRKAR2A	PRKAR2B	9606.ENSP00000265563	9606.ENSP00000265717	0	0.694	0.900	0.369	0.979
PRKAR2A	PRKACA	9606.ENSP00000265563	9606.ENSP00000309591	0	0.769	0.900	0.445	0.986
PRKAR2A	PRKACB	9606.ENSP00000265563	9606.ENSP00000359719	0	0.848	0.900	0.254	0.987
PRKAR2B	AKAP10	9606.ENSP00000265717	9606.ENSP00000225737	0	0.255	0.600	0.128	0.717
PRKAR2B	PRKX	9606.ENSP00000265717	9606.ENSP00000262848	0	0.561	0.540	0.250	0.835
PRKAR2B	PRKAR2A	9606.ENSP00000265717	9606.ENSP00000265563	0	0.694	0.900	0.369	0.979
PRKAR2B	AKAP14	9606.ENSP00000265717	9606.ENSP00000360485	0	0.618	0.540	0.272	0.860
PRKAR2B	PKN1	9606.ENSP00000265717	9606.ENSP00000343325	0	0	0.900	0	0.900
PRKAR2B	PRKCE	9606.ENSP00000265717	9606.ENSP00000306124	0	0	0.900	0	0.900
PRKAR2B	PRKAG1	9606.ENSP00000265717	9606.ENSP00000323867	0	0.134	0.900	0	0.909
PRKAR2B	AKAP8	9606.ENSP00000265717	9606.ENSP00000269701	0	0	0.900	0.142	0.910
PRKAR2B	AKAP13	9606.ENSP00000265717	9606.ENSP00000354718	0	0.205	0.900	0	0.917
PRKAR2B	AKAP1	9606.ENSP00000265717	9606.ENSP00000478212	0	0.585	0.600	0.789	0.961
PRKAR2B	AKAP9	9606.ENSP00000265717	9606.ENSP00000348573	0	0.625	0.900	0.058	0.961
PRKAR2B	PRKAR1A	9606.ENSP00000265717	9606.ENSP00000376475	0	0.520	0.900	0.305	0.963
PRKAR2B	AKAP5	9606.ENSP00000265717	9606.ENSP00000378207	0	0.714	0.600	0.750	0.968
PRKAR2B	PRKAR1B	9606.ENSP00000265717	9606.ENSP00000385749	0	0.521	0.900	0.420	0.969
PRKAR2B	PRKACB	9606.ENSP00000265717	9606.ENSP00000359719	0	0.810	0.900	0.254	0.984
PRKAR2B	PRKACA	9606.ENSP00000265717	9606.ENSP00000309591	0	0.934	0.800	0.254	0.989
PRKAR2B	PRKACG	9606.ENSP00000265717	9606.ENSP00000366488	0	0.921	0.900	0.254	0.993
PRKCA	PRKCG	9606.ENSP00000408695	9606.ENSP00000263431	0	0.489	0.500	0.248	0.791
PRKCA	PRKCE	9606.ENSP00000408695	9606.ENSP00000306124	0	0.480	0.500	0.189	0.770
PRKCA	AKAP5	9606.ENSP00000408695	9606.ENSP00000378207	0	0.532	0.600	0.138	0.824
PRKCA	AKAP12	9606.ENSP00000408695	9606.ENSP00000384537	0	0.473	0	0.459	0.702
PRKCD	MAPK3	9606.ENSP00000378217	9606.ENSP00000263025	0	0.138	0.900	0.146	0.919
PRKCE	PRKAR2A	9606.ENSP00000306124	9606.ENSP00000265563	0	0	0.900	0	0.900
PRKCE	PRKAR2B	9606.ENSP00000306124	9606.ENSP00000265717	0	0	0.900	0	0.900
PRKCE	PRKCA	9606.ENSP00000306124	9606.ENSP00000408695	0	0.480	0.500	0.189	0.770
PRKCE	RPS6KB2	9606.ENSP00000306124	9606.ENSP00000308413	0	0.483	0	0.642	0.807
PRKCE	PRKACB	9606.ENSP00000306124	9606.ENSP00000359719	0	0	0.900	0	0.900
PRKCE	PRKAG1	9606.ENSP00000306124	9606.ENSP00000323867	0	0	0.900	0	0.900
PRKCE	AKAP9	9606.ENSP00000306124	9606.ENSP00000348573	0	0	0.900	0.043	0.900
PRKCE	PRKACG	9606.ENSP00000306124	9606.ENSP00000366488	0	0	0.900	0	0.900
PRKCE	PKN1	9606.ENSP00000306124	9606.ENSP00000343325	0	0	0.900	0	0.900
PRKCG	PRKCA	9606.ENSP00000263431	9606.ENSP00000408695	0	0.489	0.500	0.248	0.791
PRKCI	PRKCZ	9606.ENSP00000295797	9606.ENSP00000367830	0	0.681	0.900	0	0.966
PRKCQ	MAP3K7	9606.ENSP00000263125	9606.ENSP00000358335	0	0.505	0.600	0	0.793
PRKCQ	LCK	9606.ENSP00000263125	9606.ENSP00000337825	0	0.505	0	0.705	0.847
PRKCQ	PDPK1	9606.ENSP00000263125	9606.ENSP00000344220	0	0.409	0.900	0.187	0.947
PRKCZ	PRKCI	9606.ENSP00000367830	9606.ENSP00000295797	0	0.681	0.900	0	0.966
PRKCZ	MAPK7	9606.ENSP00000367830	9606.ENSP00000311005	0	0.311	0	0.629	0.733
PRKCZ	PDPK1	9606.ENSP00000367830	9606.ENSP00000344220	0	0.498	0.600	0.061	0.795
PRKD1	AKAP13	9606.ENSP00000333568	9606.ENSP00000354718	0	0.270	0	0.843	0.880
PRKDC	MAPKAP1	9606.ENSP00000313420	9606.ENSP00000265960	0	0.653	0	0.384	0.777
PRKG1	TAB1	9606.ENSP00000363092	9606.ENSP00000216160	0	0.058	0.900	0	0.901
PRKG1	MAPK14	9606.ENSP00000363092	9606.ENSP00000229795	0	0	0.900	0.085	0.904
PRKX	PRKAR2A	9606.ENSP00000262848	9606.ENSP00000265563	0	0.401	0.540	0.250	0.775
PRKX	PRKAR1B	9606.ENSP00000262848	9606.ENSP00000385749	0	0.401	0.540	0.421	0.826
PRKX	PRKAR2B	9606.ENSP00000262848	9606.ENSP00000265717	0	0.561	0.540	0.250	0.835
PRKX	PRKAR1A	9606.ENSP00000262848	9606.ENSP00000376475	0	0.677	0.540	0.553	0.927
PTK2	MAPK1	9606.ENSP00000341189	9606.ENSP00000215832	0	0	0.900	0	0.900
PTK2	MAPK8IP3	9606.ENSP00000341189	9606.ENSP00000250894	0	0.498	0.900	0.107	0.951
PTK2	PAK1	9606.ENSP00000341189	9606.ENSP00000278568	0	0	0.900	0	0.900
PTK2	PAK2	9606.ENSP00000341189	9606.ENSP00000314067	0	0	0.900	0	0.900
PTK2	LCK	9606.ENSP00000341189	9606.ENSP00000337825	0	0.401	0.900	0.071	0.939
PTK2	GIT1	9606.ENSP00000341189	9606.ENSP00000378338	0	0.492	0	0.545	0.759
PTK2	PAK3	9606.ENSP00000341189	9606.ENSP00000353864	0	0	0.900	0	0.900
PTK2	PAK4	9606.ENSP00000341189	9606.ENSP00000469413	0	0	0.900	0	0.900
PTK2	GIT2	9606.ENSP00000341189	9606.ENSP00000347464	0	0.059	0.900	0.394	0.937
PTK2B	LCK	9606.ENSP00000380638	9606.ENSP00000337825	0	0.295	0.900	0.411	0.954
PTK6	DOK1	9606.ENSP00000442460	9606.ENSP00000233668	0	0.289	0.800	0	0.851
RPS6KA1	MAPK1	9606.ENSP00000435412	9606.ENSP00000215832	0	0.952	0	0.853	0.992
RPS6KA1	MAPK3	9606.ENSP00000435412	9606.ENSP00000263025	0	0.672	0	0.355	0.779
RPS6KA1	RPS6KA3	9606.ENSP00000435412	9606.ENSP00000368884	0	0.585	0	0.347	0.717
RPS6KA1	RPS6KA2	9606.ENSP00000435412	9606.ENSP00000427015	0	0.626	0	0.232	0.700
RPS6KA2	MAPK1	9606.ENSP00000427015	9606.ENSP00000215832	0	0.600	0	0.409	0.753
RPS6KA2	MAPK3	9606.ENSP00000427015	9606.ENSP00000263025	0	0.643	0	0.217	0.709
RPS6KA2	RPS6KA1	9606.ENSP00000427015	9606.ENSP00000435412	0	0.626	0	0.232	0.700
RPS6KA3	MAPK1	9606.ENSP00000368884	9606.ENSP00000215832	0	0.643	0	0.213	0.707
RPS6KA3	MAPK3	9606.ENSP00000368884	9606.ENSP00000263025	0	0.643	0	0.313	0.745
RPS6KA3	RPS6KA1	9606.ENSP00000368884	9606.ENSP00000435412	0	0.585	0	0.347	0.717
RPS6KB1	PDPK1	9606.ENSP00000225577	9606.ENSP00000344220	0	0.600	0	0.531	0.804
RPS6KB2	PRKCE	9606.ENSP00000308413	9606.ENSP00000306124	0	0.483	0	0.642	0.807
SH3KBP1	MAP3K4	9606.ENSP00000380921	9606.ENSP00000375986	0	0.483	0	0.698	0.837
SKP1	CKS1B	9606.ENSP00000231487	9606.ENSP00000311083	0	0.939	0.900	0.543	0.997
SKP1	SKP2	9606.ENSP00000231487	9606.ENSP00000274255	0	0.949	0.900	0.932	0.999
SKP2	SKP1	9606.ENSP00000274255	9606.ENSP00000231487	0	0.949	0.900	0.932	0.999
SKP2	CKS1B	9606.ENSP00000274255	9606.ENSP00000311083	0	0.945	0.900	0.898	0.999
TAB1	MAPK11	9606.ENSP00000216160	9606.ENSP00000333685	0	0.644	0	0.310	0.744
TAB1	PRKG1	9606.ENSP00000216160	9606.ENSP00000363092	0	0.058	0.900	0	0.901
TAB1	MAP3K3	9606.ENSP00000216160	9606.ENSP00000354927	0	0.106	0.900	0.107	0.913
TAB1	TAB3	9606.ENSP00000216160	9606.ENSP00000368215	0	0.577	0.600	0.698	0.944
TAB1	TAB2	9606.ENSP00000216160	9606.ENSP00000356426	0	0.577	0.900	0.924	0.996
TAB1	MAP3K7	9606.ENSP00000216160	9606.ENSP00000358335	0	0.722	0.900	0.913	0.997
TAB1	MAPK14	9606.ENSP00000216160	9606.ENSP00000229795	0	0.925	0.900	0.895	0.999
TAB2	TAB1	9606.ENSP00000356426	9606.ENSP00000216160	0	0.577	0.900	0.924	0.996
TAB2	MAP3K3	9606.ENSP00000356426	9606.ENSP00000354927	0	0	0.900	0	0.900
TAB2	TAB3	9606.ENSP00000356426	9606.ENSP00000368215	0	0.577	0.300	0.916	0.973
TAB2	MAP3K7	9606.ENSP00000356426	9606.ENSP00000358335	0	0.673	0.900	0.919	0.997
TAB3	TAB1	9606.ENSP00000368215	9606.ENSP00000216160	0	0.577	0.600	0.698	0.944
TAB3	TAB2	9606.ENSP00000368215	9606.ENSP00000356426	0	0.577	0.300	0.916	0.973
TAB3	MAP3K7	9606.ENSP00000368215	9606.ENSP00000358335	0	0.596	0.600	0.176	0.855
TEC	DOK1	9606.ENSP00000370912	9606.ENSP00000233668	0	0.507	0.900	0	0.948
WNK1	WNK2	9606.ENSP00000341292	9606.ENSP00000297954	0	0.824	0	0	0.824
WNK2	WNK1	9606.ENSP00000297954	9606.ENSP00000341292	0	0.824	0	0	0.824
ZAP70	LCK	9606.ENSP00000264972	9606.ENSP00000337825	0	0.507	0.900	0.919	0.995
