,ACPP,FOLH1,FRAT1,FRAT2,ICOS,ICOSLG,ITK,MTCP1,NFATC1,NFATC2,NFATC2IP,NFATC3,NFATC4,PATE1,PATE2,PATE3,PATE4,PDCD1,PDCD1LG2,PMEPA1,PRAC1,PRAC2,PSCA,PTCRA,STEAP1,TAL1,TAL2,TCF7,TCF7L1,TCIRG1,TCL1A,TCL1B,TLX1,TLX2,TLX3,WT1,WTAP,WTIP,Y
0,24.64326427,33.06366,22.86623,25.14807,23.66478,31.25529,31.97483,32.68788,32.00358,31.9882,31.60401,32.69664,30.83347,21.50007,21.18392,21.16984,21.28552,28.84472,30.23462,34.71497,21.11579,21.05495,21.94579,21.95682,25.33625,27.17087,21.52616,31.01699,29.73447,33.92966,21.65301,21.31325,25.58066,21.09375,21.21067,27.25894,32.30986,30.89343,1
1,30.47868057,33.34812,27.58122,27.19051,27.81065,29.88798,32.85944,34.62906,30.96356,31.9452,31.44051,32.89256,31.76031,25.90203,26.36356,21.16984,24.21911,28.7978,29.41116,32.84234,21.11579,21.05495,27.63488,21.95682,31.15279,30.00348,27.92493,31.01266,31.39434,33.85213,21.65301,21.31325,21.06706,24.61959,21.21067,22.9094,33.6492,32.19936,1
2,30.55611015,32.20052,25.38929,26.69664,26.66294,30.92857,31.09956,33.46376,31.30038,31.04482,30.93391,33.49871,30.74967,21.50007,21.18392,21.16984,21.28552,22.59372,29.31389,31.3209,21.11579,21.05495,25.31792,27.48332,28.55867,27.64743,21.52616,31.42971,30.9408,33.53312,26.38498,21.31325,21.06706,21.09375,21.21067,22.9094,35.26323,29.13798,1
3,30.25326742,34.48359,28.10294,26.49687,23.66478,29.47329,31.18813,33.10176,31.65882,32.62476,32.42767,33.72651,31.83298,26.87495,21.18392,21.16984,21.28552,25.73014,28.3717,32.63336,21.11579,21.05495,21.94579,21.95682,31.20894,29.46186,21.52616,29.7002,31.69465,32.51771,24.98799,21.31325,21.06706,26.34435,21.21067,30.72576,33.85052,32.61099,0
4,24.64326427,34.68356,27.09929,22.82728,23.66478,32.22363,33.25193,32.65197,32.9458,33.70037,29.86023,33.574,32.70075,21.50007,21.18392,21.16984,21.28552,27.77242,28.17929,33.56314,21.11579,21.05495,21.94579,21.95682,31.95664,24.23337,21.52616,30.5559,30.41687,33.75841,21.65301,21.31325,21.06706,21.09375,21.21067,31.55831,33.25769,29.29437,1
5,31.85632715,33.82549,29.63795,22.82728,29.89447,31.34399,33.55596,34.08422,32.12023,32.26343,31.38124,33.411,29.50524,21.50007,21.18392,21.16984,21.28552,27.03461,30.16076,31.61697,21.11579,21.05495,21.94579,21.95682,25.33625,24.23337,30.29404,33.66715,29.6329,34.99396,31.1586,21.31325,21.06706,21.09375,21.21067,30.70662,33.42148,32.10599,1
6,29.68628673,30.83638,26.09359,24.25127,27.54063,31.44012,31.88612,31.77203,31.41895,31.32766,31.95577,32.77727,31.0065,27.12453,21.18392,21.16984,21.28552,28.06838,28.37412,31.62463,21.11579,21.05495,28.07856,25.2302,29.06964,27.76312,30.06473,30.66806,30.38047,32.23505,21.65301,21.31325,21.06706,21.09375,21.21067,31.06218,32.68033,31.78311,0
7,30.87987055,29.05384,27.91175,28.39001,30.05728,31.41254,32.77574,31.59887,30.59485,31.35085,31.96197,33.50929,31.64063,21.50007,21.18392,21.16984,26.36533,27.73457,29.18387,31.84725,21.11579,21.05495,21.94579,21.95682,30.14584,26.58715,28.4802,31.87012,30.22686,32.55656,31.11599,21.31325,21.06706,21.09375,21.21067,28.37104,33.36083,30.73418,0
8,30.64726478,35.42364,28.05663,27.17901,23.66478,30.40308,32.17992,31.92757,31.98712,31.38154,32.0122,33.3392,31.48911,21.50007,21.18392,21.16984,21.28552,22.59372,30.1861,32.94378,21.11579,21.05495,21.94579,21.95682,31.22546,30.57924,30.56909,32.17175,30.88633,32.68826,21.65301,21.31325,21.06706,21.09375,21.21067,26.62815,32.58357,32.79085,1
9,29.66043777,31.97724,22.86623,27.68412,23.66478,30.68864,29.78453,33.3557,30.88562,31.06254,31.98424,32.82893,32.14166,21.50007,21.18392,21.16984,21.28552,28.10933,28.81331,33.86245,21.11579,21.05495,29.80831,21.95682,31.18221,29.05414,21.52616,31.26607,30.50561,34.92165,21.65301,21.31325,21.06706,21.09375,21.21067,31.38537,32.02957,29.72285,1
10,30.63589259,33.9707,25.39931,25.42379,28.77652,31.33852,32.56891,31.5657,31.17188,31.88932,31.98002,33.29822,32.73248,21.50007,21.18392,21.16984,25.93964,28.45895,29.83801,33.29136,21.11579,21.05495,26.07417,28.07082,31.31834,30.46289,26.89055,31.67649,31.68731,34.32344,21.65301,21.31325,21.06706,23.41251,21.21067,27.05767,33.18932,31.71115,0
11,30.72794864,35.31479,22.86623,24.9508,31.10486,30.47374,33.27589,32.79496,32.06738,32.35093,30.70703,33.87228,31.92259,21.50007,21.18392,21.16984,21.28552,31.31875,29.90628,32.91526,21.11579,21.05495,21.94579,21.95682,31.24526,29.60402,26.31369,31.93723,31.40057,33.60386,21.65301,21.31325,21.06706,21.09375,21.21067,24.14702,33.02449,32.25518,0
12,31.48061787,32.13829,22.86623,22.82728,23.66478,29.88496,31.6679,32.55438,31.69887,32.10583,31.65205,34.17389,30.2894,21.50007,21.18392,21.16984,21.28552,25.3769,28.62689,32.37995,21.11579,21.05495,21.94579,21.95682,32.10959,28.47528,28.32869,30.57299,31.41792,33.58852,21.65301,21.31325,21.06706,21.09375,21.21067,22.9094,32.24137,32.43417,0
13,30.65175985,30.39544,26.99899,25.32356,23.66478,31.85385,31.41878,31.95949,31.30836,31.66181,31.57418,32.41594,33.0461,21.50007,21.18392,21.16984,21.28552,29.5264,30.46369,32.86183,21.11579,21.05495,21.94579,21.95682,29.90719,30.62174,29.41964,32.01441,31.29883,35.36584,21.65301,21.31325,21.06706,21.09375,21.21067,30.96408,32.47178,32.31298,0
14,30.28084855,30.8606,26.543,27.40425,28.84814,31.90027,33.54087,31.96475,32.30174,32.58641,33.11704,33.35998,32.86215,21.50007,21.18392,21.16984,26.27633,31.83749,28.84393,32.66186,21.11579,21.05495,28.18293,28.66382,29.55969,26.84238,26.58703,32.42864,32.0295,36.4416,27.88228,21.31325,21.06706,21.09375,21.21067,31.67329,32.67036,33.55044,0
15,24.64326427,34.37835,27.83101,27.21439,27.83334,32.21907,32.5289,33.83799,34.16501,34.98087,33.1935,32.04864,33.89059,21.50007,21.18392,21.16984,21.28552,30.95524,29.12575,34.89447,21.11579,21.05495,26.68357,21.95682,31.05632,32.68872,21.52616,32.55033,30.51065,35.15849,21.65301,21.31325,21.06706,21.09375,21.21067,31.9997,33.61386,31.27632,0
16,31.34721574,33.41256,27.66634,27.6986,30.0916,31.9645,33.22013,32.74111,31.03425,32.16427,32.26743,32.50072,31.242,21.50007,21.18392,21.16984,21.28552,30.29925,28.94393,32.76056,21.11579,21.05495,21.94579,30.99031,30.17788,28.88863,29.30855,33.01621,30.82657,34.06749,21.65301,21.31325,22.31896,27.36239,21.21067,32.89107,33.82682,32.81597,0
17,33.93109756,32.63204,27.45474,25.74059,30.62958,32.21906,32.80883,30.54819,31.23853,31.97365,33.30795,33.20767,33.61522,21.50007,21.18392,21.16984,21.28552,31.13948,28.60714,32.86363,21.11579,21.05495,21.94579,21.95682,25.33625,27.17454,21.52616,32.32507,31.1557,35.19649,21.65301,21.31325,21.06706,21.09375,21.21067,30.80879,33.10678,32.26119,0
18,30.94878072,33.59336,27.45697,26.67744,29.74701,30.6964,32.61899,33.14284,30.88328,32.12866,31.89105,34.05207,31.37501,25.0161,21.18392,21.16984,21.28552,28.99335,30.37552,32.6406,21.11579,21.05495,24.89334,30.93803,31.25563,28.98417,24.61505,30.84168,30.35376,34.08888,21.65301,21.31325,21.06706,21.09375,21.21067,27.10911,32.5403,31.54398,1
19,31.40055222,33.01104,27.16834,27.09731,30.43691,30.30543,32.99903,30.93809,32.80694,32.36918,31.87336,34.20016,31.61609,21.50007,21.18392,21.16984,21.28552,29.5614,32.11581,33.15821,21.11579,21.05495,24.10558,27.65694,31.36078,27.88436,25.04162,30.96241,30.64203,36.11298,21.65301,21.31325,21.06706,21.09375,21.21067,24.10619,33.44461,31.88295,0
20,24.64326427,25.41584,22.86623,24.46289,30.89518,29.47148,32.74339,28.8373,31.56021,31.58054,32.0359,32.85045,31.72371,21.50007,21.18392,21.16984,21.28552,31.6365,31.16538,32.05869,21.11579,21.05495,21.94579,21.95682,29.48592,28.514,21.52616,31.34268,33.64358,34.90519,21.65301,21.31325,21.06706,26.26032,21.21067,31.12489,32.62503,34.25531,1
21,31.51792736,33.19416,22.86623,22.82728,28.03059,29.27393,33.54635,33.40878,30.95707,31.639,32.69885,33.01542,28.60666,21.50007,21.18392,21.16984,21.28552,29.89205,31.12034,32.13936,21.11579,21.05495,21.94579,21.95682,25.33625,28.92913,21.52616,31.30401,28.23386,32.58254,21.65301,21.31325,21.06706,21.09375,21.21067,22.9094,33.70996,32.27078,1
22,29.50763608,31.35316,26.19098,26.69409,23.66478,30.44135,31.98464,33.12962,30.52401,31.53549,32.66573,32.94805,31.18885,21.50007,21.18392,21.16984,21.28552,31.21269,28.41738,33.47098,21.11579,21.05495,21.94579,26.88248,31.36511,27.05493,29.47743,30.82369,30.62929,33.41711,21.65301,21.31325,21.06706,21.09375,21.21067,31.73668,32.51649,32.20037,1
23,30.53604419,34.05855,22.86623,26.27427,23.66478,31.79186,30.93913,34.22763,32.08846,32.35555,31.91683,32.56417,31.7494,30.3546,21.18392,21.16984,21.28552,29.30933,29.1104,34.30038,21.11579,21.05495,21.94579,29.41185,32.49949,28.65168,21.52616,31.32565,31.37266,34.34124,21.65301,21.31325,21.06706,21.09375,21.21067,27.29999,33.02242,30.14703,0
24,24.64326427,32.52992,26.58331,26.34986,31.17207,26.95873,34.80165,28.78941,30.07425,32.5574,31.25778,33.86608,31.01418,21.50007,21.18392,21.16984,21.28552,30.72256,30.8544,31.34605,21.11579,21.05495,21.94579,21.95682,25.33625,24.23337,21.52616,31.47283,30.08212,33.88977,21.65301,21.31325,21.06706,21.09375,21.21067,22.9094,33.3145,28.84455,1
25,24.64326427,32.67899,22.86623,28.52478,23.66478,28.64119,32.93345,33.11504,30.37941,32.30296,31.87732,32.70234,32.22404,21.50007,21.18392,21.16984,21.28552,29.37982,30.28972,33.85251,21.11579,21.05495,29.62074,21.95682,29.27873,26.86045,26.76182,32.6274,31.50495,34.81756,29.88253,21.31325,21.06706,21.09375,21.21067,32.78499,32.04174,29.36846,0
26,28.06436326,33.46305,28.51305,26.12021,28.84219,28.88157,31.89486,33.57304,30.62321,31.07458,31.32997,33.80324,28.79593,21.50007,21.18392,21.16984,21.28552,26.42969,29.77407,28.56182,21.11579,21.05495,34.30242,21.95682,30.74906,28.43767,21.52616,31.34311,28.79143,32.93636,21.65301,21.31325,27.3604,26.95741,21.21067,26.45437,32.98363,30.91274,1
27,24.64326427,34.36908,25.10956,22.82728,27.75374,31.12195,31.39673,34.24013,33.65387,33.58505,32.45591,33.12805,32.71211,21.50007,21.18392,21.16984,21.28552,30.07057,28.316,33.68763,21.11579,21.05495,21.94579,21.95682,29.84171,32.43181,24.16529,31.61843,31.29815,33.66296,21.65301,21.31325,21.06706,21.09375,21.21067,31.78236,33.73112,32.71883,0
28,30.9351092,34.39035,22.86623,25.05312,31.23293,30.40677,33.80777,32.60798,31.68159,31.72112,32.00771,35.44608,31.31716,21.50007,21.18392,21.16984,21.28552,29.8439,30.64333,31.93563,21.11579,21.05495,21.94579,21.95682,25.33625,29.50517,21.52616,31.88169,30.43273,34.64931,21.65301,21.31325,21.06706,21.09375,21.21067,30.92182,32.37297,29.41276,0
29,32.34716547,32.6664,25.56447,27.22696,29.92254,31.09657,34.07433,30.4684,33.52694,33.82196,32.89799,32.8613,32.76207,30.10012,21.18392,21.16984,26.99803,30.20721,28.90185,32.99384,21.11579,21.05495,21.94579,21.95682,30.68455,30.10535,21.52616,32.9122,32.34485,35.11808,27.96125,21.31325,21.06706,21.09375,21.21067,25.36349,33.20398,30.62748,0
30,30.34095923,31.68573,26.8486,24.5225,30.76214,30.47481,33.74615,31.91346,30.67216,32.2004,32.08549,33.66386,30.68832,21.50007,27.45466,26.08148,24.25506,29.86614,31.11171,31.97459,21.11579,21.05495,21.94579,26.12527,29.69052,29.52789,27.62552,31.94984,30.72915,33.86585,26.39589,21.31325,21.06706,21.09375,21.21067,31.10593,33.75955,31.50668,0
31,29.50032378,31.99691,22.86623,22.82728,23.66478,30.07743,25.17366,33.91455,32.04257,31.7521,31.96449,33.43656,32.68845,21.50007,21.18392,21.16984,21.28552,22.59372,29.7712,32.8448,21.11579,21.05495,31.8233,21.95682,28.71788,30.07428,30.19224,32.02527,33.53613,32.24296,21.65301,21.31325,21.06706,21.09375,21.21067,34.19234,31.24236,30.45039,1
32,30.67176198,32.39946,26.07772,25.97182,26.91928,31.10821,33.55992,32.33114,31.87234,31.47899,32.52221,33.02864,32.40636,21.50007,21.18392,21.16984,21.28552,30.81539,29.27255,32.27511,21.11579,21.05495,28.97013,28.21544,28.83163,29.97408,21.52616,33.04969,31.19566,34.66625,26.74407,21.31325,21.06706,21.09375,21.21067,31.05222,32.44799,33.26972,0
33,24.64326427,32.09335,22.86623,27.02146,27.79819,30.68094,32.47137,33.58868,32.09329,32.14543,31.99268,34.85106,32.20419,21.50007,21.18392,21.16984,21.28552,30.62645,28.3901,32.66727,21.11579,21.05495,21.94579,21.95682,31.88431,30.07149,27.06641,31.89897,31.86808,33.75872,21.65301,21.31325,21.06706,21.09375,21.21067,22.9094,33.19057,30.80828,0
34,30.06090827,32.39468,24.62664,22.82728,30.77692,27.73076,32.03304,32.42235,31.34049,31.71609,31.2178,33.24666,28.24612,21.50007,21.18392,21.16984,21.28552,28.00123,28.335,31.53085,21.11579,21.05495,21.94579,21.95682,30.23043,25.72735,26.90743,32.32745,31.9564,31.67421,21.65301,21.31325,21.06706,21.09375,21.21067,32.79635,33.80875,32.27869,0
35,31.87469517,34.04607,26.16178,26.72689,25.14868,31.27528,31.98796,33.03447,31.16251,32.07726,32.3882,33.74436,31.03704,21.50007,21.18392,21.16984,21.28552,26.84588,28.68741,32.6049,21.11579,21.05495,28.64522,27.71478,30.01188,28.98268,21.52616,30.5157,31.29733,34.44751,28.13526,21.31325,21.06706,23.34639,21.21067,27.87294,33.94238,32.36175,1
36,28.58591801,34.31763,24.80261,22.82728,29.02445,31.22083,31.82931,34.79903,30.69454,32.17266,32.82575,34.13505,31.68886,21.50007,21.18392,26.7093,27.28055,28.98385,29.60928,35.39935,21.11579,21.05495,21.94579,21.95682,31.99501,28.93434,21.52616,30.31763,29.20063,34.64362,21.65301,21.31325,21.06706,21.09375,21.21067,30.76719,32.92092,29.97567,1
37,24.64326427,33.27686,26.62607,27.98742,30.58314,29.45921,32.09439,33.52336,32.25719,30.72017,32.62206,32.02579,33.16044,21.50007,21.18392,21.16984,21.28552,32.82434,30.63914,31.8567,21.11579,21.05495,21.94579,21.95682,28.72516,29.83153,21.52616,32.34482,29.83021,34.53337,21.65301,21.31325,21.06706,21.09375,21.21067,31.33108,32.7034,33.0552,1
38,30.39512621,32.24338,22.86623,22.82728,27.53375,31.14449,31.7705,34.09094,30.78319,31.74575,31.40595,34.45925,31.48371,21.50007,21.18392,21.16984,21.28552,30.72724,28.96247,34.76796,21.11579,21.05495,21.94579,21.95682,32.47271,28.90186,21.52616,31.09693,31.26177,33.09063,21.65301,21.31325,21.06706,28.42354,29.22178,29.6625,33.73339,32.49561,1
39,28.81001353,32.91402,27.96756,27.40736,23.66478,30.49151,30.50007,31.89973,31.14282,31.70804,32.02577,34.0692,32.02716,21.50007,21.18392,21.16984,21.28552,27.20819,28.84523,34.10259,21.11579,21.05495,21.94579,29.63292,30.8364,29.27688,28.26567,31.6245,29.82294,33.90484,21.65301,21.31325,21.06706,21.09375,21.21067,31.91604,32.44401,32.85552,1
40,24.64326427,26.59942,22.86623,29.85193,23.66478,31.74924,25.17366,31.1642,31.49025,31.8994,32.24315,32.54081,29.42873,21.50007,21.18392,21.16984,21.28552,22.59372,22.22978,30.17126,21.11579,21.05495,21.94579,21.95682,30.54218,24.23337,30.59104,32.08813,30.1238,32.14726,21.65301,21.31325,21.06706,21.09375,21.21067,31.03203,31.83336,31.45894,0
41,24.64326427,32.95037,26.36603,25.84599,29.75494,31.01094,32.04043,33.78569,31.62889,31.13655,31.39878,34.29372,32.09196,31.89917,21.18392,21.16984,21.28552,27.8963,30.08058,32.51827,21.11579,21.05495,29.0664,21.95682,30.21031,27.29622,21.52616,31.48997,31.52906,33.5949,21.65301,21.31325,21.06706,21.09375,21.21067,31.09243,33.23834,32.13529,0
42,31.86680182,34.44272,26.19938,26.37823,23.66478,31.53774,31.4208,32.86678,30.40588,31.0795,31.00495,33.80295,30.66985,21.50007,21.18392,21.16984,21.28552,30.21102,28.73913,32.47168,21.11579,21.05495,21.94579,21.95682,25.33625,27.36784,21.52616,31.37383,29.58557,34.27869,21.65301,21.31325,21.06706,21.09375,21.21067,22.9094,33.57693,23.23596,1
43,29.68597574,33.33329,26.69195,27.62631,26.93191,32.06843,31.84712,33.0731,33.56265,33.44431,32.69279,32.926,31.27421,21.50007,21.18392,21.16984,21.28552,31.11647,22.22978,33.88655,21.11579,21.05495,21.94579,21.95682,31.51462,24.23337,25.99655,32.33609,30.41386,35.17196,21.65301,21.31325,26.33985,21.09375,21.21067,29.80824,32.30804,30.61274,1
44,30.14575327,34.61438,24.30574,26.4209,27.94297,30.98165,32.30087,33.01994,31.21986,32.16143,30.57224,33.65728,31.89194,21.50007,21.18392,21.16984,21.28552,29.69908,27.24784,32.08699,21.11579,21.05495,21.94579,21.95682,30.40443,29.56273,27.98322,31.1953,30.66625,33.28736,21.65301,21.31325,21.06706,21.09375,21.21067,32.83073,33.41527,30.7692,0
45,28.92783496,35.45526,25.68227,26.12917,28.69555,32.42834,33.11558,31.91113,31.73194,32.45391,32.0876,33.13392,30.84594,20.39846,22.87281,22.53005,24.23049,31.17064,29.16936,33.27546,20.92977,20.97631,20.05889,23.74832,27.69023,28.04417,24.50239,31.3727,29.1949,35.11452,20.34962,20.83896,20.81345,20.74443,20.94977,27.19796,33.63024,29.27373,0
46,29.38887896,32.73331,27.59975,27.38682,29.53865,31.25343,34.41664,31.50946,32.73767,32.65793,32.77712,32.72766,31.31755,21.03956,20.98689,21.03643,21.03226,32.35682,30.00478,32.78721,20.98438,21.04606,23.4555,27.01708,29.94921,30.03072,27.93986,31.32621,30.66485,35.35855,25.48455,20.9865,21.02762,21.01461,20.94013,28.29555,33.1617,31.42608,0
47,28.93945855,28.68673,27.04722,25.72231,26.97989,29.92735,31.35853,31.41728,32.70736,32.35045,32.11248,33.28598,33.46973,27.68173,26.82073,21.03643,24.28986,29.20403,28.36962,32.57286,29.31901,21.04606,32.2367,21.16929,30.92385,28.89088,25.12446,31.44585,32.94304,33.74249,21.11217,20.9865,21.02762,21.01461,20.94013,30.97992,33.09991,33.64136,1
48,29.09429057,33.47738,25.54348,26.21161,28.63732,31.17668,31.6146,33.09342,31.11191,31.81818,32.04474,33.75445,30.22421,21.03956,20.98689,21.03643,21.03226,29.11575,29.89197,32.2615,20.98438,21.04606,20.98587,21.16929,31.31534,28.17986,30.4949,31.54326,30.17061,32.88918,21.11217,20.9865,21.02762,21.01461,20.94013,24.04022,33.16939,30.57778,1
49,32.68145442,30.68092,27.32012,27.47635,26.24301,30.86881,31.79608,31.45807,31.94622,32.23029,32.22545,32.68857,30.91375,25.02981,20.98689,23.39853,26.22553,29.79875,28.67238,30.88338,20.98438,21.04606,24.51564,25.56299,32.21722,24.84234,21.32133,31.82403,29.72905,35.73511,27.26047,20.9865,21.02762,21.01461,23.91171,34.74902,33.92844,32.56195,0
50,27.05954162,34.38404,24.69965,26.36975,28.89676,30.93231,32.93365,33.57205,31.37046,32.59784,31.92535,33.00982,32.22778,22.39341,20.82256,20.77313,25.4707,31.96146,29.79572,32.78975,20.92977,20.97631,20.05889,26.97006,30.2881,29.16937,24.2726,31.14913,29.96224,35.12292,20.34962,20.83896,20.81345,25.31573,20.94977,32.15417,31.73508,33.0452,1
51,29.60579172,32.76016,25.32753,25.49969,30.40634,31.3254,33.80554,31.50172,30.79763,33.01078,33.54234,33.23015,31.98338,21.03956,20.98689,21.03643,21.03226,32.59197,30.05324,33.44017,20.98438,21.04606,20.98587,28.42942,30.33811,23.41685,21.32133,30.06017,30.21138,36.5427,21.11217,20.9865,21.02762,28.25548,20.94013,33.14215,33.39991,32.4375,1
52,28.7818055,33.51952,25.12772,24.81819,29.30444,31.09307,28.97034,32.15334,31.1417,31.21413,31.74909,34.05596,31.46635,21.03956,20.98689,21.03643,21.03226,24.63155,24.44853,32.92606,20.98438,21.04606,24.51837,24.6936,31.65952,29.8261,28.92609,32.27172,32.00402,33.34457,21.11217,20.9865,21.02762,21.01461,20.94013,24.8496,32.61958,31.68855,1
53,26.19157754,33.02141,20.93823,21.38095,30.81618,30.76264,33.50931,33.75225,31.43079,31.408,30.27265,34.80217,32.54994,21.03956,20.98689,21.03643,21.03226,24.20233,30.63361,31.79895,20.98438,21.04606,24.96079,21.16929,30.75922,28.86295,21.32133,32.72817,32.17134,32.80581,21.11217,20.9865,24.44435,21.01461,20.94013,33.90739,32.22515,30.025,0
54,29.52552268,31.62742,26.6454,26.96881,27.94252,31.72403,32.92164,32.25113,31.7601,32.06381,32.32214,32.75946,32.1148,23.72807,26.49417,21.03643,21.03226,29.65385,29.26862,33.25402,20.98438,21.04606,20.98587,27.35559,30.21063,29.60449,21.32133,31.35288,30.35509,35.66307,21.11217,27.21103,21.02762,25.97124,20.94013,26.17021,33.21889,31.55894,1
55,27.47587034,34.11753,23.88318,21.38095,29.89284,29.62515,29.68351,35.91798,31.37209,32.48652,32.43406,34.85266,34.45127,21.03956,20.98689,21.03643,21.03226,30.42013,21.81965,32.90565,20.98438,21.04606,20.98587,21.16929,31.68674,30.56583,21.32133,31.87133,33.3988,32.99843,21.11217,20.9865,21.02762,21.01461,20.94013,25.51628,32.96877,32.37576,1
56,31.80474558,27.73024,26.87255,28.73008,28.19755,28.98595,33.50334,31.67334,33.61872,33.22029,32.64717,32.78372,31.47957,29.27281,23.1548,21.03643,21.03226,30.87393,30.36177,31.92376,20.98438,21.04606,26.98631,26.87888,29.57763,30.27703,27.01893,32.10198,32.01692,35.54111,21.11217,20.9865,21.02762,23.40046,20.94013,25.897,31.81104,33.20486,1
57,31.00249553,32.34375,26.3296,26.1861,28.91818,32.04594,33.09912,31.94195,32.10442,32.85139,31.78129,33.39135,29.54133,23.35186,20.98689,21.03643,21.03226,31.23039,30.49461,32.0478,20.98438,21.04606,20.98587,26.84527,25.97831,27.06363,21.32133,31.53277,29.42466,35.2062,27.7829,20.9865,21.02762,23.44117,20.94013,32.85688,33.14284,32.71038,1
58,31.76351991,32.17052,25.85922,27.03514,27.68604,28.79284,29.35632,31.68454,31.01168,31.26746,31.87517,34.06748,30.71351,20.39846,20.82256,20.77313,25.2874,26.60772,25.99981,29.96536,20.92977,20.97631,20.05889,19.47125,30.23248,31.20625,28.57662,31.39367,30.61315,33.35209,20.34962,20.83896,20.81345,20.74443,20.94977,19.27073,33.14833,33.0788,1
59,26.96882919,32.5002,25.60341,24.76693,29.64713,29.74901,35.58195,32.78494,32.41332,33.50242,32.04746,32.80513,31.11105,24.52444,20.82256,20.77313,20.6434,32.37419,27.07037,33.18106,20.92977,20.97631,20.05889,19.47125,29.35111,25.59501,26.33797,32.63387,29.87452,34.48588,25.04643,20.83896,20.81345,20.74443,20.94977,30.40926,33.26288,32.56501,1
60,30.34532981,34.54577,25.47022,21.38095,28.55026,31.6952,32.33951,32.81407,31.57291,31.56261,32.09708,33.60596,31.75725,28.19807,20.98689,21.03643,24.71895,29.7828,29.64255,32.25544,26.47485,21.04606,20.98587,27.02456,31.24751,28.01941,28.35958,31.80001,31.20215,33.83658,21.11217,20.9865,21.02762,21.01461,23.88126,29.93966,33.72753,31.56736,0
61,30.78210931,34.86623,25.44763,27.2861,21.23672,31.70114,31.05138,33.42582,32.81198,32.95273,31.67983,32.39138,32.48954,25.50179,27.08612,21.03643,21.03226,28.16292,30.61455,34.95256,20.98438,21.04606,24.96876,21.16929,32.23813,30.00437,21.32133,32.85716,30.28253,35.33361,21.11217,20.9865,21.02762,21.01461,20.94013,23.95603,33.12217,33.21822,1
62,29.95776442,33.94944,20.93823,24.33051,29.39108,30.66397,30.48254,33.00262,32.06319,31.59717,32.621,33.16347,29.74832,21.03956,20.98689,21.03643,21.03226,28.70242,29.51684,32.96509,20.98438,21.04606,29.20533,21.16929,29.32646,30.63315,29.25559,31.9971,30.50496,33.58788,21.11217,20.9865,25.59154,21.01461,20.94013,24.84135,34.93223,32.34437,0
63,27.63113484,32.63387,27.74889,24.51501,29.30277,31.57536,33.99281,33.70315,31.74345,32.62759,31.8933,33.04669,31.33668,21.03956,20.98689,21.03643,21.03226,28.24681,21.81965,33.43534,20.98438,21.04606,20.98587,21.16929,31.2574,29.8839,21.32133,32.10999,31.13303,34.40306,21.11217,20.9865,21.02762,21.01461,20.94013,27.64571,33.10562,31.22725,1
64,27.12362856,32.99007,24.19171,25.62427,28.57215,31.46475,32.24192,32.27291,32.10396,32.59284,32.18172,33.48399,33.6248,27.08657,20.98689,21.03643,25.00151,26.78839,30.3521,34.32774,20.98438,21.04606,23.64561,21.16929,30.3455,30.52605,25.94687,32.23797,31.37361,34.41608,21.11217,20.9865,21.02762,26.27299,23.54295,33.0122,32.54793,32.35504,1
65,29.20530773,32.42481,24.91997,25.11726,27.98822,31.62518,31.56687,32.37453,31.8921,31.84079,31.96423,33.15948,31.05505,21.03956,20.98689,23.68858,21.03226,25.86686,28.90404,31.85178,20.98438,21.04606,23.50528,21.16929,32.05783,28.76621,29.9477,31.38734,30.65402,33.31948,21.11217,20.9865,25.23473,21.01461,20.94013,21.27774,32.90285,30.57303,0
66,26.32416708,31.62796,23.71546,26.15288,23.95818,30.58459,31.97846,31.03236,32.10538,31.83091,33.31787,33.31753,31.8134,21.03956,20.98689,21.03643,21.03226,26.744,30.31495,32.9157,20.98438,21.04606,20.98587,21.16929,31.17964,30.14758,21.32133,31.70565,30.94516,33.58594,21.11217,20.9865,21.02762,21.01461,23.56109,23.98585,32.46724,32.96334,1
67,30.19376621,35.6532,24.86068,22.04595,26.47108,33.33913,29.41722,32.44566,31.38439,32.01054,32.21734,33.95217,31.47942,26.85746,20.82256,20.77313,24.72929,27.69729,27.35659,32.97827,20.92977,20.97631,20.05889,19.47125,30.54354,30.02701,28.11718,30.94947,30.85468,32.33514,20.34962,20.83896,20.81345,23.91701,20.94977,23.62585,34.33529,32.91876,1
68,28.3235149,31.96556,24.54325,23.51904,30.60592,31.04981,34.08232,32.01207,31.12796,33.72559,32.82709,33.08124,28.62128,21.03956,20.98689,21.03643,24.69682,32.38811,30.40607,29.36731,20.98438,21.04606,29.63463,27.30878,28.13433,27.35753,21.32133,31.71469,28.84886,36.22326,21.11217,20.9865,21.02762,21.01461,20.94013,28.30909,32.11282,31.19171,1
69,28.46444386,33.3246,27.26185,26.66257,28.06327,31.84736,34.2467,30.78661,32.32308,33.1964,32.90435,31.58482,33.67641,21.03956,20.98689,21.03643,21.03226,30.84612,29.40354,33.65547,20.98438,21.04606,20.98587,29.32379,31.22769,26.22307,25.57594,33.3553,31.54466,36.60927,30.71347,20.9865,21.02762,31.07757,24.02571,26.23231,32.88282,30.89439,1
70,29.48401629,28.17706,28.80071,28.58829,27.51025,30.12387,31.03323,30.17472,31.77667,32.11667,33.24877,34.19251,32.11145,20.39846,20.82256,20.77313,20.6434,31.23959,28.4982,32.38015,20.92977,20.97631,20.05889,24.94857,29.80823,28.26774,19.11857,31.31005,34.88199,34.92712,27.53423,20.83896,20.81345,20.74443,20.94977,26.98912,34.60887,33.10266,1
71,27.85765063,29.60857,26.03354,26.72435,27.86617,30.54648,31.94358,31.15474,32.72398,31.99207,31.3901,33.93749,31.60422,20.39846,20.82256,20.77313,20.6434,27.1733,30.3787,32.2205,20.92977,20.97631,20.05889,24.32598,31.69268,27.73111,25.95491,31.01169,30.4884,35.1511,20.34962,20.83896,22.66796,20.74443,20.94977,19.27073,33.35154,32.15852,0
72,30.39493684,33.34028,27.67735,27.05019,25.70593,31.61133,30.28064,33.00114,32.4504,31.66828,33.2859,31.74669,32.65872,21.03956,20.98689,21.03643,21.03226,30.80621,28.37953,33.24227,20.98438,21.04606,26.95067,21.16929,28.93649,28.98922,29.6262,31.89085,32.26925,35.3327,21.11217,20.9865,21.02762,21.01461,26.77731,27.55162,31.90716,31.77297,1
73,32.33901391,32.92926,25.72974,21.38095,24.52871,31.75813,24.89634,32.63894,30.99657,31.37227,31.43506,33.82938,32.17236,31.60851,20.98689,27.7493,29.68846,31.45789,28.73804,33.6834,20.98438,21.04606,20.98587,21.16929,31.95063,23.29404,21.32133,32.66624,31.86995,33.83477,21.11217,20.9865,21.02762,21.01461,20.94013,25.42546,33.78291,20.96865,1
74,28.86304251,33.06345,27.01007,26.04887,29.6668,30.66874,33.70541,33.049,31.0952,33.13573,31.98414,33.47557,30.24651,21.03956,20.98689,21.03643,25.45279,30.96542,30.95525,32.56533,20.98438,21.04606,20.98587,27.33286,30.1719,25.96829,26.71679,32.80164,29.33601,34.68351,27.12211,20.9865,21.02762,21.01461,23.93251,30.2029,33.49284,29.55205,0
75,28.86445342,35.54401,25.317,27.58009,24.04232,30.56122,29.95594,34.0432,31.28979,32.25387,32.4778,33.28314,32.97533,20.39846,20.82256,20.77313,20.6434,26.35792,29.65394,33.94816,20.92977,20.97631,30.06801,25.08813,32.91422,30.70262,19.11857,30.78635,31.26892,35.12306,20.34962,20.83896,20.81345,20.74443,20.94977,28.86254,31.83554,30.49411,1
76,31.41850033,30.52566,28.30988,27.90149,27.85098,29.23872,32.9912,31.46762,32.6392,32.24975,32.2276,33.43293,32.14389,20.39846,22.50753,20.77313,24.36119,27.734,28.95098,32.05437,20.92977,20.97631,26.78842,25.59225,29.85198,30.80354,19.11857,32.43662,31.74176,34.91588,20.34962,20.83896,20.81345,23.86574,20.94977,26.33568,32.6219,33.79403,1
77,23.81037249,34.88887,20.93823,28.53057,24.17727,29.66097,32.45693,33.3075,30.4897,31.43233,32.31029,32.96794,30.82985,21.03956,20.98689,21.03643,21.03226,32.64106,30.53004,34.21952,20.98438,21.04606,20.98587,21.16929,27.686,31.2021,21.32133,33.23974,31.14941,33.96754,21.11217,20.9865,21.02762,21.01461,24.5981,31.45605,34.21198,33.16377,1
78,30.50196482,30.91652,27.23155,26.55231,27.66844,29.54866,30.30816,32.36545,31.65084,31.67693,31.82967,33.59066,31.17307,21.03956,20.98689,21.03643,21.03226,25.5487,29.69833,32.61791,20.98438,21.04606,20.98587,26.54209,29.62359,28.71065,27.62134,30.75608,30.3475,34.11777,21.11217,20.9865,21.02762,21.01461,20.94013,26.32075,31.9567,31.51508,0
79,24.68537088,32.20323,25.06854,25.75561,25.92346,30.02845,31.62911,32.62944,32.03385,31.90424,32.83296,32.51777,36.32668,25.79648,20.82256,20.77313,20.6434,28.51578,31.89871,35.015,20.92977,20.97631,27.74339,27.90456,32.92172,26.80851,19.11857,31.54302,33.54276,35.03133,26.19655,20.83896,20.81345,24.89999,20.94977,29.86794,31.89415,30.47287,0
80,27.16748183,33.64929,27.79529,26.45331,26.56504,32.18403,31.05336,33.30473,32.92551,32.99587,32.40371,33.55307,33.09716,25.53478,25.05143,22.91735,20.6434,27.99781,27.58031,34.48831,20.92977,20.97631,25.73138,24.41268,30.21749,32.62553,27.25285,31.25072,31.71976,34.03611,23.10629,25.26639,20.81345,20.74443,20.94977,28.88297,32.68689,31.97258,1
81,33.83331945,34.82529,23.83439,21.38095,25.9719,31.02643,26.33408,33.33877,31.8302,30.98643,31.53724,34.60644,32.41972,30.10516,20.98689,21.03643,23.97626,30.57549,31.05122,27.91325,20.98438,21.04606,20.98587,21.16929,30.63996,23.67965,21.32133,32.17821,31.39086,29.6516,24.05654,20.9865,21.02762,21.01461,20.94013,32.17952,31.70563,33.3075,1
82,20.75960849,32.95183,20.93823,21.38095,27.30324,24.21675,29.98727,33.02828,28.74006,31.52116,32.74708,34.63922,31.46833,21.03956,20.98689,21.03643,21.03226,29.8166,21.81965,30.11388,20.98438,21.04606,20.98587,21.16929,30.31411,20.71618,21.32133,31.5861,29.52602,31.21479,21.11217,20.9865,21.02762,21.01461,20.94013,28.2777,34.79074,29.93386,0
83,30.79696417,32.83649,25.6869,26.71297,26.89665,30.99684,31.55769,33.35043,31.59553,32.00301,32.27608,33.3972,30.94825,21.03956,20.98689,21.03643,21.03226,30.32284,28.81111,32.36155,20.98438,21.04606,25.13478,27.49733,30.44471,27.8096,28.04897,30.49605,29.32689,35.13859,24.29137,20.9865,21.02762,21.01461,20.94013,29.28704,33.17874,28.91574,0
84,29.46613386,33.6083,27.07807,26.57898,28.36143,30.34054,32.96486,32.90213,31.64254,32.42925,31.7039,33.94534,31.09972,21.03956,20.98689,21.03643,25.17287,28.93127,29.49699,32.69222,20.98438,21.04606,20.98587,26.97949,30.90513,29.49626,27.49842,31.54568,31.50469,33.66156,26.18801,20.9865,21.02762,21.01461,20.94013,30.15082,33.27916,32.45804,0
85,20.75960849,30.68664,20.93823,27.96172,30.56006,31.08823,33.77111,34.20894,33.3799,31.49453,31.12268,33.21225,31.87208,21.03956,20.98689,21.03643,21.03226,29.72354,30.50741,33.58904,20.98438,21.04606,20.98587,21.16929,27.28077,20.71618,21.32133,31.87248,29.93307,33.28932,28.16235,20.9865,24.37201,21.01461,20.94013,21.27774,32.06541,30.35553,0
86,29.65324933,33.44414,26.91217,25.51848,29.03221,31.41679,32.72776,32.25697,31.15843,32.006,32.36663,33.31248,31.00626,21.03956,24.87031,21.03643,21.03226,29.22962,30.61399,31.8817,20.98438,21.04606,20.98587,21.16929,31.29919,27.33539,28.60389,31.31174,29.93698,33.78068,25.84091,20.9865,21.02762,21.01461,20.94013,29.63038,33.05065,30.17399,1
87,31.30136248,32.60474,26.54849,27.13391,29.25079,30.88027,33.56127,31.62862,30.78909,31.73336,32.17036,32.77516,31.14162,21.03956,20.98689,21.03643,21.03226,29.20087,29.84089,33.35137,20.98438,21.04606,30.09992,26.38072,29.65696,28.90079,25.55784,31.14418,30.87616,34.34221,27.21312,20.9865,21.02762,21.01461,20.94013,31.96958,33.75023,32.57201,0
88,29.08296276,34.41059,26.76808,25.48631,26.92512,31.9994,32.02528,31.13539,31.78167,32.34942,32.19512,32.55675,31.42842,20.39846,20.82256,24.50073,20.6434,29.50636,24.11193,33.20905,20.92977,20.97631,20.05889,19.47125,29.02417,29.4471,28.2672,32.64466,31.22118,33.31264,20.34962,20.83896,20.81345,20.74443,20.94977,33.2746,34.14965,29.57128,0
89,32.73004157,35.09316,27.40674,27.2306,26.24717,30.61745,31.54627,33.31454,30.93497,30.65537,31.70677,32.96194,32.48925,23.63131,20.98689,21.03643,21.03226,29.7294,30.78359,32.69261,20.98438,21.04606,20.98587,24.50567,30.9313,30.2106,21.32133,32.00385,31.78143,34.21602,21.11217,20.9865,21.02762,21.01461,20.94013,32.78721,34.33931,31.66321,1
90,32.7956167,31.07301,26.65194,25.37749,30.15341,31.10353,33.06812,32.36264,32.99322,32.99708,31.38886,33.53895,32.14776,20.39846,20.82256,20.77313,20.6434,29.16517,29.0203,32.83511,20.92977,20.97631,23.76138,26.30358,30.3914,28.42987,26.57937,32.60188,31.73556,33.32223,27.76887,20.83896,20.81345,20.74443,20.94977,33.10123,33.33523,31.84392,1
91,27.44712214,32.72595,25.88304,27.09667,25.55294,29.57624,31.31337,33.09459,30.68187,30.93127,32.0789,32.07995,31.59643,21.03956,20.98689,21.03643,21.03226,27.61262,28.63778,35.25128,20.98438,21.04606,27.11535,23.72183,30.91791,27.44708,27.44868,32.41158,30.17317,34.82666,21.11217,20.9865,21.02762,24.65357,20.94013,29.36834,33.14129,30.48124,0
92,30.05752283,33.68009,25.36003,25.95051,26.82676,31.13876,32.36474,33.61815,30.94083,32.38862,31.77722,33.52254,30.8867,21.03956,20.98689,21.03643,21.03226,28.30644,30.26785,32.4272,20.98438,21.04606,26.38252,21.16929,32.2398,29.54658,26.92494,31.10913,29.77017,33.68587,21.11217,20.9865,21.02762,23.5167,20.94013,29.10549,32.45767,30.85513,0
93,30.01734593,33.11679,24.4425,25.15944,27.38397,30.82268,31.1422,33.53943,31.56274,31.69338,31.91042,33.70956,30.48162,27.40628,23.49021,23.7297,21.03226,28.71711,29.09351,31.97298,20.98438,21.04606,20.98587,25.04349,31.33164,28.78792,28.57025,30.50352,30.28313,32.66001,21.11217,20.9865,23.83079,21.01461,20.94013,30.86872,34.35892,32.01599,1
94,27.68381565,33.11752,25.65761,25.86166,23.98961,31.31931,29.77386,33.41519,32.11379,30.49811,32.36376,34.71024,32.18471,20.39846,20.82256,20.77313,20.6434,22.42004,27.10887,34.33359,20.92977,20.97631,20.05889,19.47125,30.91869,27.39018,29.73809,29.95532,31.09949,32.14331,20.34962,20.83896,20.81345,20.74443,20.94977,24.24059,33.63736,32.68241,1
95,24.77807651,33.33036,20.93823,23.80789,21.23672,31.83474,27.73588,33.33805,31.43729,31.38533,32.27729,33.34063,32.73582,21.03956,20.98689,21.03643,21.03226,28.11156,21.81965,32.8215,20.98438,21.04606,26.05385,21.16929,29.04122,29.41594,28.22546,31.02553,30.14232,33.46872,21.11217,20.9865,21.02762,21.01461,20.94013,23.79973,33.05494,32.60224,0
96,29.27707871,33.43157,27.7765,27.50015,30.61111,31.55582,35.18176,32.86225,32.41115,33.96762,32.47737,33.25553,30.84184,21.03956,20.98689,23.51591,21.03226,33.07908,31.00274,31.9094,20.98438,21.04606,20.98587,28.49355,28.50879,27.76091,21.32133,32.11353,30.69475,35.77051,27.05388,20.9865,21.02762,27.18107,20.94013,30.66224,33.46807,32.30603,0
97,24.41339848,29.91733,23.67271,26.18723,27.53013,31.2233,32.49379,33.7663,32.96602,32.35396,31.07365,33.40678,31.707,20.39846,20.82256,20.77313,20.6434,29.85658,28.42041,32.41549,20.92977,20.97631,24.68834,24.45614,31.4244,27.80741,25.94132,31.1355,30.79875,33.2236,24.06389,20.83896,20.81345,20.74443,20.94977,25.37465,32.41369,31.21118,1
98,28.07846237,30.35164,25.81277,27.58672,29.7611,30.78871,33.26801,30.80682,31.27884,32.02038,32.77963,32.71108,31.4756,20.39846,22.93757,20.77313,23.26159,29.73004,31.03977,31.93651,20.92977,20.97631,20.05889,25.85984,33.30842,26.47323,19.11857,31.97943,29.82519,35.61575,24.83054,20.83896,20.81345,25.96533,20.94977,31.93342,33.2449,34.32126,1
99,29.43229849,33.09599,26.24941,25.25532,29.13348,31.21782,32.5319,32.65887,31.68373,32.04618,31.99424,32.77372,31.49736,23.57678,20.98689,21.03643,21.03226,30.22718,29.64917,32.26658,20.98438,21.04606,24.96762,21.16929,28.35118,29.06872,29.3102,31.29996,30.79014,33.98244,24.21256,20.9865,21.02762,23.67719,20.94013,25.62673,33.41929,31.53826,0
100,30.44495892,33.23765,24.58859,24.8063,29.4825,30.74841,32.76027,31.16255,32.14233,32.8281,32.03338,33.13999,30.57015,24.93674,20.98689,21.03643,21.03226,29.3202,29.49015,31.97382,20.98438,21.04606,27.80142,21.16929,29.85748,29.01505,26.64678,32.40698,30.96012,33.60492,21.11217,20.9865,21.02762,23.09614,20.94013,28.94428,33.55035,32.05923,1
101,30.05664177,32.97504,26.64388,26.30294,28.62999,29.9495,32.27229,31.94736,32.72549,32.46125,32.02867,33.29675,31.8311,24.11221,22.74988,20.77313,20.6434,29.48345,29.04122,33.06019,20.92977,20.97631,23.27254,25.55645,29.30292,31.92068,25.31421,31.27182,30.87605,34.15743,25.25331,20.83896,20.81345,24.1841,23.02665,21.47271,32.88236,32.15259,1
102,30.14508029,32.68748,26.06441,25.55097,29.83315,29.86654,33.16165,33.12233,30.88845,32.24003,31.32397,33.96019,30.84217,26.11212,20.98689,21.03643,21.03226,28.44169,30.70873,32.47464,20.98438,21.04606,23.13037,24.93317,30.36828,28.05684,21.32133,32.47057,31.34115,32.74052,26.68362,20.9865,21.02762,21.01461,20.94013,32.15253,34.17168,31.01453,1
103,29.92836681,32.5859,25.63633,26.72683,27.10377,30.27127,32.54886,34.23187,32.34966,31.81934,32.59714,32.7514,31.99484,21.03956,20.98689,26.6822,21.03226,28.14295,29.14444,33.63892,20.98438,21.04606,26.70834,21.16929,31.44685,28.82484,24.5338,31.59448,31.55419,34.73551,21.11217,20.9865,21.02762,21.01461,20.94013,32.85413,32.76058,31.51134,0
104,30.40889316,33.31665,26.59146,25.9776,27.60253,31.21839,33.25224,32.68118,32.94208,32.26363,32.09536,33.3293,32.21946,24.10783,20.98689,21.03643,21.03226,30.32009,30.14097,32.97886,20.98438,21.04606,27.03067,25.00025,29.03859,29.95144,21.32133,31.55162,30.97237,34.28939,21.11217,20.9865,21.02762,21.01461,20.94013,21.27774,32.95815,30.87527,1
105,28.51025554,32.99189,25.30911,24.79844,27.3967,31.13349,32.79705,32.58568,31.08994,31.33923,31.70719,33.01709,30.76596,24.64345,20.98689,25.6532,25.95751,29.70436,29.19093,32.43406,20.98438,21.04606,26.85295,26.06631,29.56935,28.21275,24.67401,30.48427,30.55068,33.39711,26.76464,25.21784,21.02762,23.08897,20.94013,30.40971,32.70367,31.20592,0
106,29.32474986,33.53205,26.58002,26.10244,28.4242,31.59676,32.61674,33.07933,31.89885,32.57887,33.04152,33.2931,31.97158,21.03956,20.98689,21.03643,21.03226,29.40867,30.42392,32.99922,20.98438,21.04606,27.65551,27.16712,30.67131,31.57817,21.32133,31.06959,30.74466,34.99207,21.11217,20.9865,23.72024,21.01461,20.94013,30.32392,32.61237,32.40306,0
107,32.93103672,33.62555,25.42784,26.68388,26.62685,31.66139,32.32486,32.7747,31.23451,31.63416,32.58511,34.47627,31.37395,21.03956,20.98689,21.03643,21.03226,28.45802,30.72597,32.71115,20.98438,21.04606,20.98587,21.16929,28.18496,30.3934,21.32133,31.3663,29.14284,33.52236,24.38879,20.9865,21.02762,21.01461,20.94013,27.99282,32.44882,32.2532,1
108,31.60135806,31.53623,26.0412,26.36427,27.84051,32.77701,33.84748,32.06048,33.36426,33.05667,32.77449,32.82765,32.97791,21.03956,20.98689,21.03643,21.03226,30.93268,28.3248,34.02057,20.98438,21.04606,25.67111,27.27486,28.37934,28.65323,29.18703,32.66716,31.41821,35.62808,21.11217,20.9865,21.02762,25.35612,20.94013,30.7795,32.58083,33.26678,0
109,30.10659032,33.77253,25.94145,25.88203,23.70987,31.97917,30.37894,33.69225,32.80668,33.1201,32.01977,33.20121,32.70229,24.36876,20.98689,21.03643,21.03226,27.80514,28.32919,33.93644,20.98438,21.04606,25.37742,24.40627,31.18193,27.86006,21.32133,30.0799,30.92623,34.88168,24.53257,24.24348,23.69431,21.01461,23.32196,21.27774,33.5197,32.41548,0
110,30.10909158,33.96388,26.76808,25.86166,29.1218,30.40842,35.12054,33.49099,31.78865,32.48198,32.012,33.30456,32.88201,20.39846,23.99802,20.77313,20.6434,29.91378,29.49438,34.11959,20.92977,20.97631,20.05889,25.84732,30.26751,28.54912,25.16414,33.35188,31.3882,34.34694,28.65586,22.93507,20.81345,20.74443,23.48547,30.73038,32.37595,31.21723,1
111,29.77056656,34.27698,28.67858,28.73744,26.58088,31.50053,33.30762,32.88549,31.68902,32.41984,32.92157,32.0132,31.98716,21.03956,20.98689,21.03643,21.03226,30.65782,29.01882,34.58566,20.98438,21.04606,20.98587,21.16929,30.00524,29.1712,26.1972,32.05721,31.61042,35.18831,21.11217,20.9865,26.78997,21.01461,20.94013,33.02134,32.83056,32.59519,0
112,31.28133389,33.21786,24.85868,25.09658,28.01154,32.38512,33.17235,32.43217,31.40522,32.34569,31.23331,33.74382,31.5026,24.64952,20.82256,20.77313,20.6434,28.61804,29.22537,33.61419,20.92977,20.97631,24.49693,22.53463,29.50025,28.58199,27.44598,31.81679,30.91451,33.34998,20.34962,20.83896,20.81345,20.74443,20.94977,29.98327,32.4789,31.17094,1
113,28.22960493,33.42346,27.05352,25.2721,27.42043,30.76353,30.8017,33.06599,31.4159,32.06381,31.54647,34.54922,31.15527,25.14294,20.98689,21.03643,25.2475,28.68872,29.12685,33.3172,20.98438,21.04606,20.98587,21.16929,31.78469,29.87936,25.56298,31.33819,32.10278,32.68241,21.11217,20.9865,21.02762,21.01461,20.94013,26.21965,33.29434,31.64734,0
114,30.80118347,32.34094,27.09601,26.34197,25.22245,31.77285,33.04015,31.6148,31.37316,32.06593,32.84422,32.5917,32.04851,25.06442,20.98689,21.03643,21.03226,28.60546,29.41613,33.64991,20.98438,21.04606,20.98587,29.37436,30.56858,24.49663,21.32133,32.48954,30.15381,34.6462,27.04537,20.9865,21.02762,21.01461,20.94013,32.37451,33.27771,31.66606,1
115,29.4311416,33.26659,25.45774,26.36057,27.56523,30.54125,30.99939,31.91278,31.50259,30.95563,32.46367,34.32969,30.93554,21.03956,20.98689,21.03643,23.56744,27.81955,27.36267,32.94336,20.98438,21.04606,20.98587,21.16929,31.09355,28.36132,28.17116,31.69188,30.23563,32.64784,21.11217,20.9865,21.02762,21.01461,23.29378,28.65156,32.26624,31.66195,0
116,27.25246548,31.26848,24.52568,23.97129,26.63556,30.81429,29.9413,30.66576,29.69776,31.38948,31.3422,32.83915,31.55355,20.39846,20.82256,20.77313,22.92643,31.85183,29.36892,28.74925,20.92977,20.97631,24.69655,24.94557,30.62298,26.67577,19.11857,30.69979,30.46263,33.00885,20.34962,27.90452,26.45255,20.74443,27.72556,29.03573,32.57321,31.00684,0
117,31.91049144,33.00676,25.14283,27.35544,31.12045,30.64388,34.04279,32.15164,32.18715,32.722,31.53833,34.16724,32.11162,20.39846,20.82256,20.77313,20.6434,30.86591,32.17109,32.25464,20.92977,20.97631,20.05889,24.57751,31.75238,28.38047,24.31425,33.23191,30.62233,34.04387,25.74459,20.83896,20.81345,23.21192,20.94977,33.43211,33.23492,31.36402,1
118,30.85764186,32.09043,26.50794,25.54103,26.69459,31.01332,29.46295,31.5672,31.05164,32.34046,32.81776,33.64302,32.48713,21.03956,20.98689,21.03643,26.23217,28.57043,29.80799,33.0524,20.98438,21.04606,32.1298,21.16929,29.40002,29.18199,21.32133,31.30444,30.91689,34.12848,21.11217,20.9865,21.02762,21.01461,20.94013,30.87249,32.74173,29.33086,1
119,28.12086235,27.06721,27.6418,24.5135,21.23672,31.32345,31.95209,31.48286,30.86142,32.3447,32.9707,33.34785,31.29729,21.03956,20.98689,21.03643,21.03226,20.96932,26.65815,33.46053,20.98438,21.04606,28.67344,23.5745,28.39237,30.84808,21.32133,32.05691,30.03946,34.21488,21.11217,20.9865,21.02762,21.01461,20.94013,33.59366,31.95,29.23329,0
120,36.3834914,32.28141,27.09659,26.63682,26.56715,31.60536,32.47306,30.81986,31.17918,31.77861,31.56442,33.94119,31.34351,28.03019,20.82256,20.77313,20.6434,28.18461,28.28478,31.60792,20.92977,20.97631,20.05889,19.47125,28.3691,27.49178,25.66735,31.93109,31.78386,32.92096,23.4191,20.83896,20.81345,20.74443,20.94977,32.19762,32.92922,33.19367,1
121,30.45098258,32.92586,26.15963,26.14744,28.74861,30.61231,32.89407,32.39982,31.12864,32.3507,31.78593,32.88133,30.53447,25.90958,20.98689,21.03643,21.03226,29.23581,29.96241,32.61108,20.98438,21.04606,26.25864,24.17287,28.73913,28.18694,28.69484,31.04013,29.94913,34.29823,25.18284,20.9865,24.32612,24.2564,20.94013,31.11982,32.42696,32.10111,1
122,28.96024241,33.27846,26.92629,24.80811,24.9952,31.42528,31.72796,33.728,32.00271,30.92232,32.6367,33.19613,32.12807,20.39846,20.82256,23.88216,20.6434,27.20628,28.4841,32.26026,20.92977,20.97631,25.00211,19.47125,31.64226,27.84035,28.81781,30.88158,30.55642,33.30097,20.34962,20.83896,20.81345,20.74443,20.94977,29.15001,33.00701,30.79343,0
123,29.13435092,34.1081,27.2285,26.51637,29.04504,30.42297,33.13267,33.11927,30.33415,31.49285,32.33683,33.07174,30.35529,24.00032,20.82256,22.81631,20.6434,30.08242,29.698,35.01316,20.92977,20.97631,20.05889,25.09437,29.78147,26.76401,25.20909,32.47762,29.97858,32.80964,20.34962,20.83896,23.96791,20.74443,20.94977,32.34403,32.87887,32.54934,1
124,29.75046745,31.53065,25.38143,25.59718,26.81033,31.28178,33.0724,34.06438,31.85998,32.0224,33.07883,32.06784,30.21929,22.98487,20.82256,20.77313,20.6434,31.10463,25.63577,32.59158,20.92977,20.97631,25.96353,19.47125,26.37198,26.70824,28.39611,32.46924,30.00205,34.10596,24.80494,20.83896,20.81345,25.10427,20.94977,30.3429,32.69973,30.19009,1
125,28.55453493,31.62527,25.05752,25.60291,27.75871,29.73505,31.76329,32.86486,30.39545,31.78361,30.56616,34.74747,30.6813,20.39846,20.82256,20.77313,23.19246,28.52078,30.27647,30.84708,20.92977,20.97631,20.05889,25.36992,30.55953,29.06838,25.93876,31.02714,30.9177,33.64419,24.02049,20.83896,20.81345,20.74443,20.94977,30.7513,33.63626,30.8396,0
126,29.48466847,32.80744,26.71024,29.0504,21.23672,30.07281,27.61551,29.31603,31.50251,30.66811,31.85062,31.72164,34.80118,21.03956,20.98689,21.03643,21.03226,23.8692,26.2122,33.5356,20.98438,21.04606,20.98587,29.46377,26.83049,29.9131,28.47342,32.64796,31.87201,36.75667,21.11217,20.9865,21.02762,21.01461,23.67743,24.10605,34.03956,32.09385,0
127,30.03925958,34.16107,25.70318,25.57363,28.92343,31.31137,31.11028,32.70262,31.39927,32.1711,32.49397,33.40903,31.79339,21.03956,20.98689,21.03643,21.03226,28.4168,30.87557,32.92661,20.98438,21.04606,26.19021,21.16929,29.24499,29.38937,24.96817,31.26742,31.38896,33.39665,21.11217,20.9865,21.02762,21.01461,20.94013,21.27774,32.27905,32.0425,0
128,30.95202022,32.50147,25.1939,25.41759,28.20663,29.97979,32.55516,32.7907,31.09686,31.68526,31.83988,32.97734,31.26307,25.08528,20.82256,20.77313,20.6434,29.55775,30.02909,32.57834,20.92977,20.97631,30.78279,24.99119,30.10672,28.17972,19.11857,32.13564,31.15387,33.37347,24.10883,24.93694,20.81345,20.74443,20.94977,32.48067,33.30871,32.57058,1
129,27.32240427,32.40115,28.53133,27.93356,30.24744,30.50657,32.06867,31.32012,31.91954,30.0469,33.49504,32.89702,31.00214,21.03956,20.98689,21.03643,25.60763,27.89494,29.79061,32.51985,20.98438,21.04606,20.98587,29.04448,31.30925,27.14669,21.32133,30.91163,29.80642,34.71453,21.11217,20.9865,21.02762,21.01461,20.94013,24.78517,33.03495,32.43587,0
130,29.74747448,35.19746,27.8504,26.75215,30.05278,30.41727,34.33342,33.17964,31.88586,33.06036,32.2741,33.10642,31.31909,21.03956,20.98689,21.03643,21.03226,29.76009,28.85916,33.70635,20.98438,21.04606,20.98587,21.16929,28.8117,30.35237,27.74084,31.70214,29.06201,35.13778,21.11217,20.9865,21.02762,21.01461,20.94013,32.12225,33.14104,32.88173,0
131,28.64855578,33.48252,28.5362,26.88252,25.01527,31.19974,31.92849,32.67655,31.94165,31.75793,32.60478,32.47818,32.49492,29.10948,20.98689,21.03643,21.03226,28.1709,29.94302,34.75591,20.98438,21.04606,24.70446,21.16929,28.26842,29.67039,21.32133,31.71903,31.27141,34.66251,21.11217,20.9865,21.02762,21.01461,20.94013,32.55853,32.78146,33.416,1
132,28.15675517,33.83893,24.97642,24.34075,28.87077,30.24242,32.30822,34.03166,31.21143,31.66963,30.67578,33.49071,31.03397,21.03956,20.98689,21.03643,21.03226,28.24377,30.19692,32.84246,20.98438,21.04606,20.98587,28.70544,30.02874,28.44895,21.32133,31.14376,30.46234,33.17749,24.3189,20.9865,21.02762,21.01461,20.94013,30.1367,32.31792,29.32707,0
133,28.22428744,34.13704,20.93823,26.41214,27.95665,31.85363,32.44094,32.80477,33.05578,31.95066,32.29348,34.01133,32.93442,21.03956,20.98689,25.65467,21.03226,28.57495,28.98247,32.70013,20.98438,21.04606,20.98587,21.16929,30.16146,31.52503,24.52552,31.74746,31.72964,33.49721,21.11217,20.9865,21.02762,21.01461,20.94013,21.27774,32.94135,32.64936,1
134,30.04212555,33.18389,24.77446,23.40737,21.23672,30.6711,30.62191,33.04585,33.02382,30.7061,31.90834,33.52281,32.88535,21.03956,20.98689,21.03643,21.03226,28.54469,25.07453,33.87896,20.98438,21.04606,20.98587,21.16929,31.37703,27.66197,28.51363,31.2268,31.45312,33.63871,21.11217,20.9865,21.02762,21.01461,20.94013,29.76276,32.99224,31.77646,1
135,31.97261083,34.86251,24.74222,21.38095,28.95065,30.41959,30.26034,35.47093,29.80684,30.61049,30.83841,34.73783,29.10671,21.03956,20.98689,21.03643,21.03226,20.96932,30.61342,32.39389,20.98438,21.04606,25.90488,21.16929,32.51018,25.75207,21.32133,31.9172,31.54766,31.58758,21.11217,20.9865,21.02762,21.01461,20.94013,23.67031,33.48824,29.44491,1
136,32.58511454,32.49767,26.36519,26.26182,29.08515,31.13918,32.63748,32.40852,31.58702,32.24848,31.8554,33.52896,31.68306,24.86015,20.98689,21.03643,24.95701,29.08443,29.01535,31.96827,20.98438,21.04606,20.98587,25.7627,29.56661,27.33703,27.24437,31.54656,31.0784,33.30399,27.533,20.9865,21.02762,21.01461,20.94013,31.43496,32.80731,33.01452,1
137,28.65394574,34.5404,25.96894,23.38013,27.37736,31.42754,30.65133,33.44625,31.3586,31.37598,31.1699,33.9564,30.82046,20.39846,20.82256,20.77313,20.6434,28.06725,28.256,33.01955,20.92977,20.97631,20.05889,19.47125,31.76857,29.25252,28.10563,30.75422,31.7884,32.7285,24.20919,20.83896,20.81345,20.74443,20.94977,29.07595,33.25228,32.62894,1
138,28.50571466,33.96958,26.50256,26.79848,29.73327,30.69151,32.60092,33.38757,30.97151,31.92231,31.69879,33.75108,30.0992,27.58766,20.98689,24.29557,21.03226,30.08077,29.91285,33.97744,20.98438,21.04606,24.9372,27.05299,29.13427,27.59104,28.19378,31.54279,30.9532,33.49944,25.82198,20.9865,21.02762,25.26942,20.94013,32.36668,33.66044,31.48024,1
139,30.28424305,33.38113,26.01442,26.20336,27.76878,30.67055,32.42287,32.01752,31.21173,32.01658,31.03601,33.99492,32.34634,20.39846,20.82256,20.77313,22.33226,26.99587,28.84262,31.90733,20.92977,20.97631,20.05889,24.31146,31.44752,30.20407,28.73324,31.23019,30.97295,33.70337,20.34962,20.83896,20.81345,20.74443,24.71159,29.18416,32.6315,32.87166,1
140,29.7969366,33.68783,20.93823,21.38095,30.65229,27.96346,31.43715,32.95395,31.58141,32.93418,31.74909,34.10008,29.27517,21.03956,20.98689,21.03643,21.03226,33.01417,30.97166,33.14293,20.98438,21.04606,24.62105,21.16929,29.63706,30.15997,29.99561,30.95596,30.69236,33.1214,21.11217,20.9865,21.02762,21.01461,20.94013,30.5528,33.73898,25.092,1
141,20.75960849,34.60164,28.73394,26.82138,29.53011,31.16412,34.43816,34.50437,31.69448,32.60522,32.3142,33.30695,30.96682,21.03956,20.98689,21.03643,21.03226,30.03349,30.12096,33.07264,20.98438,21.04606,20.98587,28.88706,22.95544,27.95035,21.32133,31.30859,31.52557,34.5265,21.11217,20.9865,21.02762,21.01461,20.94013,30.72787,33.7969,32.62886,0
142,31.23975662,31.00314,26.08926,25.20321,27.79589,29.03762,29.60618,32.34956,31.45728,31.2111,31.59852,34.00911,30.22333,21.03956,20.98689,21.03643,21.03226,30.61959,29.94557,32.01992,20.98438,21.04606,27.73561,21.16929,29.34844,27.56535,21.32133,30.42581,31.3237,33.25248,21.11217,20.9865,23.52341,21.01461,20.94013,32.36946,33.54052,30.20922,1
143,32.0770267,32.13433,27.52123,25.67485,25.38475,30.38408,30.99371,31.86096,30.79349,32.38434,31.11989,33.3338,30.08417,20.39846,20.82256,23.66604,23.23025,27.99591,31.0872,32.29589,20.92977,20.97631,25.77862,23.79901,30.43075,27.36803,19.11857,30.74737,30.12021,33.79371,20.34962,20.83896,20.81345,25.5644,20.94977,26.45189,33.62174,30.61311,0
144,27.22383745,34.04856,23.33544,18.70491,28.36497,29.28864,31.99362,34.09626,31.14511,31.55816,30.50197,33.6777,30.75848,20.39846,20.82256,20.77313,20.6434,27.10272,30.15336,32.93094,20.92977,20.97631,20.05889,28.79455,29.98581,28.64399,24.68404,31.12773,30.33153,33.05887,24.80709,20.83896,20.81345,20.74443,20.94977,29.12317,31.84873,26.56502,1
145,20.75960849,21.06327,20.93823,24.19343,21.23672,31.72673,34.52969,29.16087,33.01171,32.80741,32.04266,33.46571,29.94268,21.03956,20.98689,21.03643,21.03226,29.18239,23.87525,33.60319,20.98438,21.04606,20.98587,21.16929,29.48293,30.71635,21.32133,32.45224,30.44263,34.61061,21.11217,20.9865,21.02762,21.01461,20.94013,33.3271,33.26355,30.76736,1
146,33.7327391,32.8686,25.78467,26.26033,27.68743,29.76652,31.79289,33.68724,31.2292,31.84231,31.48043,34.59194,30.59663,25.08883,20.82256,20.77313,23.39353,27.43364,27.95821,32.1577,20.92977,20.97631,25.37426,19.47125,31.2436,30.1359,29.48476,31.56013,31.92525,32.4745,25.26826,20.83896,20.81345,20.74443,20.94977,30.38654,32.79949,31.68162,1
147,31.00074278,31.92481,23.97883,26.91645,30.94633,30.36723,33.99794,32.8352,31.69757,32.76994,31.81127,34.51312,29.46251,24.48197,20.82256,20.77313,24.99686,31.60268,31.77049,31.36413,20.92977,20.97631,24.73619,27.34422,30.05283,27.53151,22.82955,32.69443,30.35558,33.95368,28.47734,24.59755,23.81391,20.74443,20.94977,29.45863,32.84096,29.54785,1
148,24.45798934,33.16021,26.02363,26.34771,29.36634,29.37901,33.23986,34.94737,31.26731,31.97623,32.22911,33.23874,30.7559,21.03956,20.98689,21.03643,25.47097,20.96932,30.412,34.32351,20.98438,21.04606,20.98587,29.25242,28.90676,22.75669,29.6666,31.6839,30.91428,33.36058,21.11217,20.9865,21.02762,21.01461,20.94013,31.69148,31.5831,30.24355,1
149,28.62471112,30.21897,24.16643,27.00839,29.96598,29.21053,32.45759,30.88097,29.8653,31.61304,31.70669,32.95374,31.58296,27.51006,25.02234,23.1846,25.02786,28.84455,28.21656,31.13127,20.92977,20.97631,27.73292,23.07879,28.76019,31.15231,23.58522,31.86413,30.01033,34.45538,26.4157,20.83896,20.81345,20.74443,20.94977,28.59096,33.61505,32.5378,1
150,30.11428443,31.91578,25.65198,27.81976,27.19427,31.14684,31.22397,31.45081,30.79685,31.01685,32.38455,32.36627,29.65571,21.03956,20.98689,21.03643,21.03226,27.27537,28.81474,30.93485,20.98438,21.04606,20.98587,21.16929,31.61665,26.9991,21.32133,30.88766,30.30829,33.96633,24.0924,20.9865,21.02762,25.2644,20.94013,29.31989,33.44962,31.35585,1
151,26.01667365,34.01227,22.86005,27.86116,15.36077,33.3241,31.68211,33.68538,31.28999,30.98698,33.0328,31.04307,32.12371,27.4395,20.82256,20.77313,20.6434,26.07879,26.51507,35.02635,20.92977,20.97631,30.11812,19.47125,18.46718,24.86061,19.11857,31.15637,31.71659,35.72043,20.34962,20.83896,20.81345,20.74443,24.0449,29.22541,32.03186,30.05723,1
152,32.18118419,32.78932,25.68186,25.83218,25.27574,30.24993,32.38779,32.1511,31.23338,31.41917,32.24702,32.71348,30.30952,21.03956,20.98689,21.03643,21.03226,27.63165,28.88585,32.08422,20.98438,21.04606,20.98587,28.12837,29.78996,27.08971,25.53745,30.66391,29.92049,34.22407,24.12007,20.9865,21.02762,21.01461,20.94013,30.3356,35.37453,30.49569,0
153,29.14194979,32.85725,26.18111,26.49599,21.23672,30.23476,31.92627,31.64885,31.65678,30.63183,31.60541,32.96463,28.98513,28.82369,23.74031,21.03643,24.88302,20.96932,28.71168,32.8877,20.98438,21.04606,25.5175,25.97764,29.171,28.12547,21.32133,31.62314,29.43022,33.4524,21.11217,20.9865,21.02762,21.01461,23.694,30.40056,33.32968,31.34044,0
154,32.38734762,29.0902,26.00628,21.38095,21.23672,25.95371,34.23312,28.20751,31.54266,32.95418,30.7731,34.90904,32.74693,21.03956,20.98689,21.03643,21.03226,27.10409,28.99099,28.9466,20.98438,21.04606,20.98587,21.16929,31.23255,27.22807,21.32133,31.67328,32.9217,33.82002,21.11217,20.9865,21.02762,21.01461,20.94013,29.59476,34.98238,34.17315,1
155,29.46534269,33.89602,23.739,24.00908,28.9691,30.66362,31.76426,34.24772,30.83303,32.96473,30.30279,34.3292,30.84868,21.03956,20.98689,21.03643,21.03226,28.07534,29.90796,32.73957,20.98438,21.04606,20.98587,21.16929,32.10888,25.69651,21.32133,30.73109,31.33456,32.24407,21.11217,20.9865,21.02762,21.01461,20.94013,28.75099,34.20026,29.77483,0
156,31.02839207,31.68784,26.91005,26.23765,29.62183,30.71182,32.48589,31.65718,31.3983,32.40685,31.95299,34.04692,32.09619,24.95801,20.98689,21.03643,23.66792,27.29347,29.1327,32.38028,20.98438,21.04606,26.47653,25.49187,29.35021,30.90475,21.32133,31.78681,30.90698,34.1114,24.24343,24.5916,21.02762,21.01461,20.94013,25.13905,32.95658,32.64308,1
157,30.91140737,33.95714,26.52423,26.7926,29.1746,30.79516,31.73904,33.69535,31.04757,31.59023,31.80179,33.71104,31.18043,25.44229,20.98689,21.03643,24.12216,28.6728,29.80181,33.45376,20.98438,21.04606,23.91724,21.16929,29.34896,27.39772,21.32133,30.93743,30.54571,33.77951,21.11217,20.9865,21.02762,25.08243,20.94013,30.76825,32.68816,32.53215,0
158,28.52043222,33.41445,24.67039,27.45221,26.70757,31.11079,32.3068,32.39523,31.51207,32.12739,32.44508,33.01931,31.64905,26.1054,23.65705,20.77313,20.6434,29.51598,28.65611,33.25933,20.92977,20.97631,25.53696,25.14358,30.08805,29.27183,27.50929,31.68664,30.54816,35.03241,20.34962,20.83896,20.81345,20.74443,20.94977,28.77698,32.17395,32.00484,0
159,30.30557541,32.85723,24.82787,26.39995,26.32234,32.29348,27.80279,32.10583,32.10937,32.21792,33.12806,33.94905,29.83154,21.03956,20.98689,21.03643,21.03226,28.88477,29.67582,32.73027,20.98438,21.04606,27.25491,21.16929,29.89644,28.1991,27.07016,32.11095,29.10572,33.55293,21.11217,23.43565,21.02762,21.01461,20.94013,24.56484,31.35433,29.47084,1
160,30.37312481,33.352,28.84564,29.81253,26.93168,30.1493,28.54914,32.6723,32.47862,32.47829,33.23037,30.59246,32.38771,31.16995,20.98689,21.03643,21.03226,29.79069,21.81965,33.47371,20.98438,21.04606,25.68821,21.16929,24.55889,30.22142,21.32133,31.88709,30.23627,36.22114,28.76195,20.9865,21.02762,30.11617,23.84681,29.4447,32.54703,29.4217,1
161,27.63424072,31.83002,25.41214,26.45051,29.6369,30.81059,33.87979,32.55129,32.72214,32.28071,32.07993,33.69357,31.49975,28.50033,20.98689,21.03643,21.03226,30.97609,28.5451,31.91239,20.98438,21.04606,20.98587,27.67527,29.46319,30.32904,21.32133,32.61501,29.06928,33.55196,27.91158,20.9865,21.02762,21.01461,20.94013,31.29746,32.7322,31.75016,0
162,25.95475047,33.50644,26.29405,26.17604,25.05496,31.68354,31.26265,33.40586,32.81352,31.48333,32.52207,33.24979,31.54857,21.03956,20.98689,21.03643,21.03226,31.47064,29.21324,33.9229,20.98438,21.04606,23.89833,21.16929,31.71143,28.61989,21.32133,32.18904,31.38364,32.13072,21.11217,20.9865,21.02762,21.01461,20.94013,21.27774,33.27493,31.54797,1
163,27.87516115,34.40126,26.10403,26.28917,27.41594,31.36816,32.61572,34.1693,32.91039,33.79946,32.64563,32.8362,31.90407,20.39846,20.82256,20.77313,22.97209,28.66326,28.50088,33.83022,20.92977,20.97631,24.14624,26.58694,30.43504,30.089,28.23909,31.24737,31.15463,33.15202,20.34962,20.83896,20.81345,20.74443,20.94977,25.0644,33.62803,30.98568,0
164,30.32612298,33.67804,26.83906,26.57178,31.80307,31.30442,35.36143,30.85451,31.91568,34.28492,31.51239,34.73263,31.82576,21.03956,20.98689,21.03643,21.03226,30.91344,31.83618,31.71631,20.98438,21.04606,26.23634,27.59013,29.18471,29.19726,21.32133,33.36245,31.62836,34.25895,21.11217,20.9865,21.02762,21.01461,20.94013,25.39299,33.50415,31.06869,0
165,26.27523384,34.15343,26.18632,25.98525,26.41356,32.37184,30.90544,33.87323,33.01563,31.73657,31.89394,33.11249,32.95237,22.50866,21.43067,21.39308,21.98355,30.06065,27.42811,32.75266,21.11516,20.90645,29.45954,26.67884,27.99629,29.38114,27.52107,31.99759,32.11091,35.23823,26.40607,21.31293,21.09326,21.18281,21.37595,25.19205,33.11158,32.87817,1
166,32.61997336,32.3004,26.48839,27.98313,22.97275,30.90058,32.28558,32.1668,31.43395,31.40256,32.04298,33.71323,31.87665,22.50866,21.43067,21.39308,21.98355,24.06377,25.53385,32.52467,21.11516,22.42715,21.86117,21.19456,28.53973,28.31194,21.94019,32.10152,30.47325,32.33619,20.32437,21.31293,21.09326,21.18281,21.37595,24.21145,33.93739,31.09402,0
167,30.65005652,33.59397,21.76825,24.00682,28.45725,30.84622,33.26436,33.32063,32.46507,32.06078,32.50516,33.56281,32.80215,22.50866,21.43067,21.39308,21.98355,27.58136,28.73292,33.25536,21.11516,20.90645,21.86117,21.19456,29.49113,31.10892,27.84778,31.43805,31.91661,32.87854,24.8189,21.31293,21.09326,21.18281,21.37595,28.10961,32.65313,33.33922,1
168,29.20381638,30.81373,27.08391,25.04742,29.03989,31.26401,32.64948,28.90047,31.85628,32.07982,32.88303,33.40529,31.50111,22.50866,21.43067,21.39308,21.98355,28.88566,27.56111,31.49206,21.11516,20.90645,21.86117,26.73554,29.33414,27.83411,21.94019,32.37141,30.59642,35.16413,25.70942,21.31293,26.61024,21.18281,21.37595,28.80126,32.52524,32.22198,0
169,30.62535882,32.73877,27.09472,26.66199,30.03348,31.49599,32.58921,32.66379,32.46309,32.65332,31.95742,33.40239,31.87758,22.50866,21.43067,21.39308,21.98355,31.74027,28.24548,31.81328,21.11516,20.90645,21.86117,26.8313,28.86919,27.43155,21.94019,32.28134,30.81453,36.30152,20.32437,21.31293,21.09326,21.18281,21.37595,27.74826,32.74607,31.48531,0
170,32.89201337,32.49861,27.1664,28.59002,30.58927,30.2723,33.46197,33.10478,31.95903,32.54402,31.71396,33.71257,32.12243,22.50866,21.43067,21.39308,21.98355,30.34139,30.42783,33.37368,21.11516,22.79502,21.86117,26.95684,30.78724,33.19399,27.80529,32.55617,30.02199,33.88463,27.84837,21.31293,21.09326,21.18281,21.37595,26.61432,33.43603,31.41087,1
171,26.27523384,34.9139,28.07189,26.90984,22.97275,30.28804,33.81817,32.50215,30.54873,31.64067,30.95876,33.68772,31.14784,22.50866,21.43067,21.39308,21.98355,29.01744,30.10667,32.99321,21.11516,20.90645,21.86117,28.46392,32.35971,28.41467,21.94019,31.2151,31.49925,33.5708,25.38071,21.31293,21.09326,21.18281,21.37595,29.83049,32.43739,32.81093,0
172,26.27523384,32.70524,24.7092,23.48767,27.39593,30.58182,31.49716,32.1967,31.77064,32.56716,31.03181,33.35019,31.97045,22.50866,21.43067,21.39308,21.98355,28.33854,30.2577,33.26122,21.11516,20.90645,28.45047,21.19456,28.60403,27.00501,21.94019,30.85867,30.95425,34.02861,20.32437,21.31293,21.09326,21.18281,21.37595,29.76536,32.78194,31.15944,0
173,26.27523384,35.2224,21.76825,25.73606,22.97275,29.56475,31.11254,31.14734,30.88284,32.32546,31.21573,33.64292,31.5247,22.50866,21.43067,21.39308,21.98355,24.06377,30.3593,33.4186,21.11516,20.90645,21.86117,21.19456,29.18029,28.56322,21.94019,29.84053,30.91269,33.33572,20.32437,21.31293,21.09326,21.18281,21.37595,28.30555,33.37014,30.29949,0
174,26.27523384,32.38072,27.63744,25.93159,30.3776,31.07009,33.54157,31.15748,31.75242,33.04566,32.18669,33.89439,30.46702,22.50866,21.43067,21.39308,21.98355,30.97838,31.05682,31.60653,21.11516,20.90645,21.86117,27.05448,29.5993,23.4607,30.4299,32.21793,30.80452,32.96378,20.32437,21.31293,21.09326,21.18281,21.37595,31.21595,33.01181,29.71397,0
175,26.27523384,33.86758,26.10372,26.26795,29.25576,31.42463,33.68146,34.28411,31.93479,33.12489,31.67793,33.65701,32.02537,22.50866,21.43067,21.39308,21.98355,32.20563,31.16378,32.04115,21.11516,20.90645,21.86117,21.19456,27.11177,28.23641,21.94019,32.65069,31.11004,33.96364,25.159,21.31293,21.09326,21.18281,21.37595,31.18484,33.09731,32.00471,0
176,29.6437647,33.5812,26.78622,27.10293,22.97275,30.82689,26.57659,33.91039,31.93211,31.61476,30.92065,33.11909,32.39153,22.50866,21.43067,21.39308,21.98355,24.06377,27.90109,35.19907,21.11516,20.90645,28.63334,21.19456,28.18562,29.73978,21.94019,30.78125,31.55301,32.80839,20.32437,21.31293,21.09326,21.18281,21.37595,33.76553,32.92597,33.36054,0
177,32.25655763,31.42896,21.76825,26.01421,29.53775,27.72514,30.11127,34.06419,29.13034,29.95589,32.25546,30.5674,27.80202,22.50866,21.43067,21.39308,21.98355,29.43245,30.80729,30.07043,21.11516,20.90645,28.64344,21.19456,29.86562,26.90352,28.41101,30.27262,27.36919,33.87425,25.58961,21.31293,21.09326,21.18281,21.37595,29.72826,35.2711,27.34363,0
178,26.27523384,34.13379,26.74567,26.15839,28.98194,31.82216,33.03207,32.87564,32.10593,32.57213,31.51775,33.64414,31.80194,22.50866,21.43067,21.39308,21.98355,29.61769,31.39006,34.28636,21.11516,20.90645,21.86117,27.2702,31.91992,28.07768,21.94019,31.50886,31.82891,33.58358,20.32437,21.31293,21.09326,26.68332,21.37595,24.56089,33.08478,32.23764,1
179,31.82228667,32.24862,25.46541,22.81349,27.50438,31.74571,31.83385,33.71362,31.09448,32.49485,33.26265,33.66819,32.43816,22.50866,21.43067,21.39308,21.98355,29.22295,27.91162,34.24887,21.11516,20.90645,21.86117,21.19456,32.22575,28.90378,30.40263,30.97069,30.01069,34.20252,20.32437,21.31293,21.09326,21.18281,21.37595,29.86003,32.15581,32.35205,0
180,32.44302221,26.45839,26.21286,26.00386,29.33309,29.34334,32.18353,32.85734,30.93542,30.80994,32.82879,32.91448,29.38773,22.50866,21.43067,21.39308,21.98355,30.19296,27.74935,31.70974,21.11516,20.90645,28.9532,21.19456,33.85911,28.47077,28.03244,32.15284,30.86975,35.10128,26.59326,21.31293,21.09326,27.56092,21.37595,34.54019,32.88606,27.34363,0
