,Target,0,1,2,3,4,5,6,7,8,9,10,11,12,13,14,15,16,17,18,19,20,21,22,23,24,25,26,27,28,29,30,31,32,33,34,35,36,37,38,39,40,41,42
0,1,0.15399389,-0.16490367,-0.45228407,0.20674902,-0.8570821,-0.6031237,-0.47310293,-0.07551288,0.054750152,0.3501313,-0.501679,-0.32678092,-0.26817423,1.0838393,-0.28296092,-0.4871338,0.11362576,-0.3040562,0.30507055,-1.1482266,0.6536044,0.005489615,0.27887738,0.66009223,0.1099648,0.904774,-0.31881794,0.45249695,-0.057668794,-0.40551344,0.12185095,0.58805424,-0.9111819,-0.03760011,-0.12883204,-0.38506448,0.11669156,1.4902439,1.0595196,-1.2724407,0.11096016,-0.10100931,0.16190946
1,1,-1.3003322,-0.08044113,-0.8859111,-0.16843113,-0.52985746,0.18483272,-0.46402696,-0.36112487,0.12586445,0.27796373,-0.84993505,-0.24882443,0.34068176,0.114472635,0.19579755,0.16329008,-0.8219668,-0.92293584,-0.59097886,-1.3383666,-0.33934617,0.70994896,0.113333285,0.71678823,-0.3983389,0.6049189,0.4263244,0.18663317,0.95970994,0.07300571,0.3530925,0.7017634,-1.0694071,-0.44347993,-0.22219238,-0.44073978,-0.38855425,0.9973581,0.8166874,-1.1139027,0.36207187,-0.39789587,1.1888684
2,1,-0.87663746,0.5873831,-0.92541355,0.48830393,-0.18199071,0.18486838,-0.708685,1.0602965,0.21095814,1.4136304,-1.3045324,0.03743247,-0.34568512,-0.22464778,-0.26527572,-0.48226532,0.92503464,-0.103482716,-0.61669576,-2.0063252,-0.4046609,0.106960855,1.8874695,0.6242363,0.5042735,0.40098345,-1.6596704,-0.19915394,0.699252,-0.7167527,1.7747313,-1.2347827,-0.32807368,0.44040495,0.4417284,0.47929808,-0.4106737,-0.08288511,1.0637908,-0.7644435,0.86269426,0.3169165,1.7233272
3,0,-1.598357,0.09285397,-0.4734002,-0.009476364,-1.1070111,0.6992341,-1.5994563,-0.2206101,0.24735889,0.70278513,-0.73755395,-0.022938298,0.3701467,-0.5108801,0.5013844,0.2540323,-0.9771149,-1.1395462,-0.7213094,-1.8630556,-1.4551253,1.7293093,1.0367427,0.7521289,-0.581285,0.27155426,0.5935302,0.02882427,1.1577998,0.2048653,0.7516162,0.47930336,-0.8013489,-0.8780149,-0.76631546,-0.7257813,-0.12427754,0.62161666,1.0273306,-1.4337552,0.8824611,0.018590974,1.7875255
4,1,-1.7358356,0.20793855,-0.21175465,-0.7033829,-0.8028694,-0.27309877,-1.2679362,-0.06303096,-0.61248165,1.9206784,-0.41877583,-0.32463965,0.8495945,-0.5846825,-0.12701778,-0.4027039,0.9913029,1.444322,0.3718678,-0.26348332,-1.6642809,-0.16551845,1.3592482,-0.07119378,-0.6213469,0.9544549,-0.7663517,-0.8612359,-0.45611688,-0.32854655,2.1244898,-1.132544,0.4193,-0.67128164,1.1566292,1.3036649,0.9267942,0.740702,-0.010801558,0.0014320266,1.5001373,0.10097052,0.81267077
5,1,0.18806624,1.0206162,-0.3303078,-0.7127254,0.38874736,-0.81698185,0.13451402,0.4792561,-0.8920834,1.8138489,-0.072168164,-0.6028961,0.467768,-0.47292745,-0.036536194,-0.8131744,0.07967068,1.4179305,0.9919566,-2.286572,-0.16659808,-0.2478306,0.24912243,0.4280916,-0.04449811,1.1007177,-2.6743515,-0.28302574,1.0431218,-0.49389303,1.6877534,-1.275182,0.21901895,-0.12642106,1.8988777,0.8055799,0.54831946,1.6193037,1.4058632,-1.5394503,0.8431452,0.9121733,0.07739989
6,0,-2.1295652,0.41383928,-1.1208837,0.2600385,0.16295281,-1.1229845,0.07937526,-0.587482,0.006392285,0.19007295,-0.46872476,0.5753026,-1.0925571,0.4959516,-0.68659323,0.41430593,-0.1629459,-1.9520136,-0.820624,-2.1951354,-0.3596748,0.37990233,1.0932094,-0.6974024,-0.858489,-1.5345106,0.65212727,0.04418065,1.8976952,-0.02315052,0.36581063,0.19114567,-1.3966752,0.24681893,-0.11381906,-0.084791504,-0.09423594,1.0814238,1.0900584,-0.7416523,-0.42930478,0.26769492,1.2195793
7,0,-0.35905057,0.19932303,-1.4838442,0.0864467,-0.8107171,-0.522802,-1.1506368,0.27991554,0.0033915062,0.7600573,-0.046475105,-0.46725026,0.8410283,-0.24468814,0.19865556,-0.831335,-1.0624317,0.11725002,-0.23056823,-1.3132898,-0.7579038,-0.27549756,0.78460306,-0.13153726,-0.18069285,-0.9859196,0.52166283,-0.52524763,0.18076652,-0.026495745,0.3563163,0.19655448,-0.5396864,-0.21414676,0.74555326,0.22890875,0.22223406,1.4715003,0.21654665,-1.414909,-0.737224,0.17621043,0.6563161
8,1,-0.77512234,0.28671366,-0.77851635,0.270481,-1.1772984,0.07474292,-0.22269899,-0.46311346,0.090217955,0.6019219,-0.30049235,-0.43775496,-0.5140562,0.41569877,-0.23323871,0.6227873,-0.4394091,-0.38363358,-0.47835553,-0.62582433,0.59331816,0.3265412,-0.3066173,0.3884258,-0.0809789,0.9529,0.29188907,0.13474472,0.47162974,0.17965135,0.14793848,1.1825324,-1.3876663,-0.55908346,-0.048173185,-0.8213002,0.55717367,2.4168527,0.52355576,-1.8242761,0.39483273,-0.20145193,0.18477248
9,1,-0.58905333,-0.56818175,-1.0097297,-0.23705696,-0.68528515,-0.4830059,-0.8436645,0.15890037,0.18674229,-0.39920595,-1.3817583,0.058148455,-0.11342933,0.84739697,-0.585454,-0.7655344,-0.444196,-0.026049107,0.34143198,-1.9507437,-0.3030848,0.4643381,1.2512605,1.0455456,-0.31320292,0.6050494,-0.65336084,-0.27741033,0.49462473,-0.81711,-0.030285215,0.27504474,-0.8098611,1.2303326,-0.15967226,-0.38114357,-0.20473072,-0.13707776,0.6814131,-0.6888274,-0.12706551,-0.080163956,0.59877956
10,0,-1.2506962,0.4187838,-1.0691693,-0.18629298,0.89448386,-0.67931116,0.18864879,-0.17763074,0.28201795,0.512437,-0.7651457,0.28402203,-0.22587109,0.45325628,-0.24610114,0.46489334,-0.06340178,-0.6335808,-0.9922179,-2.0348494,0.6564059,-0.014541099,-0.08773281,0.73099756,0.34568143,0.0528283,-0.0020843905,-0.043868035,1.3214153,-0.12582135,0.7422477,-0.14804885,-0.96625507,0.06554285,-0.548582,-0.21896437,0.059935585,0.78016573,0.7884453,-0.8906004,0.5561073,-0.23716773,0.8114956
11,0,-1.5437254,0.32940838,-1.2936369,0.4676326,-0.5296796,0.011158528,-1.0004872,0.2675982,-0.10023913,0.93232477,-0.17837878,-0.3768462,-0.049180806,0.1860684,0.013762411,0.2550403,-0.117619805,0.29994762,-0.28067416,-0.042080104,-0.16745342,-0.5733733,0.3260927,-0.6230405,0.39486074,0.09482386,0.63119364,0.05044643,0.013870026,0.31525123,0.7726549,0.41054636,-0.53285706,-0.8702366,0.7786867,-0.61677796,-0.27437648,2.1101844,-0.08409593,-1.546194,0.18607537,-0.16242798,1.2214594
12,0,-1.2478954,-0.058286708,-2.3334184,-0.020606238,-0.007454098,-1.0798202,-1.3725921,0.5433494,-0.65614235,0.8225584,0.34509572,0.08891661,0.09239217,0.04053862,-0.47455916,-0.508359,-0.19699536,1.045093,0.055420946,-0.6397606,-0.27302644,-0.79117185,1.4174573,-0.7539058,0.62244916,-0.9756034,0.24249133,-0.8077539,0.23872182,0.47842905,0.6654836,-0.263172,-0.6926034,0.47545516,1.1309212,-0.39787415,-0.041025873,1.9854792,-0.59591323,-1.8392296,-0.81605965,-0.14905901,0.53051466
13,0,0.33089325,-0.37421468,-2.2373598,-0.96956307,-1.449777,-0.18218121,-0.2583527,-0.14570557,0.45286024,1.0521556,-1.342266,-0.24653305,0.40212286,-0.90313274,0.19077888,0.17855856,-1.0252385,1.576299,1.812639,-1.4219165,-0.73953724,-0.5419108,1.3479271,-0.1577277,-0.79926866,-1.6728822,-0.3945579,-1.6718423,-0.41556916,0.5270786,0.952944,0.2355038,-1.3139042,0.18633434,1.6724561,0.63531405,0.40489978,0.78876424,0.07251967,-1.2270836,-2.1223357,-0.30160984,-0.378375
14,0,0.3299006,0.40896723,-1.2182411,-1.1377817,0.33592045,-0.870715,0.49224296,-0.39143416,0.0039340146,0.4174228,-1.0821613,0.54856783,0.26967156,-0.056913745,-0.06845122,-0.17328376,-1.4615351,1.1532029,0.5669771,-3.141978,-0.21870507,-0.49929836,0.44387683,0.6418906,-0.5062175,-1.5748712,-0.61516863,-1.005432,0.66535634,-0.14633349,0.7429628,-0.28456244,-1.0657173,0.59463537,0.4843855,-0.11035455,-0.1418125,0.17902079,1.0004476,-1.8268315,-1.5037024,0.1681196,-0.89679337
15,0,-0.8344108,-0.31817037,-1.0547656,-0.98948556,-1.2501812,0.5106467,-0.9934544,-0.48166183,0.44706652,0.4788936,-0.82508016,-0.4512736,1.351714,-0.5696396,0.48516318,0.3459998,-1.8110437,1.0477455,1.5519098,-1.3089538,-1.8021021,0.50900203,1.004948,0.34206122,-0.36887383,-0.36633766,-0.061840277,-1.1262693,0.69221896,1.0762204,1.179551,-0.12261633,-0.6162668,-0.062512696,0.5868366,-0.6951924,0.108691834,0.28104234,0.28270462,-1.4772934,-0.4154652,0.10855603,0.53602016
16,0,-0.8676878,0.8962052,-0.5126889,0.29000676,0.4055553,-0.5281883,-0.5876679,0.104900055,0.24863344,0.55116034,-0.6479824,-0.23309733,0.14253919,0.73382664,0.22429204,-0.19735351,-0.4330148,0.15827179,-0.14234495,-2.0646632,0.04108241,-0.67423755,0.20519137,0.49427444,0.5103804,-0.0724519,-0.743953,-0.61854476,1.1057867,-0.209427,1.2142055,-0.70950586,-0.3280436,0.05255962,-0.16341086,-0.3913421,-0.07200339,0.72111166,0.86314124,-1.6038907,0.27215365,0.6917815,0.4035774
17,0,0.3387623,0.60344976,-1.8924934,0.14405985,0.62302417,-1.3384385,0.026281372,-0.07202211,0.17127833,0.60570496,-0.17460507,-0.1725747,-0.23774426,0.2812029,0.56073296,-0.40025452,-0.27198634,0.7552123,1.0445695,-1.5099719,0.21945477,-0.96090776,0.46848914,0.1082473,0.34151545,-1.1267321,-0.12543428,-0.736521,0.009507618,0.11699946,1.3959819,-0.8690698,-1.1580025,0.07815706,0.011272728,-0.44285968,0.25772345,0.99528116,0.6084181,-1.0903807,-0.63869214,-0.049122203,-0.46674165
18,1,-0.5458747,-0.08804479,-1.8723118,0.74194604,-0.5776837,0.34582913,-1.6013892,0.42830876,0.6360932,0.41719586,-0.42817667,-0.23886505,0.7695897,-0.5706735,1.4749547,-0.6305332,-1.4244517,0.27164662,0.4092655,-1.1107887,-0.9606514,0.016776256,0.96942526,0.016801598,0.334104,-1.0477808,0.37806025,-1.2997646,-0.09257921,0.24026467,1.1879475,-0.2630453,-0.6691997,-0.3895506,-0.2582878,-0.56322837,-0.061159827,0.86606324,-0.008510672,-1.7005639,-0.55646867,0.1671803,1.0425043
19,0,-0.8394756,1.1311477,-0.22844486,-0.023856634,0.70346045,0.35459027,-0.5017592,-0.14948858,0.2715345,1.2381638,-0.13313612,-0.234742,1.0718671,-1.0340161,1.5425323,0.35776508,-0.7944166,0.3691127,-0.5268508,-2.2158866,-0.36399934,-0.2532676,-0.011574098,1.095684,0.271403,-0.15491018,-0.81141007,-0.7470116,1.5577374,0.44221827,1.7894042,-1.088341,-0.13751121,-0.6839604,0.001731627,0.5547971,0.21328174,0.62807286,1.1684855,-1.1710801,1.0401428,0.63178986,1.5552248
20,1,-1.2621818,1.326806,-0.01557792,0.81282055,-0.043802883,1.3129357,-1.5084528,0.5891865,0.96426344,1.4831486,-1.9333818,0.64028186,0.79069227,-0.28537816,0.8928087,0.8084209,-1.0516213,-0.10471579,-1.721617,-3.6109407,-0.7321631,0.87595826,0.93446666,0.8383588,0.24219951,-0.88419265,-1.3982482,-1.1392683,1.4961153,-0.8303052,1.9979745,-1.1655555,-0.20675315,0.1394392,0.09123579,-0.1487259,-0.5686295,0.25724813,1.5244932,-3.566222,-0.39069954,1.42573,0.32352513
21,1,0.016304065,0.6424417,-0.29884622,0.9007315,-1.4393038,0.6135312,-1.4299606,1.0586938,0.15206008,1.6508806,-0.01724317,-0.8186235,-0.35219887,-0.27850217,1.5100106,0.3817087,0.9822514,-0.41475135,0.14696772,-0.24379556,-0.12287274,0.78561306,0.24892008,0.7752076,-0.16872877,1.2633666,-0.43315038,0.65681344,-0.6478847,-0.6268348,0.76762944,-0.11056685,-0.43271592,-0.7609435,0.20337312,0.105257034,0.31221756,2.2484107,0.5399444,-1.5470189,0.88528216,0.023153305,1.1731685
22,1,-0.4027957,-0.77677256,-1.3944634,-0.23001654,-1.187825,-1.3373613,-1.2645369,-0.027517162,-0.060038056,-0.13438134,-0.40072292,0.18603688,-0.4575027,0.8244261,0.07917078,-0.21967354,-0.6851022,-0.70506006,0.55698246,-1.2399851,-0.393776,1.0984768,1.7673322,-0.37508547,-1.1248658,-0.83415294,0.87677425,0.086328246,-0.046956845,-0.2573902,0.1413644,0.4452679,-1.6858155,-0.056401268,-0.39938807,-0.45544413,0.47259122,1.700447,0.6853506,-0.38636923,-0.1965399,-0.46637616,0.3108715
23,0,-0.18830474,-0.11572756,-1.0317348,-0.364617,-0.8782539,0.49216864,-1.8565257,0.81009567,0.22163025,0.1636274,-0.47644752,0.20338826,-0.12284087,0.11260154,1.3206347,0.333976,-0.4814933,0.33827147,0.45949987,-1.1697847,-0.16624376,0.7813504,1.4906243,1.2622313,1.0516634,0.44658652,-0.75219375,-0.42043912,0.43377426,0.027693398,0.52214676,-0.8414216,-0.82117116,0.11246395,-0.39566264,0.0014668481,-0.5997545,0.38023552,0.049120706,-0.48441002,0.83291155,-0.20771006,1.6868006
24,1,0.7940502,0.9047816,1.3098965,0.12214026,0.66805834,-0.35049418,-0.5220107,-1.6073536,-1.73451,2.0563476,2.2433372,-0.2765966,0.32990268,-1.3827668,2.034491,-0.045811493,0.77061725,2.6246417,1.6995388,-1.5372777,-0.5432108,-0.836413,1.1061382,-0.11120289,-0.9620172,-0.21759656,-0.5334215,-0.27832535,0.31872666,1.1743512,2.4757352,-1.669757,0.43290088,-1.2788078,1.0953784,1.3301729,1.7360018,2.6565073,1.2755165,-1.2584021,-0.12229274,1.0357866,-0.054699432
25,0,0.024039932,-0.31736907,-1.0809004,-1.000289,-0.22182445,-1.4693098,-0.15059903,0.3216022,0.28917417,1.2951115,-1.2309439,0.4004922,0.0024417571,-0.0043550143,-0.4941448,-0.84323424,0.038834024,1.7100873,0.9240811,-1.396614,-0.42708609,-0.8463025,1.2741896,0.16212001,-0.9459132,0.90540755,-1.882138,-1.0524819,-0.12510315,-1.1498492,1.2157115,-0.776843,-0.7962042,0.44489923,1.3287401,1.7253335,2.0976942,1.5519646,1.1200005,-0.9003211,0.17716324,0.7729174,-0.5009985
26,1,-0.7882071,0.06815831,-0.47196412,0.32188118,-0.4081125,-0.18863943,-0.9689684,0.3094422,-0.23899531,0.900751,0.24840997,-0.41964874,0.44356427,-0.23075645,0.6074793,-0.34793648,-0.20032819,-0.7240032,-0.103782885,-1.4408053,-0.73146415,0.5833903,0.8867748,0.23472935,-0.29587153,-0.0024061906,0.1429123,0.44688824,0.6355631,-0.04881398,0.7445391,-0.28453544,-0.35507497,-0.6343244,0.13659163,0.07293701,-0.010745379,1.2425413,0.72671455,-0.73475575,0.562281,0.23740208,1.6105374
27,0,-1.1163195,0.17779225,-1.1975583,-0.024248717,-1.8165951,0.87392753,-1.3106747,-0.09521466,0.6609346,0.41033563,-1.2686058,-0.8197379,0.22653411,-0.15744166,0.53108704,0.63248956,-1.1019022,-0.34743133,0.65869135,-0.7175015,-1.1688448,1.0965829,0.6784245,0.16769935,-0.2557591,0.14710009,0.22253886,-0.36546385,-0.003056833,0.7219819,1.0173488,0.71762806,-1.156831,-0.48634875,0.03983411,-1.2794566,-0.3846188,0.92827827,0.55437607,-1.8836697,-0.17994393,-0.24136576,0.86456513
28,0,-0.16231325,0.18893643,-0.605893,0.33267984,-0.72668236,0.7482121,-0.7214533,0.43367422,0.501361,1.3927054,0.06336509,-0.71096027,0.8122935,-0.9058624,1.122165,0.18798496,-0.06466249,0.04486243,1.1337589,-1.232596,-1.3907144,0.6047505,0.76589745,0.12949933,-0.42841145,-0.13149607,-0.35822117,0.20050208,-0.32184252,0.27877954,1.601587,-0.70549154,-0.2136572,-0.9736706,0.78364193,0.11847757,0.29782042,0.50071174,1.0613904,-0.99417806,0.2870189,0.3732858,1.265111
29,0,-1.3297889,-0.52372885,-1.5727683,-1.1573992,-0.22604288,-0.59105283,-0.28908035,-1.0329127,-0.3485578,0.163035,-1.698848,1.5114077,0.88210505,-1.5280674,1.040647,-1.5357506,-1.7171123,2.5628517,0.455003,-1.8243177,-1.5500717,-0.5470446,0.76258504,0.897269,-0.51311904,0.85254145,-1.1838309,-1.8459973,-0.17501959,-0.47692192,0.89678895,-0.16847683,-0.5421628,0.15363504,0.7931329,0.12213102,0.18020165,0.87636757,0.7920777,-1.691386,0.3631917,0.29742795,0.36393705
30,0,-1.2891682,1.7562661,-0.6528703,0.76338255,0.7318333,-0.62926316,-0.07278539,-0.4052166,-0.00017857578,0.9498002,0.105591655,-0.37364087,-0.54208446,0.13969368,0.4436953,0.8436732,-0.34832633,-1.0461335,-0.880264,-1.8274882,0.4529453,-0.36276817,0.038262036,-0.34730762,-0.07029778,-0.8743824,0.17134097,0.102095924,2.0788085,0.26008955,1.3666651,-0.39206463,-0.94813704,-0.59614,0.17104538,0.027373964,-0.21609132,2.08497,0.9191102,-1.2901627,0.3742401,0.44510505,1.0029912
31,1,-0.27109,0.038304072,-1.682135,0.8234834,-2.4646025,1.4767098,-0.36986014,0.3268269,1.1569887,1.9427029,-1.9338762,-1.0175287,0.36705166,-1.1028904,0.5053787,0.18859665,-0.110948935,0.10391668,0.46824062,-1.446048,-0.1199823,0.055054616,0.67171115,0.75090575,0.058241453,-0.21432361,-2.186611,-1.1622359,-0.6509282,0.15811948,1.7143253,0.6152315,-0.95598674,-0.59129435,1.7793938,0.51792884,-0.045318447,0.7750527,1.0203667,-2.4682112,-1.1316409,0.053215954,0.92794645
32,0,-0.21000133,-0.08492521,-1.7107198,-0.018797167,0.55675703,-1.2061532,-0.1318275,0.041245468,-0.24481636,0.39957634,-0.93709457,0.70220745,0.24343689,0.29073867,-0.24915671,-1.0536641,-0.699735,0.72962874,-0.10941173,-2.4916208,0.06740301,-0.71636623,0.8204055,0.5007465,-0.15858409,-0.63511443,-0.6090417,-1.1471666,0.34705916,-0.7581842,0.4613546,-0.47892976,-0.7035472,0.7684726,0.32006785,-0.06200053,0.14306639,0.57689756,0.7959145,-1.4255416,-0.70950633,0.2318741,-0.2508031
33,0,-1.3244153,-0.01530679,-0.36991507,0.2774865,-0.5804477,0.336376,-0.5905847,0.060971648,0.12720925,0.63605165,-0.07259367,-0.2681122,0.30523214,-0.03395176,0.1555078,0.35615838,-0.5738391,-0.41724166,-0.057428036,-1.3631222,-0.35538682,0.0048208153,0.33714134,-0.12980863,0.125454,0.019547248,-0.28365543,0.12573762,0.87742716,0.44456822,0.7188115,0.25402132,-0.46068108,-0.8014458,0.4724892,-0.40125996,-0.2477347,1.3747983,0.572234,-1.7262402,0.23618029,0.35176504,1.141523
34,0,-1.8637565,0.28677693,0.110543415,0.9056915,-0.4135815,-0.14405616,-0.8096199,-0.47630516,-0.0057504824,0.94224316,0.002031826,-0.11045582,-0.7695521,0.26715606,0.7939839,0.18234174,1.0968493,-1.7339644,-0.9069583,-1.2935749,0.24031466,0.12407064,0.7311415,0.066648185,-0.1638421,0.92729795,0.09988633,0.8016192,0.6858437,-0.4553937,0.74669427,0.29981822,-0.32260185,-0.65978616,-0.5397729,0.031808108,0.7534952,1.9508901,1.4056213,-0.53161585,1.4835709,0.6923839,2.210017
35,1,-0.8893257,0.47223926,-1.162487,-0.38391802,-0.70881456,0.19339323,-0.9127205,0.33044064,0.30722624,0.7120083,-1.1659533,-0.25818163,0.29635268,-0.49942932,0.24636222,-0.08572798,-0.5983955,-0.2931495,-0.52553606,-1.4561958,-0.9432013,0.8390084,1.0112805,0.6754794,-0.1788072,0.34672612,-0.17826289,-0.29829353,0.7301049,-0.19243667,1.1240678,-0.20552275,-0.8116355,-0.090316564,-0.069142036,-0.090654604,-0.12615812,0.3238765,0.65993,-0.7661069,0.78033894,-0.24323371,1.2018598
36,1,-1.0985352,-0.69227034,0.5903517,-0.20435883,-1.3407862,1.8150141,-1.6952955,0.24420021,0.18017617,0.933265,0.23096038,-0.046501573,1.941041,-1.2887999,1.6899894,0.085254796,-0.8752961,0.68100715,0.33818147,-1.6806479,-1.4911114,0.70401907,0.8116159,1.6059277,0.48502582,0.76951563,-1.1869763,-0.6046435,0.98686826,0.6958594,1.0149235,-0.63278776,0.25037938,-0.64528525,0.27158973,0.35290742,-0.1497863,0.3708988,0.53214353,-1.8038185,0.91498214,0.73599905,2.0156887
37,1,-1.3470404,-0.21861851,-0.35067713,-1.0831692,-2.0049925,0.318011,-1.0763884,0.14860573,-0.65641767,1.0360398,-0.77882534,-0.94009674,1.6508439,-0.11196513,-0.66677874,-0.43182284,-1.226075,0.91988516,0.84411335,-1.4236693,-1.9435263,0.14346282,1.0216526,0.0021736121,-0.36956054,-0.004222805,-0.8420852,-0.7776643,1.0978943,0.48973313,0.9421663,-0.14501876,0.28162876,-0.025968257,1.5698928,0.16131029,-0.5428611,0.64709055,-0.17679666,-1.6085508,-0.34252846,0.2767938,0.67416024
38,1,-1.4386408,0.6662212,0.16602813,0.28870746,-0.39768887,0.22474352,-1.267675,0.11812829,0.21094517,1.2750387,-0.9195385,-0.21429063,0.47762564,-0.49246782,0.7239032,0.15519214,-0.07219374,-0.17620787,-0.8813901,-1.6588082,-0.5644447,-0.10397491,0.18323012,0.6451202,-0.615647,1.2485657,-1.0873395,-0.426325,0.8418681,-0.6751119,0.6523383,0.26159206,0.24894066,0.07447311,0.44290414,0.87888736,0.8171236,1.6483698,1.2003514,-1.8489683,1.0130899,1.061633,1.7973347
39,1,-0.561888,0.28179583,-1.2437583,0.5005975,-0.43016586,0.07591219,-0.8421987,0.50686413,0.32532778,0.54335594,-0.21336658,-0.89045846,0.6355722,-0.083828166,0.6970783,0.1430364,-0.9788688,-0.74505687,0.40998435,-1.4695406,-0.8612091,0.41403583,0.8106962,-0.25026095,-0.34147784,-1.1105454,0.40059483,0.10734388,0.57240725,0.26735175,0.91012627,-0.22373803,-0.7579189,-0.26411337,0.4358276,-0.434727,-0.5919684,0.9080684,0.48369324,-1.2118953,-0.5714185,0.055412464,1.1654172
40,0,0.13532172,-0.8512422,-0.8555558,-0.12747017,-1.4349718,-1.2357684,-1.2030886,0.6963357,-0.6655628,1.0584931,-0.022231903,-0.099824615,0.15249248,0.5606086,-1.1127856,-0.9676178,1.0001881,-0.253734,0.8864729,-2.3720665,-0.14072168,-0.5189601,2.3112946,-0.14904313,-0.4311346,-1.0530393,-1.1697268,0.060046095,-0.23119672,-0.241913,-0.14750373,-0.23144439,-0.032765392,1.3241053,1.3915195,1.0704097,0.6138687,1.3208077,0.70669645,-1.5311047,-1.8157386,0.92104995,0.46859384
41,0,-0.98990834,0.3566588,0.46558207,0.40146303,-0.8447516,0.5587626,-0.7619351,0.7846635,0.56385106,1.0872343,-0.42031252,-0.46791404,-0.23868571,-0.03217547,0.5634224,0.64468426,0.48115396,-1.2133049,0.285229,-1.614291,-0.9179968,0.95334,0.7136795,0.27775845,-0.29673168,0.78473765,-0.97137815,1.192595,0.4325758,-0.39045975,1.1112466,-0.26230496,-0.31702203,-0.81339145,0.30869305,-0.19212846,-0.20119753,0.5921695,1.4575845,-1.2324883,1.0550665,0.54752946,1.6995035
42,1,0.36426145,-0.011231697,-1.8604605,-0.120751195,-0.46617088,-0.07707662,-0.7298508,0.9262935,0.1573083,1.1014426,-1.1511959,-0.26485205,0.12633495,-0.66851836,0.59776247,-0.44143096,0.2165334,0.30381873,0.017265422,-1.2854081,-0.13219757,0.39722982,1.8852965,0.77743393,-0.008233963,-0.280007,-1.0739762,-0.61678606,-0.050677832,-0.53736275,1.252351,-0.8932894,-0.9854409,0.6949775,0.6550625,1.0076226,-0.1710318,0.18981245,0.45531416,-0.08304098,-0.098607175,-0.49371138,1.0603702
43,1,0.077068105,0.3106988,-1.2689577,0.28036785,-0.5376138,0.25164035,-0.023827916,0.35811198,0.5505156,0.49172062,-1.304418,-0.33644846,0.0022318603,-0.046224926,-0.2659443,-0.16181333,-0.83120406,0.11443657,0.6238822,-1.9425783,-0.42201492,0.32511026,0.5571919,0.37560427,0.17114948,-0.1167418,-1.1283998,-0.19033739,0.18873823,-0.040225904,1.0965222,0.12236912,-1.1714325,0.07164466,0.9217858,-0.90716773,-0.76552093,0.30442786,1.4626627,-2.0793889,-0.7871144,0.13490291,0.017811447
44,0,-0.8194818,0.5781352,-0.5690434,0.5057043,-0.3773263,-0.001495401,-0.852128,-0.0050891177,0.15737613,0.6626197,0.2782099,-0.54043585,0.16748475,-0.02681075,0.9110783,0.72296727,-0.92605287,-1.2633911,-0.04512714,-1.5571203,-0.67339665,0.91794604,0.48365495,0.067502595,-0.6202763,-0.8613393,0.79695797,0.4165932,1.37386,0.54524225,0.77182543,0.053775806,-1.1737993,-0.8948383,-0.10749523,-0.4583107,-0.4158647,1.5674578,0.8434542,-1.332147,0.034793258,-0.0047011273,1.4930416
45,0,1.273094,1.027094,-0.4867303,-0.58184755,-0.12071475,-1.0795039,0.17769349,0.3893368,0.025477156,0.11438486,-0.35066333,-0.8312634,-0.23292106,1.129415,-0.9790815,-1.5758891,-1.2419502,0.6094501,0.23480566,-1.9000901,-0.17630206,-0.47035822,0.57329774,0.53592664,-0.55810523,-1.6151853,-0.17057943,-0.64818364,1.2283388,-1.4065304,0.8653644,-1.2215928,-0.27202824,-0.178426,-0.7279435,1.090222,0.33011273,-1.1212794,0.39585182,0.9436433,0.31037632,-0.028230008,-1.7832916
46,0,-0.85615116,-0.2837691,-0.51380306,-0.24748886,0.77390635,1.1681118,0.5510829,0.37394562,-0.5767717,-0.44606122,-0.3816584,1.106976,-1.029089,-1.6050508,-0.76506984,-0.8225416,0.14365046,2.392701,-0.86217093,0.3150443,0.35888615,0.112970464,-0.18114421,-0.021720055,0.27985358,-1.1893345,-0.25503024,-0.8481183,0.4490076,-0.22616102,0.47019377,0.51781833,0.4994375,0.8711057,-0.1857709,-0.69394433,-0.9355383,-0.9795053,-0.782987,-0.6709823,-0.18565674,-1.0068781,-1.6502706
47,1,-1.7701876,-0.03325378,0.25865707,-0.6519764,0.5324959,2.457756,2.1117663,0.6684245,0.92353356,0.018073803,-0.8105837,0.54488444,0.41275543,-2.2549486,-0.39952558,1.4442655,-2.1786785,0.75345623,-0.4330589,-1.5270596,0.028094796,1.3936552,-1.5365089,0.345329,-1.1624789,-0.5387301,-2.1131098,0.031438008,2.765124,0.0320959,0.25153854,0.14512438,0.787708,0.18468627,1.5609393,0.56931585,0.36181337,-1.2812538,0.60912114,-0.86274713,0.39019755,0.70768666,0.3894534
48,1,-1.0906571,-1.3476605,-0.09852746,-0.26707175,0.8280392,-0.13006906,-0.23531693,0.24280569,-1.1266696,-1.3108552,2.040838,2.2420907,-1.6040273,-0.20851298,-0.37929273,-0.626246,1.1467685,0.9648762,0.21403937,1.1621296,0.64303267,-0.7657841,0.6210042,-1.3433665,-0.0022179051,-1.4607886,-0.17958482,-0.65798545,0.55716085,-0.68989354,-0.9917518,-0.08418489,0.89376956,1.0129375,-0.59091467,0.95989007,0.2878782,-0.14134277,-1.7195594,1.4127374,0.8485033,-0.005784505,-0.609647
49,0,-1.1119356,0.4840012,-0.43330374,0.44726238,1.441104,1.5162612,-0.24047618,0.5405647,-0.16158438,-0.40426815,-0.39050782,1.7192478,-0.89182544,-1.7537459,1.0477138,0.76012236,0.1691224,1.3540808,-1.3354323,-0.3404002,0.444346,0.6444776,0.85454875,0.524084,-0.0145304315,-2.094675,-1.2551808,-1.5090796,1.7560714,-0.8970017,0.6638741,-1.7127063,0.96388966,2.3011496,0.08690344,0.94437885,-0.6209827,-1.1195301,-0.28710765,0.827511,0.43236792,0.39830396,-0.6646442
50,1,0.5797866,1.6200168,-0.29424572,0.45354939,-0.47254297,-0.4473126,0.298072,0.6279137,0.29266226,1.3008544,0.07525038,-1.1107488,-0.39819944,1.5487722,-1.5229392,-0.0049479725,-0.53846693,0.9551933,0.7377073,-0.0827551,0.013017098,-1.4124266,-0.26107526,-0.84789276,0.12754184,-0.92261964,-0.92138195,-0.8685425,1.2146823,-0.90010923,1.8396988,-1.4834032,-0.20217288,-1.0798041,1.0376706,1.6712061,0.50614655,0.63278604,-1.0138043,-0.19615412,-0.2322968,0.47358784,-1.7546684
51,1,-0.54228604,-0.9057258,0.66958386,0.09811046,1.618847,0.7328431,-1.0483011,0.566042,-0.2504585,-1.5732104,0.712188,1.2910266,-1.6373408,-0.95467514,0.32962874,-1.6608989,1.7739755,2.8919075,0.25136518,-0.012567006,0.81156135,-1.293031,1.5729452,0.75212866,0.61065155,-0.14811207,-2.0836308,-1.9734862,0.13394123,-1.4632661,0.8031702,-1.4639955,1.1606176,1.2217937,-0.5047941,2.1991358,0.88437295,-2.3594031,-1.5956725,2.1876574,0.48237324,0.4268995,-1.4734975
52,1,-1.9159279,-0.99340755,0.7018281,1.3037881,-0.50241166,1.6588478,-0.7162637,0.63732433,0.037617836,0.038560547,1.7061248,2.3123035,-1.674337,-2.1235254,0.72460335,1.5579717,0.96227807,1.2059239,-0.8298446,1.9971654,1.0946652,0.25585517,0.21181373,-1.0442808,-0.44753498,-1.6200731,-0.27072716,-0.378188,1.2320337,0.61631405,-0.47283715,0.95513093,0.45563817,-0.10041894,0.79692763,0.9030429,1.0548574,1.4679792,-0.6995443,-0.32083592,0.47476318,0.23903176,0.9685509
53,0,-1.0578501,-0.0983096,3.0443368,1.7063713,-1.0908546,1.5256414,-1.0200241,-0.76165104,-0.50443614,0.07154285,2.5641255,1.8036677,-0.98490673,-2.4016101,1.2899638,-0.5270886,0.79011786,1.2034767,-0.075077236,1.6992575,-1.781471,2.449072,0.22957377,0.12687957,-2.2997928,0.41482466,0.4719596,0.02787765,0.66393363,-0.9021017,1.4215133,-0.5229573,1.2798301,-1.2585765,-1.5399532,1.0443128,2.2058434,0.6793902,-0.8954966,0.79691947,3.0692072,0.7233527,-0.80268
54,1,-1.8306965,-1.2488159,-0.6162155,-0.4742671,0.2837176,0.82806635,0.22560112,-0.0074210684,0.12948701,-1.1558381,-0.59892166,1.3701559,-0.6700609,-0.72538966,-0.5975865,-0.97708327,-0.1965745,2.0981588,-0.64186054,0.6750122,0.34511068,0.18381768,-0.021986581,0.4167308,-0.38095394,-0.09955041,0.019108446,-1.1156166,0.56148803,-0.73244154,-0.39139903,0.61835325,0.3558217,1.3491681,-0.49337313,-0.19767568,0.6374641,-0.9664226,-0.9519015,0.32054213,0.26323873,-0.43643028,-1.0718883
55,1,-2.5534508,-0.78183407,2.7627153,1.4769952,-1.8370384,2.1420276,-0.5504,0.7312537,-0.097214706,0.16188714,1.1042488,0.7382616,-0.6425625,-0.5730918,-0.6006526,0.035301782,2.6815264,1.1301519,0.178495,2.2089198,-0.804988,1.0197315,-0.38398537,-0.34839946,-0.92563295,1.1737313,-1.5219371,0.20374455,-0.034236364,-1.041766,0.63574195,0.315741,1.9849362,0.7672095,0.22072122,-0.61632156,0.4997142,-0.44978303,-1.8815314,-1.1753238,1.6170702,0.13624628,-1.1212381
56,1,-1.5125034,-0.71618783,-1.022731,0.58327186,0.33333784,2.957182,1.4056846,-0.27328047,2.025165,-0.13274917,-2.122371,1.2151943,-0.7895547,-1.8409543,1.7254981,0.31840986,-0.60406256,2.708403,0.45210043,-0.12989366,1.1446176,-0.4614167,-1.8967824,0.36545163,-0.45446166,0.1240979,-2.7359056,-2.5917342,-0.27943528,-1.8542724,1.4029453,0.3640287,0.9721054,0.32883045,0.974828,1.0749694,1.6709398,-0.3915017,-0.19133422,-1.074345,-0.26146573,0.7166491,-1.7819133
57,1,-0.71047074,0.04704931,-0.09389277,1.2698208,1.7313477,0.81000143,0.016258888,0.09069639,-0.07671835,-1.7252034,1.4878072,1.1529377,-1.522639,-1.6358721,1.5052496,0.017533379,-0.3619821,1.1309932,-0.71710074,-0.35061082,1.0655904,-0.5645714,0.6510195,-0.48012835,0.012224849,-3.3602602,-0.6733321,-1.2668948,2.133966,0.073130324,0.34922692,-0.6979387,-0.036656722,0.77100086,-0.19021906,0.7011737,-0.7520142,-0.53361315,-0.10984873,0.60445696,0.16603093,0.19003372,-0.914248
58,1,-1.2818072,0.9622117,-0.31449163,0.29416627,-0.9425145,-0.2306133,0.80743706,0.68689317,0.6825751,1.6056477,-0.5351109,-0.17012729,-0.678252,0.4205898,-1.53148,1.1257979,-1.4419852,-1.27477,0.3013438,-0.47604987,-0.52725023,-0.21418917,-0.9688149,-1.8415933,-2.216565,0.42934516,-0.16122465,-0.015866956,0.8689713,-1.0125806,-0.43857172,0.13218808,0.08340188,-0.88837814,0.77052784,1.9486368,3.1884766,2.4271033,-0.008759133,-1.2694242,0.026479265,2.1337397,0.26037028
59,1,1.7312531,0.14333118,-0.22626999,-0.010062927,-1.6745486,0.16697085,0.095404014,-0.5670295,0.8651214,0.42340788,-0.69492644,-0.23722135,-0.71046376,0.49178013,-0.39294943,-1.1169087,0.03320914,1.1624568,0.9102526,-0.7154476,0.19847928,-0.12718703,0.4673689,1.2246782,-0.6104967,-0.10105935,-0.72178733,-1.1638491,-0.626213,-1.3875687,1.6415342,-0.40785995,-0.8040903,-0.7519841,-0.7955158,1.5181128,1.3907596,-1.0803888,0.18752237,0.5839467,0.27445164,-0.65859073,-2.5889897
60,0,-1.5388854,-1.4376442,0.6182754,-0.46740595,0.07215562,1.7314953,-0.31475818,0.14112668,-1.3470532,-1.9157867,0.8661299,1.58368,-0.69976914,-1.040635,-0.05419261,0.61242115,-1.5419323,0.4367152,0.20124003,0.31696022,-0.8709922,2.3787167,1.0052172,-0.6378279,-1.1159086,-1.6966041,0.35695404,-0.1258609,2.690889,0.49150482,-0.6788049,-0.37987965,0.3150497,0.87775767,-0.67817605,-0.2519093,-1.4263006,-0.9074534,-1.04982,0.41582003,0.16921993,-0.43662447,-0.76603943
61,1,-1.1651419,-1.2783997,-0.4804006,-1.3068562,-0.061860442,0.9622263,0.080398336,0.42756024,-0.6237808,-0.65239537,-0.44960618,0.88104314,-0.21036735,-0.6064075,-1.3827885,-1.5646722,0.08263045,3.2549093,0.35388482,1.8302467,-0.31209692,0.35400304,-0.63214195,0.47967994,-0.3861784,1.2321503,-0.29384547,-0.8506757,0.1648303,-0.8041798,-0.29935637,0.34792504,1.0851439,0.9293254,-0.19607109,0.17731774,0.81388366,-1.2476126,-1.1282723,0.75672597,0.8126771,-0.96453583,-1.4935249
62,0,-0.05219067,-0.82361525,0.42165795,0.35931695,-0.1345201,1.7314789,0.030528897,0.77975124,-0.075746685,-0.39115533,0.14983921,1.4093965,-1.9030607,0.14997107,0.7303341,0.54182655,1.3496045,1.4072453,1.1127236,1.9071169,0.7828776,-0.1463049,-0.73783016,-1.132578,-0.068165995,-0.0046162154,-1.2130556,-0.8382283,-1.1503054,-1.4516985,-0.6337083,-0.02585056,1.3167869,0.5330047,-0.6056725,0.4370996,0.26957083,0.18554664,-1.8125588,0.081358604,0.29598615,-0.05428205,-1.7150437
63,1,1.4415628,-0.6604956,0.79953796,0.50653106,0.22229616,2.107518,0.9110379,0.23504174,0.6820172,-0.0364494,1.5102457,1.586914,-1.1014414,-1.1301521,1.4595753,0.12010526,0.79292595,2.588454,2.1685781,1.0859476,0.29038164,0.7378327,-1.0238124,0.36718792,-0.959655,1.4859796,-1.8956804,-0.58219856,-0.80882853,-2.2327673,0.6910354,-1.3070196,0.95284975,-0.07894324,0.41542825,1.9729706,2.7162206,0.10214771,-0.47381476,1.0885298,1.5116113,0.897272,-2.550819
64,1,-0.6389871,-0.33722413,0.01601734,0.43405434,0.022149194,2.3438148,0.30235207,0.3499773,0.2426452,-0.9013093,0.4976151,0.46225718,-0.5376188,-2.4610744,0.05913503,-0.067516714,-1.7353117,1.7566192,-0.15255468,0.26432535,-0.2980255,0.81610394,-0.19433442,0.062907,-0.5222275,-1.6545011,-0.583954,-0.7232301,1.8668003,0.95666593,0.29009894,0.41491556,0.04950296,-0.44004184,0.28954825,0.17004246,-0.5194173,-1.1273236,-0.3657229,-0.88623184,-0.4950565,-0.371905,-0.71841455
65,0,-2.534806,-1.7751447,-0.6533393,-0.791107,0.6072671,0.82986784,0.3880087,-0.40867856,-0.9005078,-1.2521416,1.2972608,1.8211322,-1.554623,-0.7664193,0.2363422,0.12686695,0.5450435,-0.582355,0.69680864,0.9469926,0.37821594,0.20087238,0.25713605,-1.0777334,-0.61377835,-1.7758274,0.5891341,-0.25892985,1.2846652,0.42928132,-1.3199562,0.53661716,0.8432526,1.4711121,-0.367422,0.62939876,0.5033885,-0.6636783,-0.6821178,1.1521723,-1.0145313,0.2262888,0.8917618
66,1,0.34990287,-0.5711591,-0.95747805,-0.30727568,-0.9257166,1.4142411,0.23926738,0.38784692,-0.5446378,-0.45494074,0.49546835,0.59007645,-0.94145316,-0.79645616,0.22580916,-0.21104205,-0.20111756,1.8944317,1.7880625,2.3573074,-0.28264105,0.54225075,-1.1026015,-0.91370374,-0.5039156,0.06447121,-0.5104965,-0.9212092,-0.5212631,-0.31982896,-0.3993695,0.41510645,0.7788054,0.31688225,-0.17087547,-0.33317518,0.08066624,0.5169964,-1.5137904,-0.3271787,0.6006606,-0.9037305,-1.8264266
67,1,-0.38143384,-0.4532407,-0.21433951,-0.5069514,-1.4463953,0.45930114,0.6945805,-0.38997442,0.8720241,0.7822006,0.15697995,-0.55025965,-0.29204693,0.8587585,0.3186646,1.1714791,0.17678955,-2.695502,1.074134,0.104402505,-0.28327805,0.9017624,-0.3886062,-0.47864527,-1.0578645,-0.28738943,0.6581873,0.6526129,-0.13494493,-0.38798037,0.8243506,-0.16674261,-1.0040116,-1.7661536,-1.2747729,1.4504259,0.9232171,0.17956267,-0.5540516,1.1025965,0.5884319,-0.46180016,-0.23186874
68,1,-1.0339496,1.5833238,-1.7275308,1.6122531,1.9822183,1.4168909,-1.0481771,1.46906,-1.0250463,0.27203038,0.7725949,1.6874821,-1.6560198,-2.7894096,0.028604968,0.27061898,-0.7277228,1.7541758,-1.9338526,-1.3077197,0.64026904,-0.6550095,1.8944447,-1.7471055,0.7946833,-5.517517,-0.6996923,-1.9142698,2.5578153,0.63020784,0.6324278,-1.6116672,0.8920973,1.7628745,1.4185399,1.0228305,-1.261358,0.3377676,0.1230887,-1.8525026,-2.3823245,1.3088568,-0.24934982
69,1,1.6501763,0.41702893,-0.85798895,0.4319752,2.5418382,0.7078077,-0.30560988,2.3205347,-0.7878492,-0.46430895,-0.949041,1.5908741,-1.8745852,-1.0706191,-0.6161117,-1.0176512,0.24664332,4.6451826,-0.040698335,1.0832574,2.1434278,-0.22087322,-1.4250102,-0.31284547,1.140037,-0.8548396,-3.2469785,-1.2074813,0.5567872,-1.6395023,-0.27786124,-1.8109967,2.3717272,0.860488,0.14374344,1.639158,0.13236362,-0.32175824,0.5253799,0.030645281,0.03345325,0.08353397,-3.425042
70,1,-1.3305161,-0.55696017,-0.018586466,-1.5594357,0.4341379,-1.2677559,0.07000711,-1.4509784,0.14180885,1.3814107,-0.9313403,0.63351995,0.47996837,1.0102246,-0.9477756,-1.6384687,0.37742728,0.8096962,0.8840627,-1.0546738,-0.83595484,-1.076956,0.7592292,-0.44996622,-1.4822185,0.3601619,-0.02937296,-1.456466,-0.32554147,-1.7175118,2.113708,-1.2732916,0.7520878,-0.75032735,-0.30735675,2.86314,3.5440836,-0.6847789,0.8107709,1.7831206,0.30536172,1.1289028,-1.3164449
71,0,-0.95019644,1.0541646,0.20287833,-0.100439176,-0.81344306,0.8472851,-0.7440465,0.15652451,0.5846258,1.4046098,0.29910198,-0.67933744,1.2730722,-0.3709274,0.11792524,0.046891034,-1.2017634,-1.260057,-0.73472255,-1.3448743,-1.1950355,0.28294307,0.10543984,0.18465173,-1.0604584,-1.447984,0.7291636,-0.08590734,1.9579083,-0.76043373,1.4769663,-1.1709051,0.46017122,-1.6591372,-0.41256902,2.4266493,0.42005077,-0.059960395,-0.3320506,0.38726386,0.86188054,0.5091488,0.31177625
72,1,0.05187121,-0.859258,-0.82050216,-1.0346415,-0.27383193,1.5726943,-0.88964534,0.15121542,-0.32867077,-1.5689979,-1.3188168,1.4123213,-1.4923561,-0.8616617,0.3024508,-0.47976717,-0.7718099,3.5457623,0.35297775,1.4287345,0.03527348,0.54032,-0.029837389,0.33009255,-0.18639295,-0.16733414,0.057450794,-2.175568,-0.58430874,-0.7966867,-0.2762158,0.67763615,0.20639172,1.0267597,-1.1963873,-0.2826676,-0.057876147,-0.747877,-1.5590206,0.030532882,-0.42357662,-1.1851515,-2.4826021
73,1,-2.7793071,-1.7786006,2.054946,-0.94498533,-0.2316503,2.3570445,-0.18612617,1.0574999,-0.36717802,1.2260836,0.43952754,2.744413,0.8603891,-3.3260996,0.20179419,-0.3038538,1.952131,2.7541604,-0.81485873,-0.9032956,-1.3523614,-0.6919372,1.5390172,0.09485137,-1.9467297,-1.6349171,-1.619388,-1.6336583,0.92327946,-1.299801,0.65771365,-1.3265842,2.2697797,1.2238563,1.0662931,3.5227513,1.2221324,-1.1610429,-1.6024823,-0.091033846,-0.13075128,1.2291093,-0.63800424
74,0,0.44457144,0.060194153,0.25925553,0.16419508,1.6815343,0.8260291,0.8009608,-0.016044278,-0.6515745,-1.470141,0.75412035,0.940378,-1.765573,-1.6268011,0.8895735,-0.64930135,-0.5946455,0.8884946,0.3577706,-0.0730106,0.34115016,1.3335873,0.27132696,0.0024465756,-0.8773206,-1.3649305,-0.9212656,0.49845847,1.6271981,-0.4945177,0.5253554,-1.3359357,0.5821321,0.17575602,-0.929824,1.2753755,-0.0508829,-1.1321156,0.68640983,1.9732959,0.80557966,0.26547605,-1.0604407
75,1,-1.9351356,-0.79396003,0.03631815,-0.5997983,-3.645751,3.0962405,-2.263934,-1.3323059,1.4781336,1.3373853,-1.5653876,-0.73536116,1.5342664,-3.1148093,0.45455274,-1.5409566,0.6161336,2.925311,-0.8231899,1.1704623,-1.2531219,2.200005,0.8319316,3.595057,-0.69902605,0.9320045,-0.86263424,-2.4475217,-0.48012707,-0.41070938,3.9765,0.22457662,1.1803827,-1.840825,-1.3133993,2.2908041,2.1825345,-3.969141,-1.1486272,2.4280262,3.1823428,-2.078053,-0.13976566
76,1,-0.8833751,0.2928339,-1.084611,-0.48877388,0.88220036,0.13416478,0.33916333,-0.37491968,1.3131157,0.7539564,-2.1866028,-0.1778618,-0.0055653863,0.6151317,0.2437772,-0.09745421,-0.7513133,0.8403407,0.40420166,-1.1120143,0.8586059,-0.6443874,-1.6298686,0.1692558,-0.036949188,0.5280763,-1.0261548,-1.0237777,0.24866997,-1.2751006,1.2376989,-0.5525986,0.43203363,-0.94758916,-0.70177084,1.2534105,1.7094102,0.4166094,1.1283575,-0.65568405,0.30752382,0.5970304,-1.7233298
77,1,-0.8846068,-1.4584701,0.69750804,-0.27576935,-0.5979586,1.2335088,0.3096132,0.5539161,-1.0096631,-0.78907,0.24446271,1.2934467,-2.1839066,-1.6268283,-0.27332312,-1.4747286,2.0330484,1.9428917,0.28120795,1.5766151,-0.40260732,0.71341443,0.25373334,0.21131313,-1.2181796,1.4614809,-1.7404586,-0.017609227,-0.81338996,-1.7755387,0.08768664,0.91919905,0.9997393,0.4815333,-0.0075024185,0.3820946,0.35957858,-0.92020744,-1.1738034,0.90749884,1.4943904,-0.84625435,-0.849239
78,0,-1.3698565,-0.6695665,-1.0253657,1.2233424,1.3946935,0.41707337,-0.5841464,0.36434263,-0.35860896,-2.402321,0.67317945,0.8963373,-0.87399346,0.030077457,1.4337982,0.27431545,-0.99408984,1.3444891,-0.08702442,0.9177184,2.3796165,-0.56530243,-0.71006,-1.4595435,0.50677586,-2.0480313,-0.76177925,-0.90022624,2.1136534,0.28982756,-1.0730573,-0.5847494,0.7183497,1.0038651,0.23138276,0.3350794,-0.47349694,1.7176703,0.44061476,0.09190962,0.02470647,0.34081623,-1.2460835
79,0,-1.3405391,0.830465,0.5829185,-0.6030238,-1.9231893,0.8266203,-1.7960182,-0.16966836,0.39134124,0.94758457,-2.5587816,0.24560136,0.07746932,-0.940484,-1.6857554,-1.8682531,0.3007999,2.2135816,-2.4885044,-0.8619599,-1.6183796,0.62956864,1.5638975,2.598473,-0.2838644,0.91526014,-0.7755127,-2.3895733,0.45628232,-1.9677489,2.322339,-0.51960707,0.22743501,-0.04696653,-1.2244241,1.6861858,0.9280591,-3.1129227,-0.71197397,0.59333205,1.4924536,-0.731284,-1.4324567
80,1,-1.2992959,-0.2898396,-0.28619975,-0.86707145,-1.888648,1.1258351,-0.24385352,-0.64047855,1.1822642,0.54900646,-1.0311042,-0.8785855,0.5431806,0.20896766,-1.0128663,0.5941979,-1.0929329,-0.41192946,0.3243905,-0.10338427,-0.6500447,0.81820613,-0.2972215,0.5750717,-0.7202994,0.30271897,0.3008538,-0.9343127,0.70005614,0.14974102,0.85551596,0.6451411,-0.6440925,-1.1650091,-0.6043251,0.76511395,1.1329031,-0.7248761,-0.94875944,0.0637125,0.20836559,-0.50079334,-0.809925
81,1,-2.012748,-1.6101816,-0.88596594,-0.05345285,0.28562215,1.6834676,-0.317836,-0.12478534,-0.4955293,-0.15692472,0.4302175,1.4800614,-1.8669004,-2.828244,1.1483308,-0.37676954,1.6088353,0.1726182,0.3880932,1.9478798,-1.0920392,0.3042763,0.91995203,-1.1123791,-1.8786459,-0.6933518,0.30109912,-1.1949741,-1.3497871,-0.11647155,0.048626672,0.6516455,0.36932343,0.24185026,0.07431472,1.8610729,1.6565831,-0.58479077,-1.3975617,0.63145924,-2.0303395,0.109985724,0.07810033
82,0,-2.4084826,-0.1775053,1.8728921,1.1192232,-1.4326315,1.5865245,0.5392793,1.1320634,-1.3688751,1.3797452,0.08842866,0.8606783,-1.3236065,-1.483011,-0.1466138,-0.12753296,2.9573805,-1.7036015,-0.86872095,-0.35646802,0.09639563,1.6853673,0.40382487,-0.07485106,-2.0545201,1.1434247,-2.182361,2.1466653,0.8771785,-1.5942013,-0.71066326,-0.30694014,2.606507,1.3243196,0.7309262,1.4019449,1.1337482,0.13417058,1.12482,0.20426723,1.2588247,1.6979481,2.1480718
83,0,0.054038543,-0.99151486,-0.42744887,0.0033162765,0.4446613,1.1998203,0.7793661,1.0157655,-0.43346018,-0.9078815,0.6932666,1.5109138,-0.8008427,-0.8504553,0.16001949,-1.0316067,1.0777178,2.4109046,-0.07400209,0.45957023,1.1096067,0.48075303,0.4057074,0.20430471,0.51417285,-0.75851214,-2.2552352,-0.55378413,0.6513196,-1.760906,0.7626075,-1.3395565,1.2839121,1.1915003,0.3812967,0.8938034,-0.58615226,-1.941141,-1.106206,2.1450086,2.3480911,-0.91004205,-1.4723941
84,0,-1.4495546,-0.71811396,0.7086067,0.27729377,0.49116638,1.2785989,0.30517566,-0.1304549,-0.11104024,-1.2671854,0.5535546,1.7427886,-1.6064525,-1.5887128,-0.2600186,-0.27586976,-0.049126953,1.420327,-1.0574031,0.5491004,0.49861804,0.5977652,-0.07901466,0.27481192,-0.5094002,-0.28688252,-0.11121944,-0.4949739,1.4511395,-0.5344268,-0.14047664,0.8042824,0.20507598,0.34383106,-0.721628,-0.072242275,0.42519334,-0.47614905,-0.6291246,0.3693798,1.1721257,-0.1720418,-0.9295339
85,0,-0.1440601,-0.95427006,0.4273856,0.7877269,0.40864694,-0.1761124,-0.6365312,1.4378833,-0.79251915,-0.004371825,1.6410967,1.1886513,-1.7362752,-1.0580331,-0.13776264,-0.9506463,2.618859,2.310492,0.8036658,1.6147392,1.1101983,-0.61464196,0.8039839,-1.0951579,-0.28813666,-1.013477,-1.8939451,0.10199982,0.019789688,-0.8789511,0.3019038,-0.61066234,1.4299748,0.61393875,1.034253,1.7128328,0.8040354,0.5006472,-0.589585,1.0379878,0.7891826,0.022902874,-1.071779
86,1,-0.23146667,-0.42054883,0.16135432,0.5044936,0.2510664,1.473686,0.36297068,0.108258195,-0.17524618,-0.6488999,0.75020236,1.4059197,-1.3173628,-1.0704644,1.1109147,0.6471585,0.31010818,0.29067767,0.027550729,1.0617414,0.37005538,0.9965101,0.08188611,-0.31440344,-0.14492866,-0.9353336,-0.4463493,-0.19588605,0.525761,-0.41387248,-0.07836712,-0.22636393,0.28613713,0.63471353,-0.64445007,0.16144404,-0.5221286,-0.22349958,-0.7307193,0.7788383,0.954416,-0.26048684,-0.24532491
87,0,-0.91023386,0.25990823,0.69008785,0.1282063,1.0219985,1.3117584,1.1200423,0.5249459,0.5572441,-0.4406926,-0.5852474,1.0386409,-1.0759498,-0.46817335,0.5730253,-0.13818942,0.22731209,0.48014563,-0.83981997,-0.08254114,1.10538,-0.0047110785,-1.2487267,0.16707505,-0.17005362,-0.24022672,-0.5350698,-0.52224433,0.9161839,-1.6801001,-0.4900124,-0.3614402,1.1923714,1.1107284,-1.2452906,0.42417592,0.8791397,-0.9772002,0.068052664,0.46421015,0.8766917,0.65111035,-1.193718
88,0,0.04684074,0.4200669,0.50174356,0.48541948,-2.551933,0.2706572,-0.58643115,0.3252565,1.143681,1.7889528,0.042766143,0.6259215,-2.529286,0.99887484,-0.20157963,2.4515352,2.1644483,0.18349178,0.7122993,2.2562568,0.5715637,-0.006844821,0.9006153,-1.1735332,-0.932505,0.25622806,1.1495636,-0.22390711,-1.6116409,-1.3471754,1.2902744,-0.13435309,-1.1390648,-1.5311981,-1.0289699,1.6170648,2.6710691,2.072397,-1.4616164,2.0631268,2.419067,-0.5254806,-0.58007634
89,1,-0.32279038,-1.063117,-0.21597202,0.2985411,0.21956868,2.0357807,-0.46569112,-0.48327687,-0.5867504,-0.702375,-0.56696963,1.5856899,-1.7295759,-2.184167,1.4450223,-0.6773649,0.9132001,3.1430116,0.07334471,2.7134068,-0.09233982,-0.30772868,-0.28194112,-0.30892116,-0.39183706,0.8270699,-0.4334361,-1.9028103,-2.0461686,-0.6768947,0.93564665,0.7853091,0.4746441,-0.63442814,-0.08697497,0.95032024,0.3117984,-0.03612002,-1.499157,0.29658315,-0.52246386,-0.98811924,-1.7772022
90,1,0.6397756,0.2411912,-0.028968684,0.11187961,-0.944989,0.1334046,1.4228895,-0.43706116,1.3154589,0.69228035,-1.1002187,-0.24538283,-0.51728976,0.8671327,-0.1873207,0.055525362,-0.52979726,-1.0106715,-0.04872229,-0.8660676,0.8678686,0.35881704,-1.4386165,0.9293247,-1.1759254,1.0516803,-0.054358922,0.44476414,0.19582586,-1.6372956,0.18305871,0.8037631,-0.7701912,-0.64197326,-0.79168653,0.88490975,1.6673025,0.6016521,1.2508336,0.08256259,0.90342236,-0.07321602,-0.76838833
91,0,-0.46393025,-0.5793671,0.362251,-0.038244084,0.36887395,0.8574089,-0.5374097,0.19077252,-0.29643556,-1.5752491,0.0185794,1.099467,-0.93719614,-0.35366163,0.104714125,-0.5131466,-0.22119282,1.9153913,-0.3069627,0.09647886,0.59888756,0.25136995,0.565037,0.5269932,0.2080996,-0.47258848,-0.6509787,-0.9697574,0.8046419,-0.5813053,-0.21695958,-0.14922468,0.51314634,1.504699,-0.8589491,-0.17231292,-0.32767376,-0.8757694,-1.0560747,0.29470375,0.38336655,-0.2273083,-1.1392293
92,0,-0.6437913,-0.76598954,0.109104276,1.1035497,0.8026267,1.367105,-0.76762646,0.1781292,-0.1614261,-2.2237065,0.83430153,0.61621314,-1.2714177,-1.0386603,1.8494833,-0.0034427983,-0.72432876,0.15183157,0.15819992,0.90287066,0.24789426,0.6602352,0.93709254,-0.638096,-0.70992655,-1.7829533,-0.23966873,-0.7263498,1.2661389,0.120964535,-0.09892705,-0.49949652,-0.20314692,0.5067141,-1.0218471,0.8412018,-0.8778234,-0.4196107,-0.9155984,1.0208225,-0.18859924,-0.10634466,-0.40782768
93,1,-2.0427153,-1.2432202,0.8418367,0.5002449,-0.2874314,2.0378714,0.968407,0.022100793,0.0077354815,-0.95546544,0.8281965,1.8333545,-1.8120182,-0.69524163,-0.28910038,1.0607016,0.23526002,-0.9837928,-0.34516406,0.050170366,0.3724203,1.5135034,-0.15182653,-0.65405875,-0.27898005,-0.8850944,-0.45175228,0.5543905,1.8746148,0.019681556,-0.763466,0.7190044,0.28270146,0.40281034,-0.81290114,-0.6841757,-0.3573277,-0.40165046,-0.53489214,-0.53475755,0.52588516,0.24349667,0.015529045
94,1,-1.8206295,-1.4840852,0.3643502,-1.4756554,-2.8576653,-0.06374221,-0.82566893,-0.51885676,0.58112615,0.23864537,-0.7854116,0.85729915,-0.1348937,0.94034344,-2.8715684,-0.5248023,0.113081515,0.08095092,-0.20908934,-0.8249198,-1.4155396,0.41703936,1.8072385,0.34948483,-1.2755466,0.032008775,0.7522724,-0.67281544,0.27278143,-1.1555973,0.42590004,0.77120054,-0.596925,-0.49826133,-0.7628907,1.5423378,1.5436834,-1.1588933,-1.7923243,1.1728349,0.42326644,-0.38739157,-0.6794676
95,0,-0.7832745,-1.3600857,-1.2497402,-1.0463358,-0.074855156,0.7521816,-0.38374153,-0.29502478,-1.4680481,-0.043454017,0.8795257,1.8012298,-0.9386196,-1.1557994,-0.5307637,-0.7886008,1.4025627,2.788082,0.393476,2.9169807,-0.45908087,-0.06804072,0.73926437,-0.7470165,-0.49671498,-0.16773973,0.9207957,-1.5710044,-0.7907668,-0.40499136,0.079494074,0.22818859,0.46495998,1.0092217,-0.29038662,0.79059803,0.6770187,-0.117984034,-2.1811883,1.584452,0.7045329,-1.4674827,-1.1160415
96,0,-0.291484,0.3583716,0.1737375,0.21607327,1.1126008,1.3223971,0.3227105,-0.061318822,0.102834225,-1.0562199,-0.1508121,0.65160173,-1.2515508,-1.5430406,0.70474505,-0.93207574,-0.08391762,2.2985227,-0.98884344,0.2968474,0.8561689,0.26781794,-0.24017306,1.429398,0.22165103,-0.30435568,-0.79602045,-0.73226684,0.95116866,-0.74712604,0.91588813,-0.24698313,0.4397378,0.6877865,-0.78142077,0.17315242,-0.02140879,-1.8127896,-0.112601526,0.90113866,1.0393088,-0.56048477,-1.1784939
97,1,0.3966846,-0.62205106,-0.5953225,-1.378392,-1.9814551,0.74581844,-0.48850948,0.62563574,0.9771222,1.0838041,-1.3665264,0.23056981,-0.30555698,-0.56655777,-0.2258643,0.117328994,-0.5727575,-0.46491715,0.14044148,-0.12946008,-0.8520226,1.6275324,0.7959261,0.6797186,-1.4493947,-0.049865667,0.83394295,-0.012184054,-0.44221726,-0.74225205,0.5480954,0.41663453,-1.1474866,-1.4347551,-1.609701,1.4894836,1.2313616,-0.53916425,0.28820327,1.134065,1.2314253,-1.0630535,0.015858853
98,1,1.1477666,1.7050371,0.7091548,0.19684839,0.07788175,0.7627549,-1.4197048,0.09078176,0.603017,0.5578932,-1.8135482,-0.84811044,-0.26756468,0.21643642,0.5469817,0.38970357,-1.1164726,0.6412581,-0.57664824,-1.4815679,0.46502814,0.5786644,0.18269353,1.3312557,-1.0261066,-0.34039214,-1.7089571,-0.52922773,1.8560276,-1.571064,1.6249375,-1.5654067,-0.087372966,-0.6946124,-0.43041697,3.2983065,0.16043863,-0.19564353,1.3626773,-0.11083581,0.043990742,0.3281994,-2.081919
99,0,-0.75724995,-0.5545386,-0.53252685,-0.140833,0.7125295,1.3206364,0.20089518,0.14489527,-0.5572795,-0.95348805,0.12630005,0.9216765,-1.0342616,-0.88437533,-0.16378586,0.4722019,-0.3611205,0.7649278,-0.57699656,0.6778827,0.61900526,0.94148064,-0.171439,-0.52289546,0.23187378,-1.4164377,0.13651294,-0.30691117,1.3113515,0.19995622,-0.3961217,0.23755397,0.3414375,0.64330304,-0.62118435,-0.46964622,-1.1574044,-0.4279279,-0.6067199,0.03216211,0.21711831,-1.0279468,-1.1107137
100,1,-0.9079318,-0.8706168,0.22038385,0.3725662,0.58644056,1.700746,0.29555944,0.024867365,0.35651246,-1.5720209,0.44061217,1.2293296,-1.4479712,-0.8656154,0.880542,0.5337067,-0.67393595,-0.036836214,-0.008929903,0.046134345,0.22307374,0.97402793,0.08739123,-0.19034965,-0.29065293,-0.9676054,-0.5851558,-0.18215589,1.2917122,-0.65500635,-0.37913302,-0.010206624,0.2130939,0.30028498,-0.6735626,0.2861939,-0.30227748,-0.92987233,-0.5256262,0.74507415,0.59501475,0.1449782,-0.43716076
101,1,-0.15098062,-0.1591529,-0.7083291,-0.21314253,-1.3786888,1.1318786,0.6420781,-1.1063697,1.6341536,0.22854882,-1.4921639,-0.23895298,0.0085673155,0.35934547,-0.00013048663,0.26609454,-1.2212744,-0.15760891,0.4505193,-0.945885,0.33028844,0.41444767,-1.1763655,0.6598815,-0.88416517,-0.054866407,-0.008373635,-1.1186224,-0.16306983,-0.8660105,0.5276611,0.74789244,-0.53073364,-0.9549188,-0.8748574,0.6540484,1.4780598,-0.35419592,0.25220934,-0.47926328,-0.18313567,-0.22545256,-1.9255878
102,1,-0.7556316,-0.6269887,1.2779452,0.5578226,0.94119334,0.8998634,0.40826896,-0.061896287,-0.23999277,-1.6026881,1.6918246,1.0874757,-1.4280363,-1.4203948,1.966519,0.3457761,-0.14563924,0.02527745,-0.3670224,-0.18535253,1.3147962,0.8023175,0.107177675,-0.027222825,-1.0851996,-1.4730726,-0.50507855,0.52833825,2.1707032,-0.33763978,-0.13314018,-0.5421252,0.36707255,-0.21424419,-1.000692,1.3940578,0.59169567,0.35997945,0.40591452,1.8777494,1.761244,0.51211697,0.03876102
103,0,-0.688979,-1.0184633,1.1265508,-0.7533656,-0.5304036,2.614661,-0.06242012,1.1991495,-0.23078792,-0.5800718,0.34094265,0.0161331,0.26481512,-1.9742795,0.48605052,-0.62173235,-1.2119079,2.4601698,1.7710319,1.1308651,-1.2349937,1.0225071,-0.22693852,0.016665969,-1.9151418,-0.011203214,-1.3847328,-0.8027431,1.229418,-0.22136581,0.490996,-1.2036976,1.3940231,-0.5798056,0.16171807,2.3809912,1.13257,-1.3463569,-1.1505423,0.9200425,0.28195998,0.48691493,-1.14908
104,1,-0.9179789,-0.81917614,-0.2644508,0.31730214,-0.16786647,1.7248691,0.63551337,-0.40080407,-0.18501689,-0.94869596,0.563741,1.4686126,-1.3609669,-1.7223053,0.12559497,-0.024450717,-0.41762072,1.778341,-0.20633961,1.5424309,0.00021316354,1.2062478,-0.54736197,-0.4072588,-0.5781955,-0.5399066,-0.016808437,-0.41032353,0.66030455,-0.12485072,0.5139528,1.2804773,-0.19677937,-0.3452326,-0.051186036,-1.0194684,-0.37355936,-0.20567237,-0.36610365,-0.07902037,1.2660259,-1.1197805,-1.2619411
105,0,-2.1263487,-1.3089577,0.35805708,0.22284536,0.580285,0.86052096,-0.25900915,0.27156863,-0.46664348,-1.968663,0.14099959,1.3886329,-1.7427549,-0.15629509,-1.2662158,-0.33511013,0.39185882,0.8846071,-0.8890548,-0.25217825,1.558664,0.6478315,0.2986213,-0.28244743,0.16090687,-1.4473568,-0.43635935,-0.19766344,2.0991201,0.015851622,-1.1445881,0.8131062,0.97269756,1.4925071,-0.73708,-0.45048296,-0.36246255,-0.8399325,-0.3186976,0.20538566,-0.15102714,-0.2652406,-0.5703237
106,0,0.18114355,-0.18884188,-0.6572528,0.47036165,1.3534739,2.2269082,-0.7450798,0.72964454,-0.43096018,-0.7910101,-0.07917574,0.7927046,-0.58750445,-2.818419,2.0615995,-0.0024620288,-0.63375723,2.9069264,-0.024455316,0.98327243,0.43003622,0.11607679,0.6172709,-0.07610344,-0.10106188,-1.7595043,-1.1743189,-1.5578734,0.7319328,0.4857344,0.6317228,-1.1105639,0.7285855,0.43994838,1.0533316,2.0201674,-0.4741102,-0.8067016,0.09045122,0.99940157,-1.2767515,-0.14519025,-0.13602838
107,1,0.4047275,-0.72080976,-0.8381928,0.34258917,0.1615393,1.3629724,-0.40459234,1.3272758,-1.0653864,-0.7426506,1.5019636,-0.014311264,-0.7890693,-1.8112229,1.034771,-0.21975875,0.25216514,2.0341249,1.4002955,1.6462269,-0.009208005,0.33985525,0.2837198,-1.8246255,-1.277864,-2.6854732,-0.7195345,-0.40352023,0.83239913,-0.078738876,-0.0994018,-0.9177417,0.9306631,0.11855794,0.8976829,1.6824824,-0.6133638,0.30308285,-0.69692177,0.79638755,-0.10608087,-0.91665304,-2.1170552
108,0,-0.7700885,-1.2928646,-0.8523843,-1.9064122,-0.40400264,1.7422655,1.087232,-0.17905259,-0.11326173,-0.6814589,-1.2915081,0.9286731,-0.43155208,-1.6520646,-0.20073004,-0.87537557,-0.973115,2.3674345,0.32562846,-0.9396483,-0.48571798,0.33628362,0.21168832,0.9951083,-0.94789493,-1.0147548,-0.6416361,-1.5145388,0.5039115,-0.7919985,0.15738268,0.60665476,0.033956345,0.9573057,-0.1565946,0.16852622,-0.45505166,-2.156238,-1.1023977,-0.2846851,-0.7740407,-1.1156527,-2.0342538
109,0,-1.2160748,-0.55377835,0.29419136,0.1947032,-0.18092003,2.6921594,-0.019950604,-0.18325865,0.31417087,-0.985523,-0.9345436,0.59874177,-0.30003104,-2.2050207,0.83046573,-0.44573793,-0.60344803,1.3178868,-0.7537498,-0.22901243,-0.74434936,1.8613904,0.8517851,1.3374294,-0.6322383,-0.61876655,-0.7175075,-0.6449528,1.1345415,-0.27904323,1.2482686,-0.18658315,0.4275353,0.73013026,-0.6153437,-0.08263882,-0.94826704,-2.8554742,-0.24908781,0.58704054,0.45854893,-0.83246946,-0.17087692
110,1,0.17331389,-0.35936522,0.15797387,-0.8856907,-1.0390677,0.4060478,-0.10635482,-1.0754976,0.5945144,0.39398572,-1.0194072,0.120218165,0.2616901,-0.52618694,-0.03605383,-1.2036612,-0.67856765,0.8495829,0.09531828,-0.9851942,-0.55141366,0.90156424,-0.0684217,1.614334,-1.34672,0.5893747,0.11770507,-0.68830055,-0.1312344,-1.0423702,1.1930631,0.28718182,-0.16852315,-1.2265077,-1.197632,1.2440258,1.668567,-1.279649,0.84909,0.84726983,0.96828824,-0.5681903,-1.2864686
111,0,-0.3494309,-0.9473639,-1.6169927,0.58110154,0.5437796,1.0434128,-0.92557013,-0.06014481,-0.51789945,0.22163917,0.72185093,1.6563294,-1.1425668,-1.6657213,1.5720093,-0.18125746,2.3374398,3.0816503,-0.101659246,2.431438,1.3527364,-0.4352782,0.6899597,-0.74080986,0.84581196,-1.4586251,-0.0030899865,-1.7134249,-1.6329608,-0.24630952,1.0780094,-0.5211837,0.8066449,0.7432798,0.015813235,1.1137557,0.5913358,0.5474827,-1.2258409,1.3342005,0.4871082,-1.1294731,-1.0514288
112,1,0.46601623,0.41379866,-0.16418882,-0.465729,-0.94237626,0.36336908,1.054547,-0.632041,0.7226731,0.24104527,-0.02870949,-0.74304765,-0.27775016,0.31350294,-0.1569735,0.14379817,-1.4065608,-1.0623351,0.5185387,-0.6411918,-0.14249429,0.3491862,-0.7593427,0.13211593,-1.463389,-0.464166,0.65524554,0.18876338,0.8204451,-0.52003413,0.3756287,0.271436,-1.0092708,-1.6795771,-0.6891406,1.300243,0.7211574,0.19157736,-0.06529592,0.53791595,0.23237158,-0.35063332,-1.0492586
113,0,-0.6222837,-1.0672272,1.2013202,0.7780891,-0.23604111,1.0504439,1.5256582,0.20730896,-0.69786435,-0.14521411,2.4494798,2.073895,-1.8673537,-1.0045627,0.31399372,1.6908883,0.5503809,-0.56673896,0.7781705,1.9261543,0.2488326,1.7737191,-1.7118319,-1.9595107,-1.4697796,-1.0155491,0.05836724,1.3704873,1.1138034,0.09304475,-1.0065234,0.41406327,0.4734119,-1.6146233,-0.19019322,0.4070996,0.88591915,1.1265517,-0.09210829,0.3576384,1.2999774,-0.0494943,-0.74541247
114,1,0.19345655,-1.0363953,-0.03437246,0.62586266,0.81858265,0.14746258,-0.6101668,0.1318922,-0.22191907,-2.268128,-0.10112158,1.5743625,-2.0184984,0.57711303,-0.11677059,-1.1809466,0.38610357,2.562821,-0.0020648472,0.13878544,1.8118994,-0.12401194,0.8731575,0.46313187,0.4967085,0.18788992,-1.868279,-1.0595224,0.3646169,-1.7672952,-0.1626066,-0.49066195,0.5227736,1.9347223,-0.78128576,0.29503566,0.5455648,-0.4771919,-0.4799272,1.0161684,0.8272353,0.0689917,-2.20457
115,0,-0.09253989,-0.08486387,0.19151196,1.1918882,0.07320004,1.7148738,0.8784402,0.4964125,0.1852383,-0.7582651,1.0768102,1.6872984,-2.3128023,-0.44933328,0.44002077,2.0111156,-1.0678589,-0.40831417,0.09896231,1.2366637,0.95100164,1.5736468,-1.3602799,-1.9662644,-0.7284465,-2.1303277,0.1918391,-0.015580503,1.554196,-0.55260307,-1.0646667,0.5285808,-0.0070358575,-0.10129252,-0.8241559,-0.64816445,0.11019125,1.5486695,-0.36172515,-0.9440844,0.53890955,0.16709419,-2.0688353
116,0,-1.6242781,1.596569,1.3152713,1.7780873,-0.97309065,-0.13445078,0.03124876,0.7509871,-0.17032002,1.2612067,-1.861488,0.30968803,-1.1160843,1.8092873,-2.8153844,-0.79275215,0.79698,-1.618138,-2.9717925,-2.9042146,1.1924635,-0.0795288,0.35796723,-0.22813778,-0.38760322,-0.18515733,-1.2933712,0.53626704,2.9925804,-2.433658,0.04808938,-0.71242386,1.4916016,0.8106165,-0.45920855,1.4362668,0.6100695,0.3705447,1.751015,-0.71370804,0.8216573,1.5854582,-0.28503054
117,1,-0.30049536,0.71559614,1.889203,0.12947214,-1.0984502,1.2609568,1.4044924,-0.32825482,1.582154,1.280852,0.3217018,0.14459448,0.41407165,-0.4794733,0.880383,1.8582827,-1.1336148,-0.9030463,0.04036656,-1.3954151,0.51734996,0.3740743,-1.8513746,1.0867144,-1.30245,0.484376,-1.4450191,0.24741504,1.5356371,-0.07393561,1.5197364,-0.5932932,-0.41932315,-2.580882,-0.8872243,2.3217008,2.0832584,0.920394,0.37509894,-0.52802175,1.8827853,1.4558092,0.18602629
118,1,-0.40820518,-1.6458033,-0.1475307,-1.2665321,0.06032071,1.2790498,0.92967576,0.987419,-0.71936345,-0.82403255,0.8732333,1.1280625,-0.34013414,-1.4561845,-0.98333794,-0.7139455,-0.6984807,2.116927,0.8241307,0.009099736,0.16768979,-0.10038288,-0.44631624,-0.40708664,-0.4246411,-1.0467274,-1.9424268,-0.40896425,1.3351599,-0.4023437,-0.83585405,0.18633032,1.1538615,0.038065836,0.9157933,0.9614071,-0.40631384,-0.97544366,-1.0281214,0.07650502,0.56730515,-0.39183065,-1.6616313
119,0,-0.20989984,-1.6167021,-0.48394716,-0.21288154,-0.21891822,1.829672,-0.6078211,0.4385106,-1.2126286,-0.93264884,0.49824494,0.91157025,-0.3706448,-1.3548543,1.1719749,-0.8459884,-0.24676484,2.4192545,1.3765996,1.309616,-0.66504353,-0.3126635,0.920759,-0.35139826,-0.3823742,-0.6316368,-1.9201896,-2.1779497,-0.13763222,-0.74161726,0.17497152,-1.0490091,1.0238094,1.2142097,0.22524168,1.4549166,-0.53234124,-0.26495716,-2.6060615,0.046309564,-0.47371882,0.027849572,-1.9452869
120,1,0.38831413,-0.7055254,-0.96273106,-0.34245935,-1.2478342,-0.233667,0.6343539,-1.2432368,0.76630145,0.79665726,-0.19775519,0.23125657,-0.2926166,0.06329479,-0.7285727,-0.5849217,0.167578,-0.26419494,0.66803026,-0.20337734,-0.033852253,-0.078617245,0.12195922,-0.055512503,-1.3735934,0.3074866,0.75393206,-0.28911552,-1.135747,-0.79478174,0.91523033,0.5076132,-0.9737305,-1.5712924,-0.33521882,1.7380913,2.4362419,0.36206475,0.28555158,0.93270946,0.093521,-0.28632775,-1.4418335
121,1,-0.5878023,-0.46665302,0.08078333,0.19186762,0.60004,1.2499291,0.911325,-0.1386955,-0.12346025,-1.384125,0.3172057,0.9914549,-1.1419485,-0.9759635,0.13207507,-0.39226258,-0.7691176,0.8205742,-0.45872542,-0.31284726,0.4001648,0.5272832,-0.15679546,0.20770703,-0.47486672,-1.5137453,-0.2941309,-0.49793568,1.6855984,-0.53863794,-0.20069149,0.064685866,0.16843854,0.62000614,-0.8611043,-0.14192893,-0.5659669,-1.3217559,-0.11857603,0.50611746,0.5812304,-0.46739724,-1.438499
122,0,-0.35904297,-0.9415564,-0.5468262,-1.1024846,-2.20134,0.5923558,0.5072067,0.09401651,0.7142434,0.043914564,-1.1732028,-0.39575493,0.07997582,0.8041996,-1.7483736,-0.575118,-1.1008153,-1.2974775,-0.12701994,-0.9251919,-0.9392463,1.4889395,0.57332915,0.47025737,-1.185423,-0.63105536,0.9929429,0.33865285,0.44952554,-0.8758782,-0.16101919,0.8308672,-1.0383621,-0.40400878,-1.110282,0.25662175,0.11424435,-1.4227235,-0.45397115,0.59022754,-0.1475171,-0.9885602,-0.81706685
123,1,0.7407074,-0.07962415,0.58154726,0.7358219,-1.282159,-0.5088381,0.1637087,0.13398576,0.8785964,0.1797154,0.13624299,0.06067051,-1.387198,1.8636272,-1.0692935,-0.3490182,0.64000446,-0.8925142,0.109290764,-0.88033295,1.0825013,-0.031015867,0.08407829,0.6350339,0.23033822,0.5415774,-0.39183208,0.62642777,-0.09067207,-1.3646581,0.35896787,0.011864115,-0.73925906,-0.8302707,-1.3377898,0.44586354,1.1908175,0.31218603,0.24650837,0.22884932,1.0174407,0.21898934,-1.147187
124,1,0.4174298,-0.740872,-0.1326241,-0.8672138,-1.2198061,-0.5115855,-0.034698207,0.5731063,0.5021268,-0.0077355304,-0.85653085,0.11920562,-1.2830261,2.1004508,-1.5989581,-0.023808617,0.19781095,-0.3559905,0.5072523,-1.0566217,0.38761744,0.4255281,1.7612141,-0.62336457,0.05207193,-1.464529,-0.09918035,0.4228687,0.1394804,-1.3164535,0.6991769,-0.5822438,-0.5094504,0.048962563,-0.82576215,0.7772141,0.32621405,-0.92916405,-0.30782726,1.5284091,0.019457182,-0.33387154,-1.2445142
125,0,0.23210259,0.4629388,0.821217,-0.59410655,-0.24008352,-1.3131093,0.5117829,0.80634546,-0.22105798,0.634095,1.3498334,-0.88309616,-0.26660788,0.5330571,-0.7536081,0.21096142,-1.5424893,-1.6598243,0.94517154,-0.84950143,-0.63864195,1.1176527,-0.040173754,-1.0044717,-2.1513746,-1.5168824,1.0446966,2.1191764,2.3470895,0.26778302,0.37320676,-1.2096109,-0.8452697,-3.0404117,-0.8560211,2.240907,0.82909125,1.624245,0.425868,1.4074533,1.0785487,0.44548267,0.002106649
126,0,-0.9118338,-1.4078188,-1.2773517,-1.2958542,0.24296144,0.12308314,-0.70602113,0.48766428,-0.38491067,-0.5615316,-1.0085888,2.249908,-1.3536774,-0.9796926,-1.1073844,-1.9405899,1.2618719,4.823872,-0.29274878,0.91796726,0.8304296,-1.1433872,0.4919657,0.9317732,0.026411895,-0.120821714,-1.2514887,-2.1826873,-0.5383213,-1.7007536,-0.24042845,0.61917007,1.1341393,2.549173,-0.31660128,0.6210068,1.3247315,-0.47252136,-1.2933152,-0.037542682,0.3181792,-0.55783355,-1.9588069
127,0,0.39586774,0.28598365,0.3574467,1.0838147,-0.06447322,1.2977477,0.39020258,0.0140931625,-0.07844892,-0.6766817,0.6441951,0.9113009,-1.4335841,-0.6571633,0.5394591,0.48291653,-0.4659473,0.73587644,-0.030625116,1.619844,0.6317644,1.187929,-1.188938,-0.19973916,-0.032157753,0.46280155,-0.2551592,-0.15672499,0.56724197,-0.33001775,-0.29487523,0.46030742,-0.018749915,-0.21620923,-0.5052085,-0.5999553,0.021296203,0.649352,-0.49493682,-0.21975258,0.9718299,-0.34463042,-1.0062497
128,1,0.24071927,-0.26750043,-0.29703397,-0.9220128,-0.67513496,-0.33755758,0.9206773,-0.8563012,0.4745422,0.56499386,-0.7253295,0.39660868,0.11531412,0.15094559,-0.794156,-0.752481,-0.8496994,0.25578552,0.09434053,-1.2043245,-0.08792382,-0.077795416,-0.55288815,0.7839301,-1.6905595,0.15285058,0.5167092,-0.6721236,-0.05066105,-1.2906048,0.076904885,0.5540934,-0.48291156,-0.7745853,-0.6794586,1.3923845,1.9088216,-0.123166725,0.51114166,0.63318604,0.469559,-0.11091975,-1.1746942
129,0,-0.42452773,0.06566984,-1.1094347,1.2277019,1.020208,0.4621697,-0.21195923,0.75899106,-0.16187228,0.13213122,-1.146636,0.5657735,-1.5173287,0.2971719,-1.2697486,-1.9016681,2.576895,2.167699,-1.21838,0.7179514,2.6863716,0.081948765,-0.07880649,0.47358316,1.2109803,-0.049924113,-1.948999,-0.29940733,-0.08297876,-1.150179,1.0000733,-0.652327,1.6877667,2.3194017,-0.4073216,-0.10907103,0.8167868,-0.7053933,1.0807804,-0.5350566,-0.18916619,-0.16862488,-1.9594373
130,0,-0.053356707,-0.64957947,-0.21873496,0.8093288,0.6687236,0.73268384,-0.6203157,-0.15603001,-0.2929215,-0.7274515,0.8668601,0.6766378,-1.0915504,-0.52672863,0.09269712,-1.8317994,1.7007371,2.5866716,0.44360045,1.6473507,0.87848467,-0.54814047,0.07148663,0.19189404,0.8386618,0.60586274,-1.1867785,-1.2555116,-0.9742689,-0.71126413,1.4537872,-0.618756,0.73149186,0.265762,-0.62888414,0.7292941,0.7198189,-0.74542624,-1.2732158,0.4475341,0.48677272,-0.46417618,-2.602228
131,1,-0.8656848,-0.55287397,0.03077527,0.6310125,-0.04045215,0.9432576,-0.5796363,-0.5180063,0.17322597,-1.0764896,0.15706733,1.4179841,-0.8483412,-0.6024766,-0.3733222,-1.4320472,0.7409672,3.42644,-0.26158905,1.7711437,0.7168795,-0.26926464,-0.5457892,0.76386124,0.7714406,0.9472963,-0.71648914,-1.5649726,-0.35854447,-0.9043688,0.96695745,0.34587342,0.89919597,0.88370323,-0.7657117,-0.5678692,0.8640569,-0.5651892,-1.0434493,-0.06031442,1.5574487,-0.5490903,-2.2856307
132,0,-0.76439476,-0.09019964,1.1085916,2.3121326,-0.06853565,2.3037724,-0.81612265,0.91782653,-0.14241424,-1.4256448,1.775545,1.2550033,-1.664717,-1.0989459,0.9927202,1.2544905,-1.6410294,1.1671275,-0.5551489,1.9835142,0.12671472,0.6715225,-1.0191227,-2.103347,-0.5166099,-0.9528566,-0.38805243,0.2965083,2.2755415,-0.2583658,-0.042204384,0.1906089,-0.054214343,-2.3364935,0.868969,0.70994306,-0.8276725,2.425508,-0.7086629,-1.3191491,0.7716735,0.23390315,-1.8377582
133,1,-1.6010355,-1.0609617,-0.084533505,-0.4418885,0.2692256,2.0487232,0.4376387,-0.014816433,-0.22006732,-0.14746368,0.8024095,1.3353126,-0.6080407,-2.458224,0.53712595,0.54339707,0.12973422,1.8011023,-0.09390295,1.494817,0.14131254,0.071962655,-0.10245256,-0.6455752,-0.10995431,-1.741036,0.04163191,-1.1508346,0.96828777,0.9987278,0.4793926,0.689055,0.29151505,-0.35713044,0.5591285,0.45806676,-0.23245236,-0.9893141,-0.8285499,0.4399555,-0.072212666,-0.90565944,-0.079077296
134,1,-1.9130039,-2.0071638,-0.60570526,-1.3611388,-0.21373108,1.8173168,-0.2836665,0.13022558,-0.066835925,-0.12680176,-0.425627,2.3000546,-0.9027871,-1.5491593,-0.34588188,0.3333196,0.74481505,2.5081565,0.07888058,1.4416854,-0.42913082,0.30919343,0.91081995,-0.72403,-0.96847486,-1.2066646,0.74740255,-1.6135144,-0.4345972,-0.9682896,-0.07573853,0.40521142,0.80914205,0.8236408,-0.011930179,1.1260362,1.2472574,-0.8566668,-1.4484457,1.5895507,0.22900066,-0.3455132,-1.1053247
135,1,-3.3397777,-0.6714005,2.8104596,0.9688615,-0.96574795,2.2876434,-1.5367996,-0.70015174,-0.70753074,-0.2918005,0.72075814,1.5724542,-0.5704066,-2.345753,0.5254642,-1.4441826,0.6787145,0.42199254,-1.7198094,-0.23552705,-1.8136737,1.6759614,1.7105778,1.0798657,-1.001844,0.89660156,-1.063182,-0.5082976,1.8126969,-1.0383626,1.6594108,-0.37239966,1.8436735,-0.43732142,-0.7311493,1.3726438,1.0287763,-1.5937717,-0.408012,1.0239965,2.2936945,1.3641344,1.6108272
136,1,-1.3331612,-0.36674938,0.19786175,0.51816255,0.63279283,1.3086942,0.7848851,0.08255151,0.14679585,-0.7649093,0.38770548,1.5947608,-0.7310306,-1.5769455,-0.037851326,0.40159446,-0.49609864,0.7163127,-1.2396785,-0.6883811,0.694432,0.40611067,-0.16660613,-0.13060479,-0.36721665,-1.7769938,-0.08702695,-0.80769855,2.0069528,-0.1900077,-0.22246101,0.19056492,0.35605705,0.7547979,0.01140728,-0.13070661,-0.0573669,-0.45611662,-0.17304991,-0.3197487,0.18948247,0.039549652,-0.98608637
137,1,-1.5321192,-0.75651693,1.1240948,0.3830668,-2.771221,0.8018712,-1.0162588,-0.09027374,0.84301,0.8043988,-0.15154207,0.29225832,-0.48180556,0.60657424,-1.4744006,-0.3081313,0.94302434,-1.3890458,-1.1630775,-0.79218584,-0.5427242,1.2184294,1.1813519,1.3112323,-0.37652797,1.0520067,0.08098454,0.89906925,0.6809887,-1.0604643,1.0140748,0.5246365,-0.4421005,-1.320763,-1.3603786,1.1413254,0.9008919,-0.255125,-0.4284952,0.3779002,1.8989859,-0.12534498,0.9758333
138,1,-1.1363673,0.012240586,1.8683883,2.402173,-0.20108874,1.5865235,-0.80961007,-0.14088379,1.0739478,-1.3328779,1.1997055,1.8402814,-1.6023154,-0.53069437,1.2254399,0.48842245,0.21552975,1.130861,-1.3162084,0.7193854,1.6626586,0.5862894,-0.61122125,0.9008863,0.5635161,-0.04513214,-1.0932249,-0.5928765,1.6654062,-1.012257,0.338828,0.055679966,0.68101054,0.5330033,-1.2198303,-0.021560906,1.249629,0.5497173,-0.32406455,-0.16643585,2.126025,1.0834515,-0.852361
139,1,-0.9206526,0.41205803,0.21749805,-1.4620711,-0.84338737,0.97464204,1.5067906,0.2222886,0.6981996,0.38424903,-0.056999244,-1.7129357,0.54387605,0.37090257,-0.33142146,0.17582613,-1.8673321,-0.9048901,0.9814869,-0.71780175,-0.6812664,-0.15420432,-1.5874113,0.059563905,-2.0858698,-0.69248444,-0.23509978,0.65772593,2.9606857,-0.5353447,0.13210793,0.021403227,-0.35903955,-1.4833908,-0.037737753,2.1751099,-0.13234606,0.06051892,-0.2734752,0.10745528,0.63464737,-0.23461296,-0.45697653
140,1,-1.7118262,-2.1394167,1.1685067,-0.11825926,-0.34117702,1.6523066,-0.9072701,-0.42047432,-0.41140133,-0.34508988,1.6734632,1.8619057,-0.6872182,-1.4166061,1.4587264,-0.24300747,2.0978603,1.522522,1.0175668,1.221988,-0.5613948,0.021899635,1.2175392,-0.14612691,-0.7896478,-0.0076629864,-0.29147524,-0.79205084,-0.99555326,-0.3705671,0.53393656,-0.73284185,1.3064231,-0.5397433,-0.5878172,2.201462,1.6900989,-1.0935235,-1.6205034,2.1200407,0.8117842,0.25754187,0.510177
141,0,-0.15908442,-0.48033628,1.0239427,-0.031621832,0.1314158,1.5607584,0.71803504,0.11064442,-0.48083296,0.77763283,0.6727332,1.4412032,-1.0892879,-2.304921,-0.31084064,-1.5501468,1.9838146,2.357009,-0.21522155,2.0240512,-0.6962592,0.75958097,-0.4828463,0.7863217,-0.21076809,1.8303162,-1.1262832,-0.32878843,-1.2219477,-1.4817148,1.6473733,-0.5510231,1.1018068,-1.15944,-0.76853555,1.4279683,1.3285428,-2.0225124,-1.5433388,1.436079,1.9970735,-0.7215496,-1.7558999
142,1,0.23458181,0.3505282,0.70664984,2.2775307,-0.033154856,1.9940633,-1.0430417,1.3736869,0.07321538,-0.84359264,1.5181403,0.17188543,-1.2818086,-1.2847565,3.1288362,0.6823482,-0.49248064,-0.7254294,-0.066781044,2.1112053,0.88994724,2.334738,-0.7631116,-0.050378226,-1.2920672,0.43991613,0.29115567,0.9396945,1.2861829,-0.96248007,-0.28248402,-0.85914433,0.35039225,-0.28852192,-1.2083893,1.5288723,1.2285645,1.6708826,-0.12692833,1.2888662,1.6296705,0.33111748,0.58389884
143,0,-1.9643568,0.7221669,2.2662866,0.58624446,-2.0918128,0.87241566,-1.0472212,-0.16295853,0.5764298,1.5376796,-0.5711822,0.7100508,0.7276635,-0.76671726,-0.37585428,-1.3512117,0.5653347,-0.24654074,-2.4927375,-2.5056458,-1.3606791,1.53946,1.1002232,2.3519828,-0.95825046,1.1740313,-0.672976,0.10048973,1.8619158,-1.7229166,2.398446,-1.0850705,1.2218608,-1.045888,-1.9594605,1.3742985,1.5309047,-1.52638,0.3204531,0.15225346,3.5859013,0.55140126,1.3900096
144,1,0.254842,0.7915507,1.9355147,2.1317208,-2.4852636,1.9537151,-0.6654934,0.81552935,1.0428708,0.85568744,1.5152246,0.27220118,-0.6394406,0.5260295,0.35013506,1.8522091,-1.507891,-0.3674116,0.033626415,0.6595345,-0.8461017,0.6415425,-1.1154476,-1.4390348,-1.3142701,-0.018363649,0.09108697,0.8646327,1.1723299,-1.3086517,1.10954,-0.236058,-0.47111472,-3.7507613,0.5221212,1.7446733,0.87126386,2.951358,-0.7179595,-1.6243669,1.2990402,0.954301,-1.4262183
145,1,-1.9934478,-0.33037144,2.5073204,1.8224432,-0.12222799,2.9579983,-0.8942545,0.89902055,0.116221964,-0.20019549,-0.7971336,1.0732878,-0.9090618,-1.6895063,0.37029454,0.10310747,1.4350411,0.967482,-1.4412929,0.29937154,0.6911488,-0.01696761,-0.31134406,0.20799282,-0.07309586,1.3056324,-4.712024,-0.6576709,1.1896925,-1.0482775,0.51671314,-0.28680438,1.9923372,0.15930359,0.92516035,2.311692,-0.08568587,-0.2794596,0.25401637,-1.7504964,0.5534004,1.722349,-0.50129163
146,1,-0.9210426,-0.6895328,0.2533638,-0.15429766,-2.0232847,0.45724326,-0.17947577,-0.84818256,0.66919583,0.58889836,0.4171214,0.929685,-0.1240688,0.6862012,-1.2822095,0.3458856,-0.709046,-1.0601027,-0.50812095,-0.5084951,-0.62632006,0.7956664,0.2430376,0.31775594,-0.65175736,-0.2465305,1.2202357,-0.39648667,0.57865846,-0.7726405,0.5262561,0.33667776,-0.74597764,-1.7583187,-1.2354127,1.0960612,1.4759516,-0.05789658,-1.0660834,0.64329994,0.957306,-0.15553468,-0.6963776
147,1,1.3021255,0.7984873,0.4037921,0.51166105,-1.2713392,1.3110527,0.27729407,0.36955044,0.5183554,1.6920907,1.0285441,-0.47835103,0.39319536,-0.6570764,0.99992204,0.5885849,-0.84133804,0.037645064,0.2483765,-0.3251366,0.36208493,0.20124578,-0.6482649,0.27813613,-0.22979301,-0.9060861,-0.9177472,0.52633554,1.3018092,-0.27667025,1.6333582,-1.5234728,-0.097158514,-3.3067915,-0.08772242,2.8246465,0.3553451,0.87696517,0.3439908,0.54032,1.7901937,0.06463808,-0.4840003
148,1,-0.02216657,-0.6828477,0.6809203,1.5365998,0.19008905,0.35553688,-1.0725422,-0.20265713,-0.257584,-1.38641,1.3848253,1.8005058,-1.7646811,-0.15509838,0.3010785,-0.71970934,1.297005,2.5110354,0.17635432,1.4350111,1.4908105,-0.55090165,0.32614693,-0.29683036,0.714453,0.15215115,-1.7469077,-0.9379536,-0.10997082,-1.0000399,0.38556337,-0.38912168,0.9343496,0.6796111,-0.36567628,0.550786,0.8330768,0.78629476,-0.88138396,0.28008148,1.4800783,0.39568266,-2.2921462
149,1,-0.96100926,1.925349,1.123745,1.4375609,-0.1729686,-0.7719434,-2.7805123,1.6570276,-0.13600613,0.9352141,0.84195644,-1.1828396,0.39796585,1.3035911,-0.36054397,0.042045053,-0.42567772,0.035820715,-0.93077415,-0.25234684,0.085079655,-1.0760713,0.6745155,-1.1211646,-0.1564678,-1.6761608,-0.4480227,-0.042036634,2.7032065,-1.0100623,0.96210563,-2.2891803,1.1840123,-0.51641953,0.69349444,3.1885593,0.7021206,2.0546722,-0.08568284,0.017399572,0.48588574,1.7431304,-0.28430438
150,1,-2.055462,-0.487242,0.10378788,0.7426721,1.0712787,0.5556996,-0.19401489,0.22458768,-0.258817,-1.2251961,0.28669164,2.2338412,-1.3189944,-1.0002369,-0.4882268,0.008189874,0.5231949,1.2013084,-1.6774888,-0.6396046,0.91593665,-0.050838962,1.0534375,-0.4263268,0.009567763,-2.080352,-0.35695386,-1.0220236,1.9427423,-0.5606437,-0.36177716,-0.16361299,0.64930725,2.3959377,-0.06445921,-0.08551312,-0.21875894,-0.16993101,-0.57737887,-0.35993955,-0.11771568,0.44753504,-0.85069203
151,1,0.06987732,-0.73193324,1.7360592,-0.873103,-2.7543888,0.33601832,-0.35609737,1.0471292,0.6370774,1.1252269,-0.8886712,0.15383536,-0.6318094,1.3660412,-1.6685225,0.08218924,1.7652278,-0.4274076,2.0366635,-0.84999853,-1.7701128,0.5577004,1.427713,-0.5432712,-1.1278404,1.0731617,-2.5370717,-0.05446111,-0.77892965,-2.410077,1.137275,-1.4266462,0.9120177,-0.3761443,-0.5414878,1.5806063,1.2587531,-1.7054691,-0.81399405,0.32154632,1.72035,0.47132614,-2.1470668
152,0,-2.0626097,-0.55335903,1.0437967,0.013669379,0.5697652,1.017694,-0.02459644,0.46355686,-0.45420802,-1.3968414,-0.1828274,1.5196187,-1.1077583,-1.2142072,-1.1332295,-1.1583444,0.5662306,1.1873589,-1.2633971,-0.4796812,-0.63293797,0.6159507,1.6208565,0.38359848,-0.63402665,-0.5085979,-0.7418759,-0.54870456,1.9131457,-0.89756465,0.37608075,-0.7754274,0.9674561,1.5904329,-0.79786676,0.66491556,-0.3253154,-2.382284,-1.2347746,1.3885297,0.96934676,0.12711263,-0.113032945
153,0,-1.3178613,0.7027466,1.0768483,0.99220115,1.5938644,0.22407496,-0.11744272,0.40335792,-0.5950742,-0.29932648,0.3776348,1.6000273,-1.0687876,-1.233221,-0.5547117,1.0098401,0.19102955,1.3170402,-1.5556425,-0.78032935,1.6021193,-0.28917536,-0.12824719,-1.1330515,-0.1898708,-0.93789244,-1.6004887,-0.46865243,2.690038,-0.3327824,-0.6053869,-0.6424799,1.3676366,0.912419,0.62290394,0.99084157,0.6507794,1.653492,0.735652,-0.5220319,1.2786577,1.3114115,-0.9041201
154,1,-1.902409,-1.0595167,2.2560918,0.14987813,-0.814228,2.1984582,0.2826506,-0.2455079,0.2290787,0.4883221,1.0169035,1.4552419,0.054979492,-2.4917493,0.9484548,-0.15265973,0.71435994,1.4241893,0.045806404,0.677899,-1.0022398,1.0223197,-0.5607579,0.6274151,-1.6592141,0.8331979,-1.5022352,-0.39921793,0.37145725,-0.87964946,1.1105956,-0.028532574,1.5369132,-0.9172412,0.034354493,1.6165204,2.0770435,-0.8874819,-0.5979511,0.34914234,1.9343901,0.82966435,-0.18317692
155,0,-1.9343348,-0.08344661,1.7559328,2.9226646,-0.65319896,2.8716276,-0.81703246,-0.19047353,0.43636894,-1.1373904,1.0495868,1.3321598,-2.341094,-1.9280465,2.2530458,0.4341809,0.38204822,-0.98735815,-1.3429441,0.9897517,-0.22421943,2.0922453,0.3791234,0.4997645,-0.80252975,0.2500474,-0.73249674,0.18358164,1.6571048,-1.2236335,1.2524706,0.41785976,-0.2537357,-0.6968217,-0.9483801,0.29331,-0.2190192,0.3762228,-0.30489197,0.26585808,1.8839617,0.60024786,0.8075541
156,1,-1.511093,-0.8249461,0.07876785,-0.35960567,0.43109718,2.2517505,0.8206015,-0.0066995155,0.052814752,-0.7463348,0.8564781,0.7957534,-0.19155097,-2.6536376,0.5948848,0.23932207,-1.3877585,1.573673,-0.013761291,0.2578223,-0.16433263,0.15531115,-0.4933592,-0.44760236,-0.8789506,-2.0710874,-0.4170256,-1.0442263,2.034403,0.97379506,0.24748054,0.41174483,0.31747684,-0.6194549,0.6971974,0.789677,-0.105232224,-1.0768648,-0.44259644,-0.33012486,-0.493747,-0.28123355,-0.71125233
157,0,-1.4270014,-0.075141914,1.0532188,2.0851114,0.88878614,1.0519906,-1.5760965,0.28814018,0.00015365123,-2.009439,1.8536905,1.9986343,-1.6983438,-1.0667425,1.0815911,0.20732178,0.0371148,1.8122599,-1.3741527,1.513124,1.266943,-0.24550508,0.584142,-1.2080947,0.023135656,-2.1495383,-0.5136097,-0.96908486,2.1224024,-0.8526935,0.36818802,-0.20518056,0.6909575,0.6276919,0.46067634,0.9059425,-0.15482108,0.90919304,-0.81451124,0.6452819,1.2420033,0.63734746,-1.7582405
158,0,1.0357426,-0.0044484898,-0.87266856,-1.2052579,-0.7923469,-0.6997663,0.760847,0.1630057,0.18883656,0.0478535,-0.61909777,-0.10618212,-0.4525864,0.90269965,-1.5600288,-0.13594086,-1.3029287,-0.2889462,0.09542244,-1.2327108,0.38058916,0.5916563,-0.27220628,0.21080044,-0.6674662,-0.99632704,0.3207288,0.27615643,0.51620704,-0.7096368,-0.19778536,0.29985976,-0.968067,-0.74206764,-0.7692587,0.31068158,0.2798114,-0.1985854,0.54698294,0.32700676,0.43874463,-0.9065656,-1.8521422
159,1,-0.4331711,-0.9897967,-1.0956686,-0.6075206,0.081497855,1.0516821,-0.27583537,0.81239754,-0.92914367,-0.7290809,0.74755394,0.58016914,-0.81328076,-1.2141122,0.23220165,-0.0069474806,-0.07046171,1.6147726,1.0627614,1.3869437,-0.051936302,0.17835364,0.20416093,-1.3271261,-0.5717282,-1.7586218,-0.039666723,-1.0519539,0.39937586,0.05537972,-0.62802696,-0.019064542,0.68349206,0.7444327,0.39748502,0.49000344,-0.27988866,0.05345991,-1.332316,0.47338995,-0.4657936,-0.7279131,-1.3577192
160,1,0.6905866,-0.6153678,-1.0827156,-0.18557921,0.555346,0.61751425,-0.22594987,0.9339156,-0.08890595,-0.94016683,-1.570035,1.3823653,-1.5044252,0.027854916,-0.18010025,-0.88627255,-0.22664449,3.052382,0.43259197,0.19961911,1.2132465,-0.10571776,-0.5329487,0.38337353,0.37434873,-0.25984854,-1.749751,-1.602316,-0.3578407,-1.7154751,-0.42189628,-0.2284934,0.7888189,1.5724778,-0.5218516,-0.003646463,0.13321918,0.0013272067,-0.27530658,-0.8283549,-0.5285644,-0.0812217,-2.996358
161,0,-0.0018395287,0.07135581,-0.17101063,0.5506202,0.098826446,1.2434539,0.34605026,0.5289568,-0.5657589,-0.98593646,0.10632508,0.21566759,-1.4912152,-0.3268503,-0.22993168,-0.69376653,-1.0731272,0.15443066,0.80627877,1.1119854,-0.36260015,0.60752493,-0.08538568,-0.71945864,-0.62491184,-0.71061945,-0.47634286,-0.22378838,0.8485884,-0.046635948,-0.2564679,-0.31675452,-0.1066946,0.49487972,-0.8473811,0.14018849,-0.6576922,0.1493173,-0.64689255,-0.7118474,-1.0006256,0.53825194,-1.3819226
162,1,-1.3881328,-1.1690888,1.0047354,0.105719745,-0.49952263,1.2327921,0.09154726,-0.13020495,-0.06356707,-0.6508839,0.73446226,1.6263245,-1.2819744,-0.62691945,-0.057483263,0.20058277,0.8124237,0.5036749,0.10042639,1.0961568,-0.0874957,0.62214005,-0.0795403,-0.17557745,-0.58155304,0.37539992,-0.39911637,-0.17720465,0.17895263,-0.74995965,-0.42109984,0.65455633,0.61075073,0.31107336,-0.64138055,0.14762285,0.7175067,-0.30428994,-1.2260762,0.3757172,1.057374,0.16280647,-0.36381444
163,0,0.09385899,-0.033766802,0.37735388,-0.24913602,-2.3047376,1.0709901,-0.58025384,-0.41113895,0.8562994,0.2927628,-0.43296754,-0.6062315,-0.03931455,0.83818436,0.17570692,0.43141586,-1.1012815,-1.251723,0.3456503,0.23981673,-0.9477189,1.3119043,-0.16051333,0.8487861,-0.9569156,0.9150809,1.1327394,0.14286298,0.26558766,-0.57390654,0.43433723,0.4725668,-1.1233643,-1.5143197,-1.4933116,0.641179,0.52291954,0.08892835,-0.69472426,0.15432484,0.610576,-0.7139378,-0.32539228
164,0,-1.5456319,0.112055086,1.668226,-0.48812315,1.0668957,1.5043472,0.85672075,-0.021989038,-0.83745867,-0.25324333,1.8251112,0.5358373,-0.1248166,-2.7477827,1.1900451,-0.70563203,-0.7694014,2.1718903,-0.14786088,0.16728446,-0.30938718,-0.5164176,-0.47358426,-0.36557212,-1.3373704,-2.2128248,-1.0629559,-0.7446652,2.9537551,0.38211787,1.3454449,-1.0300487,1.2897297,-1.1639274,0.70983166,2.45667,0.7059216,-1.1314207,0.011227328,0.99859947,0.6305356,0.5637427,-0.6542307
165,1,-0.53832734,-0.13301374,-1.7643768,-0.3415201,-0.5648802,-0.6877172,-0.6796624,0.02584191,0.1977387,0.059378706,-1.12329,0.103719495,-0.2612414,0.49603343,-0.41115507,-0.3135662,-0.6296465,0.35676575,0.06881773,-0.8372141,0.03388243,0.07222128,0.5732178,0.30186242,0.28338823,0.04637486,0.13841078,-0.3915039,-0.10351922,-0.023603834,0.37552735,0.54826206,-1.2970377,0.28822228,-0.13202234,-0.9360308,-0.13333328,1.0025691,0.50254875,-1.3580753,-0.25972733,-0.48182562,-0.082549654
166,0,-1.1346285,0.04923772,-0.8841634,-0.07694891,-0.6860209,-0.39580297,-0.81507146,0.31879514,-0.1894397,0.7451913,-0.9310919,-0.20179828,0.20490503,0.4615036,-0.75334543,-0.5080472,0.16413987,-0.22529443,-0.5243496,-1.4881387,-0.2908796,0.004019481,0.9123234,0.44422993,-0.32474744,0.52936363,-0.26048255,-0.094196655,0.5653759,-0.45398152,0.3492369,0.07045386,-0.4706346,0.40272346,0.4758679,0.18041763,0.026515033,1.0124195,0.49696374,-1.1857512,-0.0619778,0.07786514,0.7889274
167,1,-1.171013,0.10687502,-0.8281426,-0.48181903,-0.5215632,0.5563424,-0.5664553,-0.22271688,0.28302616,0.52073026,-0.55724573,-0.34115246,0.77863157,-0.6922576,0.8557719,0.6892226,-1.4438113,0.13911703,0.56507355,-1.5066541,-0.95720774,0.270354,0.2264071,0.01515018,-0.31233403,-0.2447884,-0.37471452,-0.55885756,0.73611474,0.86280435,0.92853963,0.14090192,-0.6698231,-0.81964815,0.7220841,-0.3960189,-0.20944369,0.9412976,0.67886,-1.8131528,-0.17479618,0.24567531,0.9556681
168,0,-0.48109052,0.25110117,-0.76769686,-0.45415136,0.15639648,-0.32852298,-0.03603386,-0.09921378,-0.13198185,0.8093507,-0.34021676,-0.1524207,0.9781415,-0.3205962,0.3524046,0.038953777,-1.3477501,-0.0135484375,0.37899825,-2.4572449,-0.6007761,-0.1604719,0.40654492,0.19009677,-0.55037737,-0.72611654,-0.70811725,-0.51890486,1.3056377,0.20666672,0.7039387,-0.45485044,-0.45281312,-0.18558276,1.0186574,0.480737,-0.18775572,0.90531504,0.8780418,-1.4119006,-0.5061659,0.49275973,0.75524086
169,0,0.091824144,0.31217733,-1.7153507,-0.20848817,0.23041181,-1.3717668,-0.6104685,0.027230939,-0.12627618,0.82171243,-0.15404855,0.3924422,-0.24363638,0.07160629,-0.30247772,-0.5682356,-0.02854231,0.68558425,0.109308094,-0.84195864,-0.1311487,-0.48841888,0.70693374,-0.03927256,0.34048262,-0.80324095,0.65439767,-0.17955567,-0.31206194,0.10248566,0.8267796,0.092374414,-1.00325,0.0869237,-0.32556602,-0.74610376,0.19670227,1.2522043,0.65666175,-1.2907907,-0.0528326,-0.45488384,0.055929106
170,1,0.07309212,0.37567028,-0.8699418,0.07748022,0.11531085,-0.745595,-0.3337211,0.3459477,0.06753804,0.7811172,-0.29494435,-0.26833692,-0.25745943,0.31823233,0.33124575,-0.21914606,0.16305868,0.1368747,0.5281049,-1.2413467,0.25899664,-0.25197825,0.5134067,0.28466988,0.31974998,0.15452172,-0.80553967,0.078472055,0.10683286,-0.22508039,0.9995552,-0.5341255,-0.69090223,-0.17363955,0.33753225,0.0041104727,0.079262875,1.1169314,0.9142153,-0.91147244,0.21720463,0.17022716,0.35266763
171,0,-1.0340974,-0.12579069,-0.8202356,-0.13825086,-0.56085604,-0.23977545,-0.527326,0.028909814,0.15767933,0.6530879,-1.164191,-0.12427571,-0.0045569334,0.16158056,-0.11497727,-0.20807356,-0.07500182,-0.35778192,-0.0049554342,-1.4858503,-0.27827632,0.15014492,0.58597773,0.2456945,-0.4303269,0.6720326,-0.74159825,-0.053479757,0.2201257,-0.39772016,0.5921023,0.33260578,-0.5677921,-0.114060335,0.4415874,0.023307184,0.18058838,1.0183284,1.1487802,-1.2572367,0.20010754,0.21063206,0.772767
172,0,-0.6882567,0.5670206,-0.27933514,-0.14874081,-0.40728578,0.36106205,-0.8495632,0.31110772,0.21930689,0.9239129,-0.9482286,-0.29701567,0.65538585,-0.35763362,0.71086717,-0.001917647,-0.46422115,-0.12147604,0.032887433,-1.971766,-0.90384465,0.5187004,0.7563276,0.72556025,-0.15517707,0.3858286,-0.99193436,-0.34056926,0.78201646,-0.2016368,1.273566,-0.6351935,-0.25440606,-0.13722564,0.30074438,0.06813243,-0.30047244,0.24973252,1.0194932,-1.3638935,0.48843554,0.4289061,1.130966
173,0,-0.987849,0.1529027,-0.4384571,-0.39868093,-0.8074935,0.45739618,-0.9001792,0.023749296,0.25606236,0.990559,-0.8094024,-0.3503193,0.74524206,-0.6272613,0.7056766,0.112358935,-0.45626244,0.16995172,0.3101515,-1.3810518,-1.0738138,0.50061375,0.70230234,0.5834468,-0.26774114,0.55268115,-0.815052,-0.47635078,0.36147317,0.09388516,1.332886,-0.33325043,-0.34226277,-0.57566494,0.4663761,0.22642854,0.12291779,0.52191085,0.77576715,-1.1119,0.6352744,0.25467,1.0745813
174,0,-0.56521195,0.3304056,-0.4954903,0.21098344,-0.11836991,-0.4915429,-0.4087476,0.046521917,-0.08910201,0.9189973,0.11863332,-0.44479847,-0.025687775,0.04901745,0.541566,0.08827901,0.0693371,-0.48408097,0.31218976,-1.2687758,-0.13749322,-0.037460893,0.45994657,-0.08711977,-0.13449374,-0.15490182,-0.21566655,0.42184013,0.42121983,0.20202056,0.91028357,-0.17744005,-0.5867029,-0.72343206,0.36840844,-0.077648535,-0.013999559,1.4881265,0.9521964,-1.037911,0.24840465,0.22351722,0.9841708
175,0,-0.16597074,0.6894199,-0.7432125,0.078010805,0.08905023,-0.49857998,-0.48637536,0.24441527,0.11852224,0.87893516,-0.6451297,-0.23558936,-0.0017410008,0.0740612,0.45710704,-0.23809414,-0.16303796,0.23562805,0.12637879,-1.4459918,0.03907898,-0.12772301,0.2820479,0.5277218,0.29894513,0.41563112,-0.84543794,-0.19439182,0.33245558,-0.27802876,1.1251715,-0.44695896,-0.56475216,-0.202715,0.19900455,-0.10269431,0.043305606,1.0558364,1.0411541,-1.3205976,0.43565518,0.27991936,0.46181357
176,0,-1.2227421,0.03371252,-0.58839256,-0.36928248,-0.9146201,0.61399436,-1.0884998,-0.071163446,0.4014635,0.7151194,-1.1856048,-0.24952823,0.7662701,-0.42617285,0.57414937,0.119832985,-0.76958305,0.08270109,0.013418689,-1.4335735,-0.92470706,0.6170064,0.50412303,0.79627424,-0.133722,0.783215,-0.6866778,-0.52291656,0.47901192,0.054716185,1.057583,0.10079753,-0.48543712,-0.40922558,0.25079516,-0.13475859,-0.013986218,0.6235213,0.8695996,-1.5609537,0.48887148,0.23340979,1.0212138
177,0,-0.91629475,0.63279873,0.010231744,1.0495547,-0.32144767,-0.18299925,-1.3569152,0.5702152,-0.07755045,0.9320381,0.19005486,-0.5460931,-0.37821534,0.13145807,0.83696026,0.056503303,0.6804736,-1.1332111,-0.7729812,-1.3580103,0.23289506,0.44948635,0.9022898,0.20924844,0.13134776,0.23582114,-0.37912536,0.7928469,0.95882744,-0.25737384,0.84017533,-0.26612753,-0.36028722,-0.48467803,-0.063411325,0.02856925,-0.12552935,1.9132024,1.1894501,-1.0356407,1.0843302,0.45256492,1.6538166
178,1,-0.4999308,0.4877782,-0.36511546,-0.07439439,-0.23114139,0.39111444,-0.6228133,0.11075483,0.32817528,1.0595,-0.6863435,-0.29674247,0.6441191,-0.6534658,1.0624619,0.03124214,-0.46856457,0.20270737,0.29887867,-1.6987134,-0.67190737,0.26512387,0.39131156,0.79487485,0.031123081,0.5818471,-1.1711648,-0.4169666,0.5070698,-0.101949096,1.4315933,-0.6098518,-0.2948633,-0.5947178,0.48097062,0.28611895,0.018896865,0.55747086,1.0879093,-1.2387555,0.65802276,0.480334,1.069924
179,0,-0.7906374,0.10222174,-1.1356015,-0.30159593,-0.79487115,0.18850112,-0.7608559,0.08168156,0.28248832,0.46878472,-0.66331834,-0.427079,0.5759214,-0.27670398,0.45890993,0.50523406,-1.4018713,-0.16176698,0.48189512,-1.5345553,-0.8307454,0.35657862,0.6116889,-0.066506214,-0.4096498,-0.71715456,-0.09236022,-0.37035602,0.68114644,0.5695222,0.6289921,0.2414264,-0.9241854,-0.3370966,0.7186854,-0.366577,-0.39758337,1.0429317,0.56306016,-1.7626171,-0.6658761,0.10688324,0.75961745
180,0,-0.2970944,0.42087945,-0.20935678,0.31945422,-0.11807254,-0.41161746,-1.1175909,0.73033214,-0.06845482,0.7794049,-0.30946988,-0.40859276,-0.0066025797,0.3930373,0.38696095,-0.36249474,0.37887597,-0.16103047,0.23119096,-1.7367885,-0.13803528,0.07094786,1.2691716,0.31735712,0.17326969,0.17764096,-1.1810697,0.05312067,0.5676419,-0.4339401,1.0668402,-0.90506345,-0.2088508,0.23713385,0.4490832,0.32315612,-0.08460715,0.80703044,0.9175064,-0.99861395,0.24126457,0.6636753,0.95760775
