,0.16691354591782925,0.21990747247141856
9,28,79
10,36,58
11,19,45
16,20,76
18,13,19
21,34,80
28,19,40
31,18,43
33,15,25
34,21,51
35,19,78
36,13,29
37,14,65
38,18,56
39,20,63
40,22,61
41,20,54
42,14,38
43,18,44
44,22,55
45,19,51
46,18,45
47,15,44
48,23,48
49,10,36
50,17,50
51,33,61
52,15,45
53,18,44
54,22,48
55,16,44
56,17,44
57,22,49
58,33,55
59,21,47
62,15,50
65,17,50
66,19,54
67,21,57
68,12,42
69,33,50
71,19,43
72,17,44
73,18,43
74,26,47
75,19,48
76,10,39
77,21,45
78,9,57
79,17,58
80,19,39
81,20,42
82,4,33
83,22,49
84,20,49
85,14,42
86,26,52
87,24,54
88,14,42
89,13,41
90,21,47
91,19,46
92,30,53
93,9,42
94,16,44
97,0,48
99,28,42
100,14,38
101,17,44
102,20,50
103,13,37
104,21,49
105,17,43
106,22,52
107,23,49
108,23,53
109,18,47
110,17,45
111,29,58
112,12,46
113,4,30
114,15,42
115,14,44
116,12,34
117,17,45
118,18,46
119,26,64
122,24,43
123,20,44
126,25,64
129,22,81
130,23,65
131,19,9
132,14,88
133,23,23
134,16,50
135,9,71
136,16,48
137,0,49
138,38,52
139,13,29
140,19,42
141,14,47
142,20,42
143,16,49
144,19,44
145,19,45
150,21,46
151,17,45
152,21,47
153,15,44
154,19,46
155,13,44
156,24,47
157,11,46
158,14,44
159,13,46
164,9,44
165,23,43
166,12,45
167,17,46
168,21,47
170,15,48
171,36,44
172,25,46
173,13,45
174,32,46
175,17,46
176,24,45
178,39,46
179,28,44
180,8,47
181,8,46
182,16,44
183,19,45
184,16,43
185,16,44
186,16,45
187,15,45
188,18,45
189,22,46
190,18,45
191,17,49
192,16,41
193,26,45
194,25,47
195,19,47
197,22,41
198,19,45
199,22,47
200,18,42
201,18,46
202,8,37
203,22,50
204,14,45
205,19,45
206,21,46
207,18,45
208,19,47
209,11,41
210,24,49
211,24,48
212,16,44
213,4,39
214,32,44
215,32,49
216,11,43
217,24,45
218,9,43
222,13,36
228,25,48
229,18,65
231,21,43
236,30,44
238,24,44
239,14,46
240,12,64
241,20,40
242,14,37
245,24,36
246,8,63
247,18,51
248,15,61
249,18,46
250,9,42
251,19,36
252,18,20
253,17,74
254,8,57
255,17,6
257,18,49
260,15,0
261,32,4
263,17,27
264,22,35
265,21,54
266,8,68
267,22,42
268,6,48
271,35,29
273,26,44
282,36,51
284,3,43
285,31,45
286,5,39
287,19,57
289,13,47
290,17,41
291,39,50
292,14,62
293,30,42
294,22,41
295,23,40
299,39,53
300,22,39
301,18,45
302,24,48
303,25,53
304,13,35
306,31,53
307,13,49
308,15,50
309,9,41
310,23,43
311,30,49
312,25,52
313,5,36
314,11,58
315,1,8
322,22,34
323,19,43
324,18,39
325,18,35
326,20,38
327,21,39
328,24,50
329,26,38
330,25,51
331,5,61
332,21,42
333,24,45
334,15,45
335,15,72
336,17,63
337,21,19
338,20,29
339,14,71
340,15,54
341,17,51
342,17,24
343,17,7
347,15,30
348,16,39
349,19,47
350,17,52
351,19,43
353,25,44
354,16,37
355,15,29
356,18,48
357,18,45
358,17,23
359,17,41
360,17,53
361,17,68
362,18,29
363,17,44
364,14,43
365,18,64
366,18,12
368,20,29
369,18,73
370,18,64
371,17,24
372,18,45
373,18,80
374,16,57
375,17,69
376,19,8
377,16,36
379,10,44
383,16,65
384,17,2
388,9,71
390,20,75
391,21,6
392,19,27
394,16,43
395,11,65
398,34,69
399,16,46
401,0,65
403,16,23
404,25,57
405,20,10
407,23,26
412,2,1
413,13,68
414,18,60
419,27,77
426,19,51
428,16,77
431,11,7
432,21,69
433,1,44
434,16,44
435,39,42
436,18,33
438,18,47
440,16,39
441,21,26
442,17,22
444,7,93
445,18,43
447,15,90
448,20,21
449,28,54
450,27,31
451,0,87
452,16,70
453,18,45
454,30,12
455,21,39
456,0,92
457,8,49
460,22,61
465,35,3
469,7,25
474,25,96
479,16,60
480,22,96
482,16,84
483,21,29
491,19,1
494,20,81
495,23,66
496,5,38
498,23,19
499,19,34
500,18,39
501,21,20
502,19,47
506,16,15
511,17,30
512,21,50
513,17,27
515,18,45
516,18,45
517,18,45
518,18,45
519,18,45
520,18,45
521,18,45
522,18,45
523,17,85
524,17,36
525,1,40
526,21,14
528,15,66
531,17,40
542,19,69
552,25,28
554,13,63
556,21,98
558,13,8
563,17,70
565,20,36
566,5,77
573,28,54
575,17,18
576,14,60
577,19,35
578,15,56
579,14,82
580,20,16
581,14,82
582,16,40
583,18,47
584,20,46
585,20,53
586,16,39
587,15,42
588,19,82
589,18,53
590,18,45
591,18,45
592,18,45
593,18,45
594,18,45
595,16,37
599,17,37
601,27,83
602,13,11
603,18,41
604,12,45
605,16,42
606,21,80
607,17,46
608,19,49
609,17,68
610,18,47
611,22,2
612,19,26
613,17,51
614,20,14
617,4,45
619,30,81
620,5,3
621,18,70
623,6,20
626,28,49
630,16,4
645,16,5
646,17,23
651,17,91
652,18,97
657,7,50
658,3,90
660,14,43
663,19,20
664,17,52
665,23,31
666,14,26
667,18,9
669,18,40
670,15,78
672,18,45
675,14,66
676,26,40
677,24,22
679,17,14
680,16,68
681,13,93
682,22,42
683,16,60
685,16,11
686,16,67
687,17,47
688,16,40
689,25,19
690,3,91
691,35,10
693,14,39
694,16,42
695,14,41
696,21,63
697,21,52
698,22,56
699,18,45
700,18,45
701,18,45
702,18,45
703,18,45
704,18,45
705,18,45
706,18,45
707,18,45
708,18,45
709,18,45
710,18,45
711,18,45
712,18,45
713,18,45
714,18,45
715,18,45
716,18,45
717,18,45
718,18,45
719,18,45
720,18,45
721,18,45
722,18,45
723,18,45
724,18,45
725,18,45
726,18,45
727,18,45
728,18,45
729,18,45
730,18,45
731,18,45
732,19,45
733,23,42
734,13,49
735,4,57
739,11,41
740,17,47
741,13,35
745,17,37
746,21,84
747,3,32
749,19,65
750,14,59
756,17,17
758,19,42
759,8,59
760,17,75
761,22,11
762,19,22
763,24,54
764,22,38
765,26,32
766,17,83
767,17,39
768,15,42
773,16,52
774,21,26
775,20,28
776,39,21
777,2,57
778,16,40
779,12,61
780,12,62
781,17,50
782,17,51
783,16,48
784,9,47
785,21,31
787,17,40
794,28,46
795,30,75
796,34,48
797,34,96
799,3,65
800,20,25
801,1,43
802,8,24
805,30,50
806,22,35
807,2,36
808,16,85
809,22,48
811,15,53
813,19,63
814,16,39
815,23,45
816,26,35
817,14,53
818,32,45
819,17,81
820,23,0
821,20,50
822,24,35
823,20,43
824,20,46
825,20,75
826,18,25
827,19,43
828,23,44
829,25,47
830,33,25
832,5,60
833,28,50
835,22,4
837,18,22
839,29,13
840,8,37
841,17,53
842,26,48
843,17,11
847,19,7
848,16,19
849,16,72
851,22,37
852,19,45
853,11,49
854,17,75
855,18,45
856,18,42
857,16,51
858,16,28
859,14,52
860,13,62
861,16,40
862,4,35
865,24,17
866,13,50
867,27,61
868,20,85
869,15,91
870,18,48
871,16,66
872,17,50
873,20,45
876,19,63
877,18,49
878,34,51
879,30,8
880,28,66
881,12,53
882,13,41
884,22,63
885,11,48
886,14,58
887,18,12
893,10,62
895,28,43
896,1,61
897,14,49
900,10,53
901,14,43
902,21,47
903,22,3
904,18,68
905,20,62
906,16,47
907,9,19
908,19,47
909,12,27
910,8,41
911,13,52
912,18,54
913,7,56
916,12,46
917,27,31
918,24,14
919,15,54
920,10,68
921,36,32
922,15,25
923,18,45
924,17,56
925,18,43
926,28,13
927,20,45
928,19,45
929,20,33
930,19,72
931,18,48
932,17,33
933,17,45
934,18,67
935,19,48
936,18,23
937,18,36
938,18,57
939,18,46
940,18,50
941,17,45
942,18,40
943,18,15
944,18,69
945,17,18
946,20,44
947,19,79
948,18,45
949,18,47
950,17,41
951,20,64
952,20,62
954,14,25
955,14,31
956,19,49
957,17,43
958,18,45
959,18,45
960,18,45
961,18,45
962,18,45
963,18,45
964,18,45
965,18,45
966,18,45
967,18,45
968,18,45
969,18,45
970,18,45
971,18,45
972,18,45
973,18,45
974,18,45
975,18,45
976,18,45
977,18,45
978,18,45
979,18,45
980,18,45
981,18,45
982,18,45
983,18,45
984,18,45
985,18,45
986,18,45
987,18,45
988,18,45
989,18,45
990,18,45
991,18,45
992,18,45
993,18,45
994,18,45
995,18,45
996,18,45
997,18,45
998,18,45
999,18,45
1000,18,45
1001,18,45
1002,18,45
1003,18,45
1004,18,45
1005,18,45
1006,18,45
1007,18,45
1008,18,45
1009,18,45
1010,18,45
1011,18,45
1012,18,45
1013,18,45
1014,18,45
1015,18,45
1016,18,45
1017,18,45
1018,18,45
1019,18,45
1020,18,45
1021,18,45
1022,18,45
1023,18,45
1024,18,45
1025,18,45
1026,18,45
1027,18,45
1028,18,45
1029,18,45
1030,18,45
1031,18,45
1032,18,45
1033,18,45
1034,18,45
1035,18,45
1036,18,45
1037,18,45
1038,18,45
1039,18,45
1040,18,45
1041,18,45
1042,18,45
1043,18,45
1044,18,45
1045,18,45
1046,18,45
1047,18,45
1048,18,45
1049,18,45
1050,18,45
1051,18,45
1052,18,45
1053,18,45
1054,18,45
1055,18,45
1056,18,45
1057,18,45
1058,18,45
1059,18,45
1060,18,45
1061,18,45
1062,18,45
1063,18,45
1064,18,45
1065,18,45
1066,18,45
1067,18,45
1068,18,45
1069,18,45
1070,18,45
1071,18,45
1072,18,45
1073,18,45
1074,18,45
1075,18,45
1076,18,45
1077,18,45
1078,18,45
1079,18,45
1080,18,45
1081,18,45
1082,18,45
1083,18,45
1084,18,45
1085,18,45
1086,18,45
1087,18,45
1088,18,45
1089,18,45
1090,18,45
1091,18,45
1092,18,45
1093,18,45
1094,18,45
1095,18,45
1096,18,45
1097,18,45
1098,18,45
1099,18,45
1100,18,45
1101,18,45
1102,18,45
1103,18,45
1104,18,45
1105,18,45
1106,18,45
1107,18,45
1108,18,45
1109,18,45
1110,18,45
1111,18,45
1112,18,45
1113,18,45
1114,18,45
1115,18,45
1116,18,45
1117,18,45
1118,18,45
1119,18,45
1120,18,45
1121,18,45
1122,18,45
1123,18,45
1124,18,45
1125,18,45
1126,18,45
1127,18,45
1128,18,45
1129,18,45
1130,18,45
1131,18,45
1132,18,45
1133,18,45
1134,18,45
1135,18,45
1136,18,45
1137,14,41
1138,19,48
1139,18,46
1140,10,38
1141,24,52
1143,6,39
1144,26,49
1145,25,48
1146,20,46
1147,12,43
1148,30,47
1149,2,43
1150,25,46
1151,31,47
1152,13,45
1154,31,45
1155,10,45
1156,26,40
1157,13,47
1159,6,53
1160,5,45
1162,19,45
1163,31,43
1165,34,56
1170,19,85
1172,9,37
1175,24,47
1181,5,60
1182,17,49
1183,13,84
1185,7,27
1188,39,75
1193,13,93
1195,14,48
1197,19,45
1198,14,45
1199,20,37
1200,22,41
1201,18,44
1202,8,54
1203,3,47
1204,9,43
1205,29,56
1206,14,41
1207,14,39
1208,16,42
1209,8,36
1210,12,41
1211,37,56
1212,27,44
1214,1,41
1217,11,44
1227,13,47
1232,35,45
1233,31,45
1234,31,50
1235,29,47
1236,30,43
1237,11,56
1238,17,48
1239,23,43
1240,28,43
1241,12,52
1242,3,49
1243,3,57
1246,12,48
1248,13,39
1249,16,41
1250,5,50
1251,20,42
1252,14,45
1253,17,46
1254,16,49
1255,18,47
1256,18,40
1257,35,37
1258,4,45
1259,33,46
1262,23,46
1263,14,39
1265,4,43
1266,17,47
1267,24,46
1268,19,47
1269,7,48
1270,17,48
1271,15,50
1272,18,46
1273,15,49
1274,12,52
1275,19,44
1276,20,46
1277,12,45
1278,10,46
1279,25,42
1280,9,46
1281,4,54
1282,15,45
1283,30,46
1284,16,43
1288,12,41
1289,17,45
1291,18,48
1292,17,49
1293,18,46
1294,23,48
1295,20,47
1296,23,41
1297,14,54
1298,18,50
1299,22,45
1300,19,47
1301,22,39
1302,12,51
1303,14,58
1304,2,55
1305,3,60
1306,16,47
1307,14,32
1308,7,37
1309,4,37
1311,31,51
1312,30,50
1313,15,51
1314,11,46
1315,22,42
1316,14,50
1317,11,44
1318,15,45
1319,16,46
1320,3,43
1321,6,37
1322,21,46
1324,18,45
1325,16,49
1326,19,35
1327,10,47
1328,2,45
1331,19,47
1333,38,33
1334,19,49
1335,21,41
1336,5,46
1337,21,44
1338,23,39
1339,17,46
1340,22,41
1341,12,49
1342,13,42
1343,19,43
1344,18,44
1345,20,43
1346,16,47
1347,18,45
1348,18,47
1349,12,53
1350,23,38
1351,16,48
1352,11,46
1355,7,51
1356,23,43
1357,37,25
1358,11,49
1359,17,46
1361,25,42
1362,13,47
1363,28,48
1364,6,48
1366,5,23
1367,28,48
1368,22,46
1369,35,48
1371,31,40
1373,30,40
1376,27,48
1381,20,45
1383,16,47
1384,5,51
1385,12,49
1386,20,59
1387,21,38
1388,19,41
1389,17,45
1390,15,43
1391,13,41
1392,16,44
1393,16,48
1394,20,44
1395,18,44
1396,18,44
1397,17,41
1398,19,44
1399,22,57
1400,18,34
1401,18,42
1403,24,57
1404,14,40
1405,19,47
1406,10,46
1407,19,45
1410,28,43
1411,29,47
1412,12,47
1413,28,41
1415,14,45
1417,16,44
1418,2,46
1419,21,43
1420,9,50
1421,17,46
1422,22,20
1423,12,53
1424,19,42
1425,30,46
1427,18,45
1428,12,45
1429,19,51
1430,14,46
1431,12,46
1433,16,46
1434,34,46
1435,28,52
1436,20,44
1437,25,7
1438,8,61
1439,19,33
1440,10,40
1441,21,24
1442,23,38
1443,6,53
1444,24,42
1446,13,45
1447,21,44
1448,13,50
1450,22,48
1451,19,43
1452,20,42
1453,18,46
1454,20,44
1455,21,41
1456,9,51
1457,19,43
1459,10,39
1461,23,42
1462,18,45
1463,18,45
1464,18,45
1465,18,45
1466,18,45
1467,18,45
1468,6,45
1469,22,44
1471,17,47
1472,15,45
1473,19,44
1475,20,44
1476,10,50
1477,21,44
1478,10,49
1479,29,50
1482,17,48
1483,7,55
1484,6,43
1485,27,40
1486,24,45
1487,23,52
1488,35,47
1489,28,39
1490,22,43
1491,11,47
1492,15,45
1493,18,45
1494,20,45
1497,15,52
1498,6,48
1499,22,44
1501,12,43
1506,14,46
1507,16,44
1508,21,47
1509,18,45
1510,19,41
1511,4,46
1512,19,46
1513,14,48
1515,18,44
1516,22,43
1517,13,46
1518,20,44
1519,21,43
1520,26,43
1521,17,44
1522,14,47
1523,13,44
1524,18,42
1526,6,49
1527,19,49
1528,18,48
1529,17,49
1530,31,51
1531,15,47
1532,14,52
1533,16,48
1534,22,42
1535,19,46
1536,21,36
1537,18,47
1538,18,44
1539,29,54
1541,15,46
1542,24,39
1543,20,47
1544,25,45
1545,22,40
1546,19,43
1547,20,41
1548,15,69
1549,12,47
1550,19,45
1551,15,48
1552,17,45
1553,16,45
1554,19,39
1555,19,22
1556,19,45
1557,17,46
1558,18,44
1559,18,44
1560,19,42
1561,20,46
1562,17,47
1563,20,39
1564,18,44
1565,18,45
1566,17,43
1568,13,46
1569,26,41
1570,22,42
1571,13,52
1572,24,41
1573,20,42
1574,9,55
1575,16,47
1576,10,55
1577,11,53
1578,17,47
1579,30,31
1580,14,50
1581,20,43
1582,18,45
1583,10,55
1584,21,42
1585,17,46
1586,11,52
1587,17,46
1588,10,54
1589,5,57
1590,19,46
1591,16,44
1592,20,45
1593,22,42
1594,21,42
1595,9,54
1596,20,44
1597,9,54
1598,21,43
1599,5,53
1600,14,54
1601,15,50
1602,16,47
1603,18,44
1604,9,54
1605,12,54
1606,35,28
1607,14,50
1608,13,49
1609,24,39
1610,6,55
1638,23,45
1639,23,45
1640,6,45
1641,6,45
1649,31,45
1650,31,45
1651,38,45
1652,38,45
1653,15,45
1654,15,45
1655,31,45
1656,31,45
1657,22,45
1658,22,45
1661,36,45
1662,36,45
1665,28,45
1666,28,45
1667,17,45
1668,17,45
1675,34,45
1676,34,45
1677,27,45
1678,27,45
1679,30,45
1680,30,45
1685,3,45
1686,3,45
1687,34,45
1688,34,45
1691,19,45
1692,19,45
1698,30,45
1699,30,45
1700,22,45
1701,22,45
1702,10,45
1703,10,45
1704,3,45
1705,3,45
1706,37,45
1707,37,45
1708,21,45
1709,21,45
1712,5,45
1713,5,45
1716,20,45
1717,20,45
1722,28,45
1723,28,45
1724,26,45
1725,26,45
1726,33,45
1727,33,45
1730,21,45
1731,21,45
1732,0,45
1733,0,45
1739,12,45
1740,12,45
1741,26,45
1742,26,45
1743,29,45
1744,29,45
1747,16,45
1748,16,45
1749,19,45
1750,19,45
1751,5,45
1752,5,45
1753,23,45
1754,23,45
1768,3,45
1769,3,45
1770,10,45
1771,10,45
1772,33,45
1775,9,45
1776,9,45
1777,5,45
1778,5,45
1779,5,45
1780,5,45
1783,16,45
1784,8,45
1785,8,45
1786,21,45
1787,21,45
1798,23,45
1799,23,45
1815,39,45
1816,39,45
1821,6,45
1822,6,45
1828,17,45
1829,17,45
1832,8,45
1833,8,45
1840,13,45
1841,13,45
1845,3,45
1846,3,45
1847,28,45
1848,28,45
1849,17,45
1850,17,45
1857,4,45
1858,4,45
1861,20,45
1862,20,45
1865,9,45
1866,9,45
1872,18,45
1873,18,45
1878,9,45
1879,9,45
1885,18,45
1886,18,45
1895,38,45
1896,38,45
1897,23,45
1898,23,45
1903,15,45
1904,15,45
1924,11,45
1925,11,45
1932,22,45
1933,22,45
1946,8,45
1947,8,45
1950,15,45
1951,15,45
1967,24,45
1968,24,45
1973,38,45
1974,38,45
1979,23,45
1980,23,45
1983,31,45
1984,31,45
1989,34,45
1990,34,45
1995,32,45
1996,32,45
2002,36,45
2003,36,45
2010,12,45
2011,12,45
2012,38,45
2013,38,45
2020,34,45
2021,34,45
2022,5,45
2023,5,45
2030,29,45
2031,29,45
2044,27,45
2045,27,45
2046,28,45
2047,28,45
2053,15,45
2054,15,45
2060,19,45
2061,19,45
2078,26,45
2079,26,45
2082,17,45
2083,17,45
2092,4,45
2093,4,45
2108,7,45
2109,7,45
2114,3,45
2115,3,45
2118,30,45
2119,30,45
2138,20,45
2139,20,45
2155,28,45
2156,28,45
2157,38,45
2158,38,45
2161,6,45
2162,6,45
2167,26,45
2168,26,45
2185,33,45
2186,33,45
2212,26,45
2213,26,45
2216,26,45
2217,26,45
2218,28,45
2219,28,45
2235,24,45
2238,9,45
2239,9,45
2240,21,45
2241,21,45
2242,34,45
2243,34,45
2250,33,45
2251,33,45
2254,23,45
2255,23,45
2267,16,45
2268,16,45
2275,2,45
2276,2,45
2293,12,45
2294,12,45
2310,30,45
2311,30,45
2320,26,45
2321,26,45
2322,36,45
2323,36,45
2332,35,45
2333,35,45
2334,34,45
2335,34,45
2341,34,45
2342,34,45
2349,17,45
2350,17,45
2355,35,45
2356,35,45
2368,17,45
2369,17,45
2376,25,45
2377,25,45
2388,25,45
2389,25,45
2418,25,45
2419,25,45
2420,19,45
2421,19,45
2431,31,45
2432,31,45
2433,32,45
2434,32,45
2435,27,45
2436,27,45
2445,25,45
2446,25,45
2447,23,45
2448,23,45
2522,18,45
2523,18,45
2546,14,45
2547,14,45
2608,28,45
2609,28,45
2632,21,45
2641,30,45
2642,30,45
2649,32,45
2650,32,45
2675,13,45
2676,13,45
2718,19,45
2719,19,45
2750,10,45
2751,10,45
2764,34,45
2765,34,45
2810,18,45
2811,18,45
2824,39,45
2825,39,45
2835,12,45
2836,12,45
2853,31,45
2854,31,45
2855,22,45
2856,22,45
2857,24,45
2858,24,45
2882,23,45
2883,23,45
2909,22,45
2910,22,45
2954,4,45
2955,4,45
2966,2,45
2967,2,45
2984,1,45
2985,1,45
2986,9,45
2987,9,45
3013,14,45
3014,14,45
3015,8,45
3016,8,45
3019,33,45
3020,33,45
3023,12,45
3024,12,45
3034,32,45
3035,32,45
3050,6,45
3051,6,45
3077,19,45
3078,19,45
3085,2,45
3086,2,45
3103,22,45
3104,22,45
3106,21,45
3107,21,45
3120,21,45
3121,21,45
3122,24,45
3123,24,45
3126,0,45
3127,0,45
3149,8,45
3150,8,45
3161,34,45
3162,34,45
3169,32,45
3170,32,45
3173,5,45
3174,5,45
3183,18,45
3184,18,45
3192,26,45
3193,26,45
3194,36,45
3195,36,45
3209,17,45
3210,17,45
3211,15,45
3212,15,45
3215,32,45
3216,32,45
3224,19,45
3225,19,45
3238,8,45
3239,8,45
3244,25,45
3245,25,45
3254,28,45
3255,28,45
3266,39,45
3267,39,45
3270,2,45
3271,2,45
3276,3,45
3277,3,45
3280,19,45
3281,19,45
3284,29,45
3285,29,45
3286,10,45
3287,10,45
3300,27,45
3301,27,45
3306,9,45
3307,9,45
3310,13,45
3311,13,45
3318,16,45
3319,16,45
3322,36,45
3323,36,45
3326,12,45
3327,12,45
3330,8,45
3331,8,45
3336,4,45
3337,4,45
3357,10,45
3358,10,45
3363,15,45
3364,15,45
3365,32,45
3366,32,45
3371,38,45
3372,38,45
3377,37,45
3378,37,45
3389,4,45
3390,4,45
3410,21,45
3411,21,45
3416,21,45
3417,21,45
3422,18,45
3423,18,45
3426,14,45
3427,14,45
3444,5,45
3445,5,45
3448,29,45
3449,29,45
3450,33,45
3451,33,45
3461,7,45
3462,7,45
3471,21,45
3472,21,45
3474,33,45
3475,33,45
3476,34,45
3477,34,45
3486,18,45
3487,18,45
3493,0,45
3494,0,45
3497,32,45
3498,32,45
3499,6,45
3500,6,45
3501,7,45
3508,18,45
3509,18,45
3513,6,45
3514,6,45
3521,22,45
3522,22,45
3527,35,45
3528,35,45
3529,29,45
3530,29,45
3536,33,45
3537,33,45
3544,36,45
3545,36,45
3546,31,45
3547,31,45
3550,20,45
3551,20,45
3554,12,45
3555,12,45
3556,20,45
3557,20,45
3560,31,45
3563,8,45
3564,8,45
3565,10,45
3566,10,45
3571,25,45
3572,25,45
3573,12,45
3574,12,45
3575,32,45
3576,32,45
3577,18,45
3578,18,45
3585,1,45
3586,1,45
3589,34,45
3590,34,45
3595,9,45
3596,9,45
3597,18,45
3598,18,45
3602,9,45
3603,9,45
3604,23,45
3605,23,45
3606,35,45
3607,35,45
3608,10,45
3609,10,45
3617,38,45
3618,38,45
3619,17,45
3620,17,45
3623,2,45
3624,2,45
3629,11,45
3632,11,45
3633,11,45
3634,19,45
3635,19,45
3642,26,45
3645,20,50
3646,17,40
3647,15,28
3648,14,23
3649,16,34
3650,20,60
3651,22,70
3652,18,44
3654,19,20
3655,18,45
3656,18,49
3657,20,53
3658,10,51
3659,18,44
3660,19,40
3661,18,42
3662,17,48
3663,14,69
3664,19,37
3665,21,48
3666,14,48
3667,15,56
3668,16,51
3669,18,45
3670,16,50
3671,18,44
3672,18,45
3673,15,54
3674,17,49
3675,19,41
3676,18,44
3677,11,63
3678,17,46
3679,18,46
3680,18,46
3681,12,55
3682,21,40
3683,34,22
3684,10,57
3685,22,39
3687,16,45
3688,7,49
3689,33,49
3691,20,46
3692,14,43
3693,11,39
3694,17,41
3695,24,58
3696,21,53
3697,20,56
3698,15,31
3699,23,68
3700,15,33
3701,18,59
3702,13,41
3703,18,44
3704,20,50
3705,16,40
3706,18,30
3707,20,59
3708,20,56
3709,19,48
3710,23,57
3711,17,45
3712,14,43
3713,32,54
3714,17,45
3715,11,46
3716,29,43
3717,22,44
3718,24,39
3719,12,51
3720,28,20
3721,17,42
3722,19,44
3723,19,48
3724,8,52
3725,8,49
3726,18,46
3727,15,26
3728,16,30
3729,17,44
3732,31,39
3733,12,53
3734,5,55
3735,15,47
3736,24,50
3737,19,47
3738,23,40
3739,28,44
3740,36,45
3741,18,44
3742,7,47
3743,14,52
3744,18,46
3745,17,47
3746,19,43
3747,20,43
3748,11,53
3753,4,46
3754,25,50
3755,22,53
3756,8,46
3758,23,64
3759,20,45
3761,35,46
3762,21,39
3763,13,45
3764,14,44
3765,6,25
3766,12,46
3768,33,42
3769,27,27
3771,29,48
3773,34,61
3775,13,48
3778,17,47
3779,30,45
3782,31,30
3783,22,39
3784,13,45
3785,39,43
3786,33,45
3788,13,46
3789,18,45
3790,18,45
3791,18,45
3792,18,45
3793,18,45
3794,17,45
3796,13,47
3798,12,50
3799,5,53
3800,26,37
3801,5,55
3803,16,46
3806,1,37
3809,20,46
3810,16,47
3811,19,39
3812,25,55
3813,15,51
3814,14,65
3815,19,35
3816,17,85
3817,22,44
3818,17,51
3819,33,47
3820,11,37
3821,33,59
3822,8,47
3824,17,47
3825,14,45
3826,27,45
3827,3,41
3828,13,49
3831,2,39
3833,27,53
3834,18,45
3836,37,41
3837,4,49
3838,19,46
3840,14,43
3841,29,44
3842,34,47
3843,10,46
3844,35,42
3850,35,42
3851,29,42
3852,0,47
3854,24,54
3855,18,51
3856,12,50
3857,21,25
3858,22,43
3859,12,54
3860,16,46
3861,18,45
3862,20,44
3863,17,46
3864,10,51
3865,9,52
3866,13,48
3867,15,48
3868,22,43
3870,26,53
3871,8,46
3872,14,44
3873,30,39
3874,29,50
3875,13,37
3882,30,50
3883,35,40
3887,32,43
3888,17,45
3891,12,43
3892,39,44
3894,23,47
3895,26,51
3896,0,42
3897,23,46
3899,17,54
3900,13,37
3901,17,46
3904,11,45
3905,20,46
3906,18,45
3907,17,45
3908,23,49
3909,18,45
3910,16,41
3911,20,54
3912,16,46
3913,24,48
3914,18,47
3915,20,48
3916,17,52
3917,19,36
3918,22,42
3919,8,37
3920,21,48
3921,20,52
3923,14,45
3925,20,42
3926,4,32
3927,3,35
3928,6,62
3929,19,45
3930,21,42
3931,39,45
3932,35,37
3934,15,45
3935,19,48
3936,11,52
3937,14,40
3938,13,48
3939,19,45
3940,11,48
3941,12,43
3942,16,55
3943,15,49
3944,17,47
3948,14,45
3949,22,51
3950,26,46
3951,17,44
3952,12,37
3953,18,44
3954,26,54
3955,13,43
3956,10,45
3957,24,44
3958,14,39
3959,11,44
3960,18,42
3961,17,45
3962,18,47
3965,17,45
3969,26,48
3970,32,48
3971,3,50
3972,7,49
3973,36,38
3974,8,43
3975,20,47
3976,9,46
3977,29,40
3978,23,43
3980,15,46
3981,20,44
3982,19,44
3983,23,41
3984,7,49
3985,32,40
3986,21,50
3988,17,46
3992,25,47
3993,8,54
3994,35,39
3995,25,36
3996,20,45
3999,31,38
4000,30,46
4001,4,44
4002,9,48
4003,21,44
4004,28,43
4006,6,44
4007,1,43
4008,17,47
4009,18,47
4013,6,41
4014,26,47
4015,15,43
4016,25,47
4017,30,50
4018,30,45
4019,15,44
4021,16,65
4023,15,47
4024,13,45
4025,35,37
4036,20,49
4037,15,48
4038,16,44
4040,38,44
4041,34,45
4044,14,44
4045,19,45
4046,18,44
4047,16,45
4048,17,47
4049,4,43
4051,25,47
4052,27,45
4053,12,42
4054,8,43
4055,21,47
4056,23,44
4057,17,47
4058,18,44
4059,21,41
4060,19,45
4061,17,66
4065,10,45
4067,5,29
4073,30,61
4074,13,50
4075,35,66
4080,3,49
4083,15,43
4084,17,20
4085,21,57
4089,33,20
4091,16,59
4097,23,46
4098,17,45
4099,20,49
4100,21,45
4101,14,46
4102,7,46
4103,12,46
4104,22,46
4105,19,46
4106,16,45
4107,19,45
4108,17,45
4109,17,45
4110,19,46
4111,22,47
4112,15,44
4113,16,45
4114,12,42
4115,23,49
4116,14,44
4117,17,44
4118,23,50
4119,18,45
4120,18,45
4121,18,45
4122,18,45
4123,18,45
4124,18,45
4125,18,45
4126,18,45
4127,18,45
4128,18,45
4129,18,45
4130,18,45
4131,18,45
4132,18,45
4133,18,45
4134,18,45
4135,18,45
4136,18,45
4137,18,45
4138,18,45
4139,18,45
4140,18,45
4141,18,45
4142,18,45
4143,18,45
4144,18,45
4145,18,45
4146,18,45
4147,18,45
4148,18,45
4149,18,45
4150,18,45
4151,18,45
4152,18,45
4153,18,45
4154,18,45
4155,18,45
4156,18,45
4157,18,45
4158,18,45
4159,18,45
4160,18,45
4161,18,45
4162,18,45
4163,18,45
4164,18,45
4165,18,45
4166,18,45
4167,18,45
4168,18,45
4169,18,45
4170,18,45
4171,18,45
4172,18,45
4173,18,45
4174,18,45
4175,18,45
4176,18,45
4177,18,45
4178,18,45
4179,18,45
4180,18,45
4181,18,45
4182,18,45
4183,18,45
4184,18,45
4185,18,45
4186,18,45
4187,18,45
4188,18,45
4189,18,45
4190,18,45
4191,18,45
4192,18,45
4193,18,45
4194,18,45
4195,18,45
4196,18,45
4197,18,45
4198,18,45
4199,18,45
4200,18,45
4201,18,45
4202,18,45
4203,18,45
4204,18,45
4205,18,45
4206,18,45
4207,18,45
4208,18,45
4209,18,45
4210,18,45
4211,18,45
4212,18,45
4213,18,45
4214,18,45
4215,18,45
4216,18,45
4217,18,45
4218,18,45
4219,18,45
4220,18,45
4221,18,45
4222,18,45
4223,18,45
4224,18,45
4225,18,45
4226,18,45
4227,18,45
4228,18,45
4229,18,45
4230,18,45
4231,18,45
4232,18,45
4233,18,45
4234,18,45
4235,18,45
4236,18,45
4237,18,45
4238,18,45
4239,18,45
4240,18,45
4241,18,45
4242,18,45
4243,18,45
4244,18,45
4245,18,45
4246,18,45
4247,18,45
4248,18,45
4249,18,45
4250,18,45
4251,18,45
4252,18,45
4253,18,45
4254,18,45
4255,18,45
4256,18,45
4257,18,45
4258,18,45
4259,18,45
4260,18,45
4261,18,45
4262,18,45
4263,18,45
4264,18,45
4265,18,45
4266,18,45
4267,18,45
4268,18,45
4269,18,45
4270,18,45
4271,18,45
4272,18,45
4273,18,45
4274,18,45
4275,18,45
4276,18,45
4277,18,45
4278,18,45
4279,18,45
4280,18,45
4281,18,45
4282,18,45
4283,18,45
4284,18,45
4285,18,45
4286,18,45
4287,18,45
4288,18,45
4289,18,45
4290,18,45
4291,18,45
4292,18,45
4293,18,45
4294,18,45
4295,18,45
4296,18,45
4297,18,45
4298,18,45
4299,18,45
4300,20,48
4301,17,45
4302,16,43
4303,20,50
4304,16,43
4305,16,41
4306,17,42
4307,22,56
4308,18,46
4309,14,39
4310,16,46
4311,15,36
4312,17,42
4313,15,34
4314,14,34
4315,14,26
4316,18,47
4317,19,51
4318,17,43
4319,20,60
4320,17,42
4321,21,58
4322,17,44
4323,17,37
4324,18,54
4325,18,56
4326,19,45
4327,18,46
4328,11,55
4329,25,51
4330,22,44
4331,16,29
4332,19,49
4333,16,37
4334,18,46
4336,20,38
4337,18,38
4338,20,49
4340,6,48
4341,20,52
4342,13,34
4343,27,56
4345,17,49
4346,17,55
4347,17,34
4348,16,48
4349,2,72
4351,16,42
4352,21,48
4353,18,43
4354,20,72
4355,16,75
4356,18,64
4357,19,53
4358,19,9
4359,22,8
4361,37,31
4362,26,69
4365,17,40
4371,22,76
4373,17,47
4375,21,6
4376,19,37
4377,23,40
4378,32,27
4379,15,49
4380,18,80
4381,6,37
4384,18,43
4386,14,47
4387,18,32
4388,15,46
4389,6,48
4390,20,48
4391,25,88
4394,2,87
4395,19,57
4396,23,9
4397,14,2
4399,18,66
4400,15,48
4403,19,30
4404,18,33
4405,25,23
4406,18,44
4407,19,57
4409,16,82
4410,17,31
4411,18,37
4412,18,87
4415,16,14
4416,13,13
4417,3,46
4419,11,72
4422,2,28
4426,37,52
4427,26,45
4428,16,36
4429,20,42
4430,22,76
4431,22,94
4432,18,53
4433,24,40
4434,18,47
4435,16,34
4436,20,40
4437,22,44
4438,16,15
4439,8,82
4440,16,45
4441,28,13
4442,8,60
4443,9,37
4445,17,45
4446,34,43
4447,34,54
4448,18,57
4449,0,44
4450,13,37
4451,25,71
4453,14,77
4456,6,43
4458,2,33
4459,16,61
4460,8,53
4462,13,57
4463,13,43
4470,18,36
4471,12,27
4472,17,43
4473,20,44
4474,22,49
4475,15,47
4476,15,47
4477,25,33
4478,19,46
4480,16,59
4482,24,42
4487,7,46
4488,23,49
4489,14,24
4490,25,46
4491,5,30
4492,10,39
4493,21,49
4494,22,56
4495,17,38
4496,19,57
4497,17,43
4498,8,38
4501,17,57
4502,20,9
4510,19,47
4512,16,58
4513,18,46
4515,20,50
4516,13,40
4517,16,33
4518,21,36
4519,18,45
4522,16,41
4523,17,43
4524,11,29
4525,16,42
4526,18,45
4527,18,45
4528,18,45
4529,18,45
4530,18,45
4531,18,45
4532,18,45
4533,18,45
4534,18,45
4535,18,45
4536,18,45
4537,18,45
4538,18,45
4539,18,45
4540,18,45
4541,18,45
4542,18,45
4543,18,45
4544,18,45
4545,18,45
4546,18,45
4547,18,45
4548,18,45
4549,18,45
4550,18,45
4551,18,45
4552,18,45
4553,18,45
4554,18,45
4555,18,45
4556,18,45
4557,18,45
4558,15,41
4559,19,48
4560,11,33
4561,14,44
4562,18,45
4563,18,52
4565,8,52
4566,21,72
4567,28,50
4568,20,35
4569,11,57
4570,14,53
4571,11,24
4572,16,56
4573,17,43
4574,16,27
4575,19,21
4576,15,23
4577,12,6
4578,17,41
4579,18,16
4580,9,23
4581,27,63
4582,18,69
4583,18,31
4584,17,41
4585,20,79
4586,17,35
4588,16,48
4589,28,68
4590,20,63
4591,23,37
4592,16,99
4597,19,34
4598,19,8
4599,17,82
4600,18,35
4601,18,19
4603,23,61
4604,16,63
4606,17,57
4607,19,47
4609,16,20
4611,18,47
4621,18,32
4627,37,40
4630,3,70
4631,22,24
4633,15,30
4634,25,35
4635,16,17
4636,18,55
4637,17,49
4638,18,40
4639,19,17
4640,17,50
4642,17,57
4643,25,79
4644,18,55
4645,18,62
4646,18,42
4647,18,44
4648,17,56
4649,17,40
4650,18,46
4651,17,40
4652,18,42
4653,20,46
4654,23,56
4655,16,35
4656,12,32
4657,25,67
4658,15,37
4659,19,59
4661,17,43
4662,9,56
4663,18,45
4664,18,45
4665,18,45
4666,18,45
4667,18,45
4668,18,45
4669,20,73
4670,20,23
4672,18,28
4674,20,23
4675,18,43
4676,21,2
4677,16,16
4679,18,6
4680,20,91
4682,16,46
4683,17,11
4686,19,48
4691,4,90
4692,23,65
4694,23,95
4695,14,88
4698,15,35
4726,18,86
4727,18,71
4729,18,62
4734,23,62
4736,18,45
4737,18,45
4738,18,45
4739,18,45
4740,18,45
4741,18,45
4742,18,45
4743,18,45
4745,18,59
4747,17,68
4751,20,32
4752,18,5
4755,23,12
4761,31,31
4762,13,67
4764,18,41
4766,18,34
4767,22,98
4772,4,78
4773,12,0
4774,15,26
4775,16,72
4776,17,83
4777,10,39
4782,17,84
4784,16,31
4786,10,52
4791,5,37
4792,13,31
4793,12,25
4800,16,85
4801,15,76
4802,18,49
4803,16,35
4804,19,58
4805,18,47
4806,18,45
4807,17,42
4808,18,76
4809,18,56
4810,18,25
4811,16,61
4812,18,52
4813,17,42
4814,5,47
4815,20,59
4816,16,27
4817,20,50
4818,15,44
4819,16,74
4820,17,52
4821,17,35
4822,31,38
4823,12,34
4824,18,39
4826,23,62
4827,18,37
4828,4,30
4829,21,76
4830,17,34
4831,18,40
4832,28,64
4833,33,49
4834,18,69
4839,30,60
4840,17,55
4841,18,53
4842,20,44
4843,18,12
4844,34,57
4851,11,19
4852,25,60
4853,24,41
4856,11,56
4857,19,28
4858,20,53
4860,19,32
4861,17,63
4862,29,44
4865,21,63
4866,18,34
4867,3,44
4868,17,37
4871,18,2
4872,18,40
4873,18,38
4874,19,58
4876,20,43
4877,26,41
4878,19,31
4879,17,6
4880,16,42
4881,18,41
4882,15,35
4883,18,29
4884,18,45
4885,17,35
4886,19,57
4887,17,37
4891,17,15
4892,19,93
4893,18,43
4894,19,58
4895,18,38
4896,17,46
4897,18,45
4898,16,45
4899,18,43
4900,17,46
4901,19,42
4902,12,51
4904,39,49
4905,21,43
4906,22,55
4907,12,39
4908,18,45
4909,15,47
4913,20,52
4914,19,46
4915,14,41
4916,19,53
4917,22,55
4918,19,53
4919,26,65
4920,18,46
4921,12,37
4922,32,68
4923,18,41
4924,14,42
4925,20,46
4926,28,68
4927,30,52
4928,17,48
4929,15,47
4930,19,54
4931,9,17
4932,16,13
4933,22,65
4936,0,43
4937,12,46
4941,37,44
4942,32,61
4943,18,45
4944,31,74
4945,20,55
4946,28,45
4947,29,52
4948,11,34
4949,21,37
4950,22,61
4952,24,43
4953,36,68
4954,24,44
4957,22,48
4960,20,29
4961,9,73
4962,21,43
4963,20,22
4964,17,52
4965,14,56
4966,11,26
4967,26,35
4968,16,36
4969,16,55
4970,14,55
4971,19,62
4972,18,38
4974,13,47
4975,0,13
4976,6,30
4977,13,50
4980,24,25
4981,28,35
4982,22,55
4983,7,31
4986,16,44
4987,28,36
4988,17,46
4989,11,76
4990,18,72
4991,18,6
4995,17,76
4998,18,13
5002,20,4
5003,19,87
5004,18,23
5005,25,59
5006,19,85
5007,19,48
5008,17,37
5009,16,57
5010,21,64
5011,24,68
5012,21,32
5014,13,54
5015,19,42
5016,9,60
5017,20,34
5018,20,48
5019,21,44
5020,16,42
5021,11,48
5025,30,33
5026,14,49
5028,29,33
5029,29,27
5030,6,42
5033,5,38
5034,5,46
5039,20,47
5040,23,45
5041,16,44
5042,31,44
5043,24,46
5044,10,43
5045,14,44
5046,12,43
5047,18,46
5048,18,46
5049,15,43
5050,19,46
5051,18,45
5052,16,45
5053,19,46
5054,17,45
5055,18,46
5056,17,44
5057,18,45
5058,18,46
5059,21,46
5060,16,46
5061,16,45
5063,27,42
5064,20,47
5065,16,43
5066,19,41
5067,24,49
5068,19,47
5069,17,46
5070,18,45
5071,19,46
5072,16,45
5073,20,45
5074,16,46
5075,21,46
5077,27,48
5078,11,45
5081,20,47
5082,14,46
5083,21,46
5084,22,45
5085,13,47
5086,37,45
5089,29,47
5091,24,45
5092,24,43
5093,28,47
5094,17,41
5099,27,45
5100,23,44
5101,30,44
5102,21,44
5103,24,45
5104,13,46
5105,16,45
5106,16,46
5107,18,46
5108,17,46
5109,19,45
5112,39,44
5114,18,47
5115,17,47
5116,24,45
5117,13,45
5118,25,44
5119,18,45
5120,19,45
5122,4,47
5123,22,46
5124,17,45
5125,19,43
5126,17,46
5127,13,47
5128,22,42
5129,22,44
5130,20,43
5131,14,45
5136,12,50
5137,4,43
5138,21,46
5141,12,45
5142,13,48
5143,18,40
5144,23,42
5145,17,45
5146,23,45
5147,16,46
5148,13,51
5149,16,48
5150,14,47
5151,18,44
5152,18,47
5153,15,51
5154,20,42
5155,18,45
5156,17,43
5157,27,46
5161,27,43
5162,25,45
5163,18,46
5164,25,41
5165,15,48
5166,17,44
5167,23,42
5168,16,47
5169,13,48
5170,14,47
5171,18,45
5172,12,51
5173,18,45
5174,20,43
5175,18,51
5176,10,45
5177,19,44
5178,16,48
5179,15,53
5180,2,41
5181,21,39
5182,19,56
5183,17,41
5184,20,43
5185,20,45
5186,17,49
5188,10,49
5189,11,51
5190,20,41
5191,12,54
5192,19,44
5194,15,43
5195,9,47
5197,17,44
5198,14,34
5199,16,44
5200,18,43
5201,16,31
5202,17,44
5203,19,52
5204,20,53
5205,16,32
5206,19,47
5207,18,66
5208,18,36
5209,17,48
5210,22,41
5211,18,57
5212,18,51
5213,19,67
5214,18,46
5215,18,48
5216,19,60
5217,19,57
5218,16,27
5219,19,40
5220,26,44
5221,15,7
5223,24,77
5224,16,21
5226,18,54
5229,12,83
5236,13,32
5237,22,66
5238,16,41
5239,20,52
5240,16,29
5241,19,44
5243,2,58
5244,19,56
5245,17,30
5246,18,46
5247,18,39
5248,3,51
5249,16,45
5251,24,23
5252,5,57
5257,37,55
