,APAF1,ARID1A,ATM,BAP1,EPAS1,ERBB2,GSTP1,HSPB1,HSPD1,IL6,MAPK8,MTOR,NDRG1,NF2,PAK1,PIK3CA,PTEN,PTGS2,RELA,RNF139,SETD2,SLC2A1,SOD2,TGM2,TP53,TSC1,TSC2,VHL,Y
0,32.66876907,33.84802607,35.94242939,33.67729431,37.95811,35.32243,36.48088,38.25591,37.02204,29.74353,32.64741,33.01718,40.63163,33.9608,34.43928,32.42544,36.73944,31.08504,33.09884,32.46554,32.58565,33.38586,38.67433,38.50142,33.83518,32.93402,34.9352,32.30615,1
1,32.3374933,33.84351312,35.98822522,32.64314903,38.83281,33.71706,36.21403,37.41814,36.4892,24.29608,34.04178,33.17883,39.95111,33.69899,33.95625,33.21465,37.13114,30.16993,33.06941,32.2719,33.19915,33.69538,38.64559,34.33752,34.4481,33.1663,35.08304,32.19988,1
2,31.81819796,33.51600486,36.19358742,32.36886592,37.19345,33.38917,35.34069,37.94992,36.51745,33.97471,33.45663,34.06093,39.71223,34.07472,33.80051,32.46705,37.91878,30.76766,33.64965,32.55514,32.84628,36.23588,40.50559,35.50178,35.4198,33.63282,34.79244,31.49147,1
3,32.60129346,34.19769825,36.57834764,31.89539977,39.46713,33.2234,35.36208,37.8679,37.13423,31.49884,33.49951,33.50445,39.71355,33.14612,34.5325,33.87549,37.77827,30.54053,33.14439,33.19823,33.68316,34.41938,38.99231,35.77236,34.18862,32.8825,35.02014,32.11538,0
4,33.59312094,33.35146049,36.80749673,33.96834807,38.49884,33.40876,34.26885,35.26187,36.15876,33.92214,31.96469,34.22502,38.62867,32.58079,34.23407,34.24976,37.99008,30.95478,32.91133,30.89813,34.63036,34.59911,38.41437,33.47112,34.91241,33.44515,35.0131,33.33646,1
5,32.17143266,34.10911272,36.40182607,33.65253266,37.78717,31.56564,35.45477,37.34454,35.93764,32.79016,32.45859,33.6943,38.5392,34.48873,33.06776,32.89598,37.35848,31.91172,33.85039,33.57671,33.44016,34.82122,38.37018,35.95382,32.1613,32.87762,34.58115,32.85442,1
6,32.49340557,33.2711502,35.59938644,32.63333485,37.26115,33.86934,33.77116,38.47296,36.93566,28.13497,33.49566,33.4104,40.04039,33.95985,33.46943,33.09348,35.90397,30.24731,33.27512,32.97635,33.03294,32.74636,36.82956,33.97099,35.48656,34.09818,35.03263,31.61337,0
7,33.70161333,33.53933229,36.58622049,32.84343927,36.84683,33.54593,36.71615,36.69292,37.13487,31.54105,33.0579,33.66749,39.05777,34.45946,32.87712,33.12491,36.2205,31.72698,33.14299,31.99291,33.15593,30.31758,38.46245,36.33947,33.55736,33.38182,35.44935,31.10226,0
8,32.97588025,33.52393728,36.39940904,32.6601447,39.13267,34.12366,35.07026,36.53736,35.80065,29.57764,33.69437,33.70979,39.80144,33.40467,34.53582,33.18371,36.99773,29.70497,33.09857,33.13805,33.27641,33.88149,39.27165,34.75243,33.9354,33.36926,35.11777,32.53684,1
9,32.78962279,34.01346589,35.64113842,33.61841147,38.05661,33.37722,36.02627,39.12981,35.60927,29.86637,32.06324,33.08193,40.98348,33.05416,33.27939,32.33381,34.72746,31.08041,33.70842,31.84626,32.91771,35.78629,36.73066,36.90815,34.40646,33.0913,34.88229,30.84539,1
10,32.4326535,34.24280857,35.57375747,33.03183581,38.48123,33.48126,35.79279,37.69029,36.74479,30.78458,33.10597,33.77177,41.20784,33.77528,33.81536,32.60585,36.04017,31.32386,33.55353,31.99236,33.26321,34.17897,38.43426,35.97245,34.41617,33.30005,35.03496,32.4506,0
11,32.83681971,33.52256952,36.11240334,33.2581978,38.39817,33.9892,35.86359,36.60885,36.30542,30.33543,33.82536,33.04822,39.97573,33.79103,34.68111,33.50775,37.08172,29.49923,33.44363,33.4261,33.01455,33.47634,37.32877,36.25752,35.30738,33.69206,35.01952,31.51755,0
12,32.64465831,32.83538589,35.7928831,33.22810975,38.34336,34.00777,33.34491,37.62178,35.47637,24.29608,32.10933,33.68132,39.27843,34.68184,34.59283,34.01172,36.26808,22.9987,32.75696,32.26933,33.06538,31.36482,36.19157,33.44282,33.58405,33.84394,35.22366,31.13415,0
13,32.22548727,34.26168517,36.20127841,33.552945,38.16606,35.05589,35.61979,36.73836,34.21244,24.29608,32.93581,33.36477,37.89529,33.44291,32.98007,30.55041,35.61627,29.14221,33.50079,31.09517,33.91596,33.65699,36.68269,34.67679,31.99556,33.25188,36.64412,32.75366,0
14,33.47131782,34.44153036,36.24531286,33.69244186,36.67863,34.66193,34.3218,38.17091,35.33533,30.36969,32.13119,33.15707,38.41989,34.71096,33.59623,32.48719,35.8713,29.35797,34.19903,31.15776,33.6024,34.61899,37.9372,37.43273,33.20506,33.32503,36.30593,32.65044,0
15,33.88750854,34.37116704,36.06760764,33.52923201,39.15707,32.14913,34.81481,36.85293,35.88626,32.50609,33.31685,33.6956,38.93303,33.22412,33.39767,32.90838,35.5696,29.85159,33.91135,31.30737,34.11172,34.13879,37.72707,35.57365,33.18497,33.55346,35.57495,32.45489,0
16,33.02184992,34.73080433,35.74189515,33.43930867,37.99765,34.47116,35.94778,37.6918,35.81117,33.27356,33.79137,33.87162,38.81561,33.78669,33.78745,32.82392,35.78921,32.3136,33.57082,32.26966,32.97572,35.19849,39.45764,36.77512,35.35686,31.58024,35.19005,32.03593,0
17,33.0052526,34.2312192,35.9476452,33.376406,37.16011,33.89564,34.8458,37.88665,35.69785,31.68836,33.15169,33.13449,40.22741,32.94832,33.87667,32.68384,35.73359,32.29211,33.11172,31.42432,33.63096,35.0463,38.65403,38.04989,35.19154,32.69427,35.79157,30.92365,0
18,33.08642492,33.77368633,36.86543364,32.49690704,37.55787,32.95287,35.30876,36.83742,35.25219,32.10011,32.00313,33.7741,39.00264,33.06301,33.8191,32.37149,35.24093,31.41232,32.46297,32.46267,33.87324,33.39639,36.67589,36.1309,32.90625,33.70015,34.96731,31.74634,1
19,32.95501102,34.36873692,36.03547076,33.22626382,37.93249,32.74769,35.38751,37.08291,35.9702,32.08382,33.65316,34.40276,35.81276,35.29129,34.12416,33.27565,37.0071,31.9231,32.6709,32.81773,33.66827,32.03414,36.50267,36.10699,33.50537,33.4082,34.95102,32.89678,0
20,32.5476053,34.35690807,35.31571305,32.38072384,36.31018,33.72511,37.05651,37.91671,37.02668,31.33716,32.15013,33.14262,40.59969,33.03855,33.45814,32.42398,36.09633,31.26332,34.34286,32.0561,34.14218,37.38279,35.50802,36.46737,34.73591,33.27613,35.22188,32.64736,1
21,32.75499698,33.2961977,36.10040351,32.73490529,37.82743,32.40563,34.68745,36.782,36.34248,33.04247,32.09565,32.64441,39.29835,34.42555,34.06981,33.03055,36.58067,32.34541,33.07637,32.0086,32.89062,34.55874,39.73582,35.98337,34.4433,34.03645,35.70448,32.61222,1
22,33.06553176,34.1001631,35.67324164,34.2082506,38.2906,34.48587,36.53081,39.13465,37.16266,28.26596,32.13727,32.74635,39.98079,34.03796,34.13755,32.72122,35.14085,30.93453,33.91114,31.95994,32.74779,35.4391,39.3764,36.5677,34.56879,32.99361,35.30795,32.12949,1
23,32.72004705,34.08150478,35.25027246,33.59551682,38.0228,32.09354,36.11718,38.24236,36.09756,34.54201,33.19773,33.90466,40.55833,33.30063,33.92979,32.56972,35.98864,33.02151,33.47264,32.05511,33.14098,35.95192,37.56299,35.03114,33.6812,32.89121,35.14331,32.03143,0
24,33.35208964,33.62891907,37.60053307,32.74452131,35.66616,33.45492,34.27804,35.45598,36.55662,32.50834,34.90624,33.50727,37.66261,33.95919,35.37664,34.5593,36.17544,27.95526,33.58672,32.51403,33.93477,34.05934,39.44401,35.89599,35.33226,32.66428,35.75997,33.92074,1
25,31.76018756,33.64217926,35.03192831,32.71060828,38.07107,33.25974,33.79311,37.7489,35.20556,33.20111,33.3978,32.98304,39.82679,33.34139,34.35955,32.91759,36.85031,32.24754,34.3038,31.00062,33.12842,35.20717,39.0166,36.45644,35.21132,32.17923,35.52023,31.39375,0
26,34.18598081,33.51771546,36.20924656,32.2240865,37.26878,33.13265,34.93691,38.93311,36.60154,26.45394,33.00956,33.6217,40.49306,33.39728,34.36007,33.2255,37.02355,29.05276,32.8455,34.02099,32.52339,33.06049,38.55076,36.98851,33.90713,31.39947,35.42548,31.32365,1
27,31.69616737,34.04327284,36.28491755,33.23384051,39.31331,34.53039,35.78801,37.21911,36.38217,31.91482,33.56019,33.97665,39.18754,34.56479,34.43691,33.09261,36.77963,32.92765,34.03135,32.06894,33.16204,34.24951,38.08069,36.63381,33.89237,33.85497,35.86151,32.36932,0
28,32.90764023,33.96020862,37.01765579,33.68443072,37.72016,32.39182,36.1424,36.58153,36.40897,24.29608,32.46885,34.19899,38.48677,34.30464,34.63093,34.60932,36.16043,28.48728,31.78239,32.46247,34.15359,31.77207,37.68494,34.52512,33.90675,32.31233,34.75589,33.07403,0
29,33.0531755,34.07987918,35.82717378,33.49284232,37.91654,33.89563,35.5893,37.5163,35.69157,30.78242,33.62352,34.22337,37.9511,33.83947,33.2432,33.23847,35.71361,31.63241,33.99434,31.63059,33.77916,33.32342,36.64623,36.38101,35.6213,32.72354,35.1555,32.26444,0
30,33.64440839,33.81854681,36.4251727,32.89257041,37.06045,33.81135,35.29076,37.56756,36.92248,30.50102,33.79979,33.24428,39.79833,32.99015,34.42196,33.11406,36.97114,29.33154,32.70856,32.84129,33.33105,32.85885,38.72241,36.27262,34.77403,32.89436,34.89663,32.18444,0
31,32.13744576,34.05896209,35.51042474,33.92418113,38.88147,34.29627,36.2924,37.80952,36.43979,33.31571,32.91157,33.45795,40.77444,32.42807,34.62536,32.44021,35.27228,33.70217,33.28523,31.26782,33.39691,34.94231,37.57024,34.99056,36.5513,33.38167,36.15458,29.55647,1
32,32.69047766,34.33464031,35.4191848,33.48215132,36.74275,34.74669,36.76224,37.60916,35.87817,30.40736,32.40612,33.79023,38.22338,34.14983,33.06661,33.03581,36.49972,30.05611,33.92521,32.33853,32.90743,33.29177,37.69522,36.61159,33.46325,32.70867,35.57148,32.07804,0
33,32.95241358,33.91170624,36.18760125,32.49201018,37.95201,32.47482,35.74118,37.46501,36.04547,30.94604,33.37871,32.43436,40.04164,33.34783,34.54315,33.49249,36.89801,31.84872,33.40941,33.64744,33.43511,34.0561,38.5424,33.24322,35.62678,33.39661,34.82624,32.19045,0
34,33.08146906,33.31112796,34.58048162,33.38601925,37.04465,33.84459,36.28965,38.08506,37.52539,32.2074,33.99083,32.87964,38.52023,33.93609,35.19004,33.32984,37.58374,32.56198,33.16559,33.5604,32.97898,34.67576,40.2601,35.01177,34.34409,31.78938,34.2,31.0072,0
35,32.15053755,34.05614214,35.6265055,33.16089491,38.31093,33.46668,36.17764,38.21896,35.78074,34.48801,33.8527,33.68001,39.7003,33.92941,34.63602,33.68339,36.6287,31.09901,33.02478,31.83364,33.00757,35.18912,39.16216,35.65874,34.66919,32.72168,34.90889,31.90031,1
36,33.45804675,34.9537067,36.47688371,32.87289636,38.49299,30.70377,35.21012,37.99049,35.942,33.346,32.76571,33.72647,40.53389,33.90075,31.69179,32.70673,37.1101,33.98265,33.00066,33.21646,33.22673,35.75184,37.47927,36.85929,33.48096,33.53046,34.51236,31.35354,1
37,33.27913096,34.20825978,37.70359131,33.0926036,38.30625,33.26534,36.35967,37.76111,36.71159,32.13692,33.07517,32.98039,40.2016,33.59144,34.93133,32.50788,37.6299,32.45242,34.04913,32.37365,33.51507,33.90722,36.88568,33.22821,34.35794,33.33124,35.96253,30.8842,1
38,32.84486986,33.12652983,36.10116953,30.62522282,37.93276,32.8475,35.89483,37.93825,36.10208,33.31508,33.04684,32.63446,40.3062,33.25872,34.30773,33.14868,36.26911,32.5938,32.92397,32.49066,33.25497,34.99934,37.49115,36.39832,35.88948,32.73166,33.80004,31.17131,1
39,33.37719079,33.02667405,36.10470919,33.06658648,37.57839,33.06746,35.58861,37.4925,35.35656,29.45396,33.14815,33.589,39.96953,34.18658,33.25914,32.9767,36.85926,30.44623,32.86075,33.5531,32.97091,33.9383,36.14906,34.77159,33.06034,32.87974,35.14273,32.3053,1
40,32.93078448,34.45945238,35.50924774,32.57990639,35.23492,35.68377,36.32542,38.63554,38.02708,24.29608,31.83553,33.30874,36.11471,34.84638,33.19528,32.81433,37.70073,28.73119,33.00013,32.90856,33.52124,30.85643,35.89994,34.01602,34.61866,33.07849,35.34515,30.89403,0
41,33.07682283,34.12878827,36.63692229,32.50566564,38.4452,33.48815,35.51222,37.87147,37.10294,31.81679,34.82685,33.69631,39.89516,33.60426,33.2176,34.20215,37.95014,30.76521,33.24348,33.36947,32.93344,33.7496,38.66722,36.37458,32.99527,32.80056,35.38017,31.16832,0
42,34.40977279,33.23584501,35.40827872,32.60498455,36.61642,31.92299,32.26697,39.06934,37.55218,34.89661,32.73182,32.88711,40.58143,34.0974,33.61085,30.91756,36.74205,32.74399,32.52824,32.14281,32.57248,34.4999,38.88016,35.11495,34.01316,32.37043,34.93594,30.68011,1
43,32.74575497,34.62830147,35.09397636,34.61933815,38.00481,32.98295,36.14214,37.53683,35.55743,32.11174,32.67199,33.94408,39.01966,34.03372,33.93179,33.09723,35.13166,30.93117,34.21175,31.34658,33.82452,33.90584,37.55104,37.26843,34.39162,32.82349,35.49249,32.08039,1
44,33.52503324,33.35795877,36.66304664,32.58586389,37.89336,32.87087,33.46962,37.17653,36.77722,30.75427,33.32718,33.46656,39.35613,34.11393,34.03345,32.68197,36.58375,31.38885,32.8685,33.41232,33.44724,33.60191,38.92892,36.06673,34.48647,33.29182,34.99147,32.71556,0
45,32.87135343,34.05732813,36.13931747,32.18714302,36.9876,33.73597,34.01085,37.50698,36.88722,30.52482,32.88587,33.56956,39.85025,34.23243,34.00374,31.78535,35.74978,30.21234,33.30386,31.91383,33.34949,35.29404,39.53418,36.98772,34.42311,32.65885,35.25119,31.87425,0
46,32.12005773,33.69223209,35.73293852,33.58688429,38.35481,34.36034,36.12837,37.33442,36.01531,27.97473,32.12006,33.25962,39.84867,34.0885,33.93217,32.46032,35.82186,29.04552,33.88932,31.56153,32.93132,33.98745,38.0097,36.59557,33.81581,33.82437,35.62517,32.35922,0
47,32.54110929,33.96109989,35.36794528,33.3055895,38.89628,33.76615,35.64933,39.41761,36.82377,36.06162,33.32642,34.02103,37.99016,33.57292,33.84398,33.5826,36.89413,34.72579,33.52055,32.52915,34.15246,32.34285,37.27455,36.46121,33.06353,33.66321,35.21581,32.10457,1
48,33.24161936,33.56645231,36.77353862,33.18902523,38.46163,34.64565,36.30616,37.25707,36.68184,28.14811,33.67507,33.7697,40.5768,34.05693,34.71478,33.47121,36.33043,29.09394,33.38135,32.54575,32.72412,33.61375,38.70526,34.37399,34.17134,33.45978,34.83739,32.45241,1
49,33.60339346,34.00674964,36.14926077,33.65028971,35.79973,33.2726,36.08687,37.9663,36.83099,33.72567,32.94489,34.02742,39.32286,34.00034,34.42791,32.83667,36.31583,31.93464,33.0429,32.34733,33.70162,33.12969,39.1851,36.30155,34.72803,33.79821,35.7106,32.98937,0
50,32.17130849,33.42917462,35.91288584,32.56502892,37.5741,32.86803,35.31237,37.75264,35.6195,29.87476,31.58446,34.10431,39.32466,33.8805,33.14033,31.65675,35.55455,31.52603,33.08841,30.96881,33.23599,35.10475,37.07829,35.97766,35.53983,32.87109,35.08271,30.56966,1
51,33.28957492,34.33534983,36.80279439,34.12939857,37.04982,34.09086,36.75221,37.57966,37.82969,30.52786,32.65294,33.82666,40.34571,34.70098,33.98818,32.77767,36.26757,28.97176,33.96416,32.49568,33.94799,37.2513,37.98147,38.26032,36.36869,31.94609,35.48934,33.23535,1
52,32.46508497,33.99888072,36.92952934,32.97349465,37.61854,33.45093,35.74372,36.94477,36.30732,32.07428,33.02622,34.35173,40.06459,33.61291,33.65585,32.9067,37.12633,32.02082,32.93394,33.68848,33.41468,34.20041,37.59136,34.96561,35.91553,34.43402,35.14838,32.50433,1
53,33.91920921,34.43601934,36.09020895,31.76926458,37.64033,30.99916,36.23675,38.4813,36.80438,32.32241,33.88701,32.21819,38.16508,32.92764,34.52077,33.99002,38.57364,31.67471,33.10203,33.61421,34.18038,33.28996,38.25728,36.47881,32.58365,32.54128,34.41385,31.63315,0
54,32.23027754,33.64838157,35.51944257,33.51371062,37.87352,33.77379,36.48711,37.98224,36.19008,31.15824,32.73591,33.46926,39.54529,33.62313,33.29909,32.17161,35.84871,29.27569,33.32115,31.24336,33.25014,34.34834,39.04573,36.10774,33.82773,33.29085,35.37715,32.31606,1
55,32.81279119,33.22108421,36.28046809,34.16001659,38.75519,33.70703,35.69155,38.03176,36.90205,34.02529,33.65838,33.25096,39.61199,34.15293,34.01637,33.80337,38.08415,32.55913,33.50249,33.01735,34.3144,34.80845,37.89801,35.85538,35.35425,33.29908,35.27012,28.14961,1
56,32.38397289,34.08870719,34.90934805,34.08720581,39.57933,34.29997,36.2249,36.7998,35.21306,31.56961,32.13501,33.57493,38.79663,34.17307,32.31976,32.24168,35.75165,33.51586,33.22791,32.03599,33.38379,33.47283,37.106,36.93795,32.66038,32.66897,35.27932,32.96794,1
57,33.38797739,33.81566318,36.68355873,32.6354152,36.22042,33.57211,35.23306,36.89555,36.15489,29.33757,32.99081,33.30892,39.0916,34.55777,34.18433,32.95735,36.33206,30.898,33.28425,32.20159,33.31024,35.63485,38.86039,36.29509,34.55579,33.05159,35.36601,32.72543,1
58,32.76818677,34.10015591,35.95990558,33.65426379,38.67991,32.63946,36.24434,36.42324,35.61437,32.99078,33.19575,33.83684,37.01405,33.21675,33.8857,33.60576,37.35644,33.06141,32.74084,33.79887,34.05858,30.03156,37.11774,34.14095,36.09736,34.18644,35.10072,32.82193,1
59,33.14999789,34.20637991,36.08001508,33.23357565,37.43247,33.10699,35.38133,38.43354,35.84502,32.25103,32.3805,33.2801,40.06897,34.44878,33.87475,32.13877,35.27672,30.97734,33.47201,31.38464,33.39758,35.75048,39.42024,38.32834,34.85328,32.61467,35.28282,31.96733,1
60,32.82257046,33.83192455,36.80114394,32.69287125,38.51066,33.35095,36.27179,37.92138,37.16166,29.86122,33.49161,32.98315,40.54641,33.50326,34.02201,33.22491,37.04182,30.04982,33.14258,31.99999,33.27502,33.69101,38.43032,33.92317,33.94407,33.26828,35.37673,32.08517,0
61,32.50413546,33.7322962,34.89710103,33.31073448,38.90965,33.91538,35.41633,37.19895,35.74385,34.57514,33.47727,33.26508,40.70963,33.14441,34.64145,31.65169,35.63967,30.67912,33.56099,31.31352,33.71687,35.17192,38.55478,35.67543,34.01062,33.18978,35.10279,30.60934,1
62,33.4387796,34.15250058,36.49081947,33.92542032,38.46541,33.40448,35.55642,37.48086,36.78656,25.81958,33.38737,34.23937,39.40947,34.62161,34.53366,33.56208,36.63175,30.78731,34.16039,32.77395,33.39922,34.0029,37.89177,36.12441,33.67613,33.34938,35.6251,31.25543,0
63,32.86212473,33.32518663,36.2804428,33.37628873,37.82288,32.55852,35.42357,38.00448,36.66577,33.73139,31.95788,33.21358,39.55425,33.66074,34.61488,32.58785,36.32098,31.20997,33.90206,32.41373,33.78959,34.02243,38.90704,37.80006,35.54351,32.56093,34.90331,31.93458,1
64,33.44459568,34.15440115,36.17298096,33.3187346,38.40417,33.84687,35.82956,37.38758,36.43775,28.73603,32.74658,33.92666,38.75333,33.69261,33.06484,32.92958,35.64189,29.38814,32.92286,32.67176,33.27405,33.82519,36.05144,34.72729,33.75687,33.13687,35.56433,32.01212,1
65,32.82162176,33.86365008,36.94362001,33.0694473,37.75583,35.05517,35.4979,38.0522,36.14006,27.01261,33.6539,33.30602,40.35469,34.13897,33.50261,33.27894,36.38814,28.56285,32.78078,32.6693,33.45096,32.92309,38.35606,34.69913,34.04007,34.16652,35.4004,32.21729,0
66,33.19717271,34.63324904,36.69973835,33.29049007,39.05518,33.95187,34.71737,37.14651,36.21075,26.56634,33.66156,33.56573,38.90571,33.72929,35.05159,32.71889,36.22927,31.52996,33.8123,30.65186,32.8774,34.02453,37.24325,36.35653,36.06187,33.07771,35.62313,31.44407,1
67,33.84505132,33.61236996,37.29731704,33.03107947,38.88413,34.14629,32.67868,37.02294,36.95014,30.65827,34.18815,33.29722,40.13441,34.18379,35.15671,33.58104,37.28206,31.02171,33.50215,32.35308,34.20264,33.36824,39.04253,35.11906,35.35577,33.13779,35.78907,32.11154,1
68,32.88902124,34.13115746,36.0255581,33.36681775,36.82536,35.08038,37.23266,37.30789,36.31153,28.71551,33.11996,34.16336,37.00346,34.76848,33.79306,32.8339,36.09734,28.94653,32.55648,32.49802,33.50058,31.17399,35.9898,34.77996,32.79931,33.33153,35.48975,32.7919,1
69,32.12463274,33.5439799,35.39103594,34.26226534,38.59968,33.50327,34.89806,37.68186,35.75863,33.77719,32.17058,33.47533,40.43669,34.65996,34.02164,31.26533,34.86892,30.54903,33.8782,30.47383,32.90753,36.62314,37.33097,38.85373,33.45069,33.87982,36.09556,32.81428,1
70,34.13968083,35.00909335,36.29780241,33.17832614,38.43102,34.70927,36.57537,36.49331,36.34867,30.29053,33.78909,34.46672,37.27143,33.56508,34.30478,32.63057,36.34673,31.55982,33.28298,33.3495,35.0842,30.86838,37.0403,34.65647,35.11615,33.77679,35.75871,34.248,1
71,33.89728651,33.51978696,36.53666871,32.73590047,36.29691,33.2994,35.4388,37.32846,36.92396,28.02116,33.70745,33.80422,36.36996,34.22396,32.6895,33.65665,37.15841,27.24636,32.33524,33.30413,33.84581,30.69321,37.07707,34.12545,35.23777,33.2127,35.54191,32.52093,0
72,32.50233443,33.26354434,35.1084102,34.28301329,38.32758,34.81563,36.53432,37.76031,35.35103,27.95268,31.41454,33.58405,40.49603,34.59316,34.2484,32.10168,34.53776,29.74559,33.52795,30.03562,32.18579,35.44245,36.87208,35.76889,33.33365,33.17304,36.22592,32.5418,1
73,33.48507641,35.48254897,35.29167774,34.5520859,35.82046,33.55914,35.95603,38.74308,36.8867,32.44702,34.24339,33.69765,38.42907,34.92875,35.49979,33.9859,36.94862,32.31604,34.06558,31.22714,34.70187,33.41086,37.48208,34.05195,35.1487,33.03811,35.8254,32.80961,1
74,33.09947845,34.24171057,36.72096649,32.95840513,37.0014,32.65144,34.98146,37.67143,37.18562,33.51901,33.12662,33.70844,39.86441,33.49172,34.062,32.19044,36.42737,28.13685,33.45918,31.88631,33.3535,33.61564,39.41123,36.34724,35.34724,33.31362,35.00694,32.05989,0
75,33.08457627,34.45026137,35.81338509,34.17763604,38.96583,30.84293,35.63489,37.31003,35.59285,36.91295,33.01839,34.67108,41.11357,33.54988,34.05995,32.98494,38.18412,32.31492,33.84321,31.993,33.53237,36.61049,36.02829,37.95678,34.07554,33.01577,35.84823,32.36286,1
76,32.4670974,33.73008478,35.15211576,34.03974263,39.8096,33.74157,35.67261,36.20224,34.85516,32.43001,32.50293,33.33195,38.1275,33.37723,32.99545,32.798,35.70237,33.83495,33.47176,31.79484,33.46657,32.93653,35.61717,36.19121,32.66838,33.43912,35.34587,32.03419,1
77,33.15555317,34.15995787,35.9837546,32.38650324,37.92872,32.96831,36.44624,38.68206,37.07063,33.98038,33.34837,32.86041,40.35335,33.47433,34.37373,33.54134,37.21806,30.98252,33.81511,32.14202,33.61631,36.12453,40.33355,36.39692,34.34241,32.8186,35.30189,30.49254,1
78,33.39828287,33.6186045,36.15475938,32.99649992,38.65327,34.1038,36.36897,36.91456,35.65239,27.88446,33.15193,33.23533,39.62322,33.74632,33.90931,32.58867,35.97244,30.57652,32.58737,32.2783,33.01482,33.62948,37.01037,36.06291,33.6308,33.0421,35.28397,31.94063,0
79,32.71060391,35.01557852,34.94956301,34.86485689,38.27605,31.33221,36.89588,38.61459,35.86208,35.17341,32.20815,34.63616,40.06667,34.77988,36.22777,32.09836,34.45281,33.08542,34.50062,31.52744,33.60898,37.13279,35.02123,33.49568,34.31895,33.10088,36.9355,32.52772,0
80,32.68972997,34.14050072,36.01497259,33.74145712,39.6193,32.87947,35.11326,36.81492,35.8711,31.99734,33.44412,33.68734,39.5501,33.5835,33.4342,33.01368,36.65923,30.25509,33.36052,32.51365,33.55131,33.64538,36.82333,34.71782,33.81702,33.60715,35.71642,32.45828,1
81,32.32722682,34.27150897,35.97488196,34.08906636,38.33406,34.72887,34.80801,36.65332,36.22457,26.23374,35.00637,34.47341,38.94044,33.24561,34.28521,32.99918,37.08126,31.17965,34.11369,32.58187,34.03615,31.9154,36.51162,32.86218,33.35766,32.48108,34.78954,32.66118,1
82,33.12528296,34.7704352,36.81890033,30.62737136,37.05733,35.4093,38.05862,39.04221,37.78212,31.09248,33.91721,32.71973,36.88626,34.60269,34.17857,33.99473,38.42009,31.05233,33.16821,33.87347,34.15174,32.85193,39.77169,35.0338,35.99596,35.1261,34.56488,31.66193,0
83,32.83258441,33.46603133,36.20024159,33.40513629,37.04721,32.37328,37.28441,38.25191,36.52349,35.26206,33.17534,33.8174,40.77507,34.66412,34.58208,33.13107,36.17264,29.87485,33.55821,32.57871,33.2205,34.65754,39.36739,37.26519,34.81239,32.52145,35.1957,32.27549,0
84,32.7576809,33.94521339,35.64255635,32.96255194,38.6133,33.63389,36.44878,38.29379,36.1428,29.17769,33.16193,33.50868,40.16192,33.98953,34.01545,33.34988,36.8944,30.08276,33.23125,32.74535,33.16198,33.82717,39.49914,36.04689,34.16262,33.46131,34.6734,32.23248,0
85,32.57001768,33.13681665,35.59813837,32.11924786,37.97258,35.09026,37.06196,38.20131,37.51665,25.84534,33.68205,34.20988,40.1008,34.81726,33.63976,33.96631,36.57712,29.7252,34.17813,32.61104,32.92341,35.64639,39.14665,35.12602,34.93107,32.95042,35.61127,32.42409,0
86,33.24608982,33.11722278,36.35723171,32.75240305,36.78216,33.02697,35.783,37.72934,36.95368,33.07141,33.26379,33.60875,40.40203,33.93851,34.83369,33.32327,36.11155,31.25663,33.56268,32.39492,32.86426,34.43408,39.35972,37.15025,34.79643,33.53603,34.94716,32.05164,1
87,32.74198179,33.03575131,35.41387039,33.02993186,37.39869,33.71064,35.87893,37.97478,36.41334,29.79557,33.05091,33.80179,40.23382,34.04512,34.28573,33.03772,36.76966,31.02731,34.0426,33.0803,33.59617,36.43283,37.61744,37.85882,34.89437,32.6395,34.61707,32.33634,0
88,31.60966003,33.57865001,35.50548374,34.9643336,37.89946,34.52621,35.35189,38.8419,36.98932,31.17076,33.60127,33.00406,41.37164,34.55969,34.93551,31.47737,36.18277,29.51893,33.87916,31.3777,33.30127,33.31812,38.92548,36.16539,36.22918,33.68291,35.73282,30.22936,0
89,32.83956707,33.73524904,35.30171544,32.24311453,37.37068,35.45841,35.30403,36.86014,36.18282,30.73992,31.66146,33.81692,39.56635,34.53973,33.10174,32.73772,35.98807,31.166,34.23304,31.51048,33.6305,33.98781,36.95437,35.85609,35.05117,33.7627,35.47638,29.58428,1
90,32.20432195,34.35008126,35.74556595,33.1961024,38.29092,33.68475,36.08805,37.68311,35.93088,35.45606,32.9226,33.79581,40.26891,33.69616,33.72668,33.48997,37.03893,33.89935,33.75244,32.52178,33.39326,33.68927,39.03716,36.25971,34.30918,32.6623,34.85682,31.42001,1
91,32.14704953,33.05989112,35.23180632,33.48499487,37.31241,33.02124,36.06055,38.5425,36.45847,30.26243,31.98784,32.95161,40.92014,34.31815,33.51905,32.22252,35.08758,30.64841,32.99566,31.72677,32.70731,37.56295,39.09542,38.65142,34.84309,33.35873,35.60393,31.48752,0
92,33.1518263,33.59142952,36.57257424,33.05068767,37.21082,32.36597,36.04098,37.84756,36.56591,28.88874,32.70346,33.37514,40.53864,33.8424,34.00407,32.82007,35.92146,30.10766,32.94712,32.00527,33.04194,34.21254,38.72455,36.4753,33.23192,33.36301,35.12198,31.61144,0
93,33.45572117,33.77796264,36.72997884,33.30937391,38.48588,34.60457,36.64972,38.3087,37.76455,33.68218,34.00712,33.28405,41.08163,34.14889,34.8788,33.62691,37.18132,33.01476,33.49249,33.12648,33.27627,33.66134,39.91482,36.33065,34.57746,33.79499,34.70076,32.14381,1
94,32.74305229,34.88659681,36.46924917,34.74917766,38.78327,35.95603,34.69813,38.25048,36.64874,30.8655,34.94831,33.59027,41.54789,34.89126,34.7375,33.56009,36.68112,27.78768,34.01058,33.27137,34.01877,35.95849,38.69016,36.36011,34.72599,34.88136,35.75634,30.75471,1
95,32.54590583,33.56788673,36.59310798,33.26302006,39.06744,33.97058,33.98597,37.63759,36.67184,25.73696,33.61166,34.19837,40.22813,34.01918,34.11433,31.72595,36.44905,27.4973,33.68135,32.25407,32.89642,33.39434,37.04529,35.84656,34.92621,33.18921,36.17165,32.29419,0
96,33.07119895,33.80368139,35.83594342,33.68651899,36.93605,32.36724,34.93205,37.42872,35.83696,31.90987,32.42985,33.74754,39.69978,33.63608,34.04939,32.46266,35.83951,31.13347,33.39621,31.83699,33.28546,35.57856,39.00546,36.13266,34.46347,32.95898,35.39044,32.24201,0
97,32.35125103,33.33737024,35.79317658,33.3104705,37.99282,33.40287,36.55063,38.5432,35.78192,31.75433,33.25926,33.04792,39.92636,33.53556,34.23976,32.75665,36.60599,30.98245,33.62296,31.25422,33.14876,35.71482,38.6157,33.78197,34.3781,33.15884,35.25574,29.89866,1
98,32.99288818,33.55634901,35.5403499,33.51777852,36.84995,33.79963,33.40416,38.42748,35.99051,35.81854,33.23439,33.36822,38.09606,33.55628,32.97124,31.85745,35.34237,33.61921,32.85318,30.97422,33.12518,33.77768,37.36739,37.40311,33.41211,32.76926,35.83719,33.11616,1
99,32.7502206,33.80011805,36.40008402,33.08351917,38.27938,34.17019,36.51559,37.92877,36.50178,26.72387,32.92066,33.17059,40.61448,34.10863,34.25499,32.85003,36.13302,31.13091,33.33756,31.45533,32.89764,33.73378,38.05993,35.34173,33.56879,33.84952,35.52858,31.75488,0
100,33.60588108,33.93122013,36.30460905,32.53938701,37.52104,33.17438,33.48025,37.58907,36.35792,29.26836,33.13181,33.39429,38.82427,34.24087,34.66368,33.0103,36.6719,30.49126,33.09766,32.29259,33.5286,33.75477,39.0791,34.9816,34.88799,33.04245,35.17652,32.31481,1
101,32.9838074,33.72809631,36.10844265,33.4367367,39.23004,33.54981,35.00506,36.46514,35.35979,33.38143,32.91982,33.53147,39.25446,33.44905,33.51568,32.48797,35.7243,33.97577,32.90935,32.1683,33.47137,34.22627,38.20687,36.88495,33.52977,33.86829,35.44395,31.63886,1
102,32.83393335,34.07214084,36.51709978,32.86122103,37.67463,32.14526,35.01146,37.64873,35.7559,30.81559,34.18341,33.11592,40.02981,34.53322,33.76628,33.40651,37.41702,29.84758,33.01299,33.59045,33.50821,33.20158,39.73036,36.26207,34.11458,32.39313,34.69977,32.03623,1
103,32.85885468,33.86134965,36.34689241,33.45453034,37.59915,33.68353,34.13375,36.24721,35.14777,35.14464,32.01778,32.92998,38.96878,33.40235,33.34388,32.30821,36.20743,31.19019,32.81001,31.93697,33.44532,34.46818,36.40514,37.07229,35.44828,33.48525,35.38744,32.92398,0
104,33.10263857,34.05386963,36.13891668,33.2851086,39.32126,33.17688,36.18342,37.41239,36.86212,32.66169,32.76837,33.82153,39.51986,34.02058,34.1762,33.19077,36.57855,32.5293,32.85403,32.09678,33.04142,34.30828,37.87773,35.25263,33.85185,32.87676,35.28851,31.91397,1
105,32.81162,33.84649949,35.80749154,32.77510153,37.55998,35.21807,33.15739,38.02903,37.05009,26.30331,33.20665,34.14616,41.31478,34.92833,32.8045,33.04829,35.97182,28.96311,33.6504,32.57913,33.29523,33.95247,38.66976,34.09743,33.55935,33.85345,35.13972,31.73043,0
106,33.16940698,34.26859744,35.90915438,33.63734516,37.32366,32.15176,34.07004,36.39073,35.19543,32.14429,33.25612,34.09226,38.34053,33.53045,33.59599,32.27357,35.63999,29.1597,32.86536,31.45516,33.97034,34.31332,36.83816,36.00135,33.74286,33.21647,35.41242,32.57188,0
107,33.11154353,33.74800911,36.49465454,32.39084714,37.66942,33.6327,35.60459,36.02401,35.09112,29.7711,33.44757,32.48611,40.38073,32.9544,34.57798,32.78433,36.37707,24.53212,33.05527,32.60136,33.19969,33.44965,37.54492,36.43039,32.14179,33.59925,35.17477,31.71282,1
108,32.6017929,34.26300401,35.51613664,34.07264467,38.38842,34.74623,35.36804,37.66577,35.238,30.52317,32.53276,33.45793,40.56722,33.93179,33.09266,32.89393,35.68548,31.78149,33.66567,31.20937,33.24517,34.06472,38.48457,35.97319,34.20534,34.03508,36.34232,32.65344,0
109,33.46453993,33.93778748,35.9960215,33.40124987,37.65662,32.49673,36.19816,38.10864,35.86132,32.80515,33.27876,33.34867,39.76494,34.50716,33.83209,33.03438,36.28409,31.06175,33.45653,32.0326,33.36515,34.90651,38.8748,36.95298,34.13129,33.71803,35.95623,32.4382,0
110,32.18835283,34.49195081,36.05704221,33.45462494,38.50824,32.46796,34.76112,37.08422,35.76242,31.81089,32.81958,33.70393,38.97248,33.32883,32.50789,33.5332,37.24268,31.41639,33.04743,31.7264,33.55678,33.53058,37.40544,36.43138,35.14118,32.76001,35.33538,31.75438,1
111,32.7636166,33.60494864,35.99141487,33.43174688,37.2883,34.09311,36.02013,37.80389,36.26102,29.91545,31.27356,34.11175,40.87355,34.73716,33.33755,32.43275,36.70972,32.71145,32.98909,31.4166,33.12641,33.00321,38.29034,35.87153,33.46485,33.65682,35.71796,31.89459,0
112,33.17028999,33.81523237,36.75239245,32.38504595,37.96332,33.36476,34.43781,37.22764,36.02392,28.6386,33.32729,33.42897,39.01728,33.94316,33.64564,32.84079,36.8763,30.52787,32.88896,32.52812,33.45031,33.56053,36.72839,34.99039,34.15723,33.46323,35.33245,31.72456,1
113,32.91571348,34.46564451,36.56669174,33.50229509,38.97151,33.26656,34.9541,37.20795,36.43856,27.86971,33.97427,33.67073,38.86818,33.81769,34.52381,33.67084,37.60411,30.50273,32.78211,33.05536,33.66018,33.30221,37.36785,33.45698,34.82508,33.53278,34.99674,32.17025,0
114,32.96094698,33.52003597,35.27419721,33.52941692,37.57963,34.53648,36.01376,39.82873,37.89024,33.26771,31.02496,33.21178,42.12932,33.94863,34.19026,32.21802,35.48098,31.08662,34.15276,31.98942,33.53201,36.48923,38.41083,38.56542,33.56026,32.63767,34.92269,31.94041,1
115,32.97054981,33.78953561,36.36023508,32.77011586,38.07266,33.63143,34.61655,36.66619,36.5623,29.64538,33.62147,33.39232,39.9347,33.55748,33.84761,33.13873,36.45442,28.66399,33.23568,32.56691,33.00004,34.38135,37.0732,35.84241,34.9218,33.36483,35.48412,31.32521,0
116,32.75767957,33.41648367,35.87389909,32.84745723,35.67956,34.00978,38.30488,37.40788,37.41807,28.69887,33.75505,32.90937,38.23677,33.55129,34.76162,33.01355,36.44109,28.9766,33.46503,33.81127,32.82706,33.63713,37.12986,33.8255,32.79264,33.97402,34.82181,32.42861,0
117,32.99594025,34.18611299,36.79845322,33.04256406,37.53006,32.06875,34.98004,36.80075,35.74165,34.27379,33.40943,33.85817,38.339,33.92175,33.97509,33.46334,37.64543,32.57786,33.24008,32.99709,33.62452,33.89665,37.79961,35.84351,34.44467,32.36012,34.37703,32.7842,1
118,32.78833559,33.8563309,36.3831444,32.20574551,37.47726,34.20465,36.15457,37.62358,35.91382,30.31133,32.82936,32.95064,40.08477,33.59857,33.02043,32.04175,36.38799,32.26357,33.32243,32.16694,33.51938,34.15315,38.18365,35.74653,34.9011,32.3928,34.90196,31.30706,1
119,33.54453913,33.62473925,36.50311474,33.58118204,37.37288,34.59463,36.23902,37.71174,35.78805,32.04559,32.55555,33.04058,39.54095,33.86715,34.05582,31.92434,36.95066,28.42757,33.41228,31.63006,34.20298,33.04756,38.06782,35.65926,32.71065,33.95055,35.91219,31.6633,0
120,34.05985702,34.01297575,36.29452733,33.17636785,38.16432,34.46207,36.19738,37.95185,36.3577,29.53223,33.89865,33.33055,38.88366,33.79424,34.6923,33.54185,37.28594,31.91863,32.89089,31.93161,33.58572,32.95628,38.45466,36.10391,34.97155,32.60673,34.96437,32.4917,1
121,33.00615491,33.82037214,36.24134674,32.67289278,37.89326,33.48902,35.95822,37.83894,35.66904,30.73931,32.92747,33.43481,39.88423,33.72244,34.10249,32.96841,36.32164,29.59332,33.4158,31.93856,33.1972,34.04181,38.59671,36.17276,33.86867,32.91363,35.32464,31.5165,1
122,32.35167737,34.0923801,36.72413676,33.08085915,38.6275,34.58811,35.57778,37.93208,36.14594,31.40354,33.51605,33.31664,40.85133,34.42309,33.89975,32.68642,36.59053,29.14846,33.30076,32.08049,32.70356,34.51199,38.82133,35.71626,33.8288,33.56574,35.92776,31.66316,0
123,32.36952628,33.83857396,35.37948042,33.61117564,38.10011,33.80152,37.31285,38.54357,37.40439,28.4351,32.44127,34.12378,40.53052,34.47783,33.8765,32.78191,36.03239,29.47035,33.71729,32.3778,32.72872,35.0766,40.0326,37.42042,34.27348,32.49516,35.14896,32.5051,1
124,32.91010226,33.96427921,35.07102433,32.29040075,37.09323,34.98587,35.58455,38.62304,37.23294,28.58238,32.58635,33.37689,40.7537,34.41565,34.53951,31.97512,35.5678,29.57495,33.92214,31.72856,32.84141,34.77767,39.08968,35.79328,34.83143,33.64374,35.44295,30.94975,1
125,33.33006762,34.06602093,37.19706588,32.27666349,37.6336,33.47073,35.27319,36.66349,35.93924,26.98311,33.67953,33.77589,38.7725,34.10548,33.39244,33.52686,37.85229,30.19065,32.2143,33.44387,33.68684,33.31212,38.24017,34.69619,34.03698,33.24758,34.61598,31.19006,0
126,29.94252434,33.50491551,33.62020702,34.96286492,37.65101,32.7628,36.39522,37.39641,38.57577,25.11812,32.26271,33.77443,39.39497,34.41833,32.00622,32.70363,34.98491,31.98291,34.88724,32.07659,33.75565,35.26981,36.10601,36.43494,33.94682,32.98214,36.20999,30.84443,0
127,32.72542586,33.8887342,36.09577942,33.42356035,38.35865,32.82454,35.25033,37.27163,36.24462,29.02682,33.24528,33.16767,39.60746,32.75566,33.96775,32.61149,36.59868,30.15897,33.46722,32.24889,33.20784,34.78053,38.3034,36.40793,36.00277,31.79625,34.98042,31.69395,0
128,32.85729893,34.10302758,35.83447536,33.35598867,37.64952,33.8037,35.10438,37.13939,35.9131,34.74756,33.26542,33.45802,39.33762,34.3514,33.78892,33.0539,36.787,32.6678,33.25165,32.03672,33.72033,34.43155,38.79722,36.05558,34.06603,32.64737,35.08841,32.13149,1
129,31.46327029,33.51890507,34.76691972,34.27007127,38.79035,34.21747,36.74475,39.65987,37.41981,32.00544,31.70623,33.06156,41.92932,34.24519,32.33764,32.93885,35.26078,28.95648,34.90472,31.293,33.34748,36.19351,38.00517,37.00616,35.22453,33.03847,36.0492,33.00361,0
130,32.59074507,34.06247243,35.30944893,33.56043816,38.86848,33.44585,36.62095,37.91103,36.3777,32.24876,31.60972,34.13382,40.81756,34.39628,34.52728,32.10043,35.52357,31.48607,34.22024,32.61463,33.09985,35.39391,38.97909,38.35193,33.65036,32.48402,35.56573,32.3342,0
131,32.37722066,33.91777844,34.79771483,33.61220415,38.62162,34.23024,36.24571,38.14755,35.69918,32.58077,32.50038,33.58751,40.01496,34.18696,33.09986,33.11662,36.0275,30.97708,34.4611,31.44245,32.81314,36.0122,38.18595,37.50413,34.82605,32.99333,35.0858,31.96082,1
132,32.98720256,33.27142348,37.38277711,33.02325325,37.05952,31.90182,35.18898,37.3649,36.80287,31.41989,32.59903,32.93561,39.37661,32.32269,34.48022,33.32867,36.74495,30.21008,33.01587,32.6896,33.18185,33.87355,37.95916,35.60776,33.88669,33.47414,34.64061,32.07053,0
133,32.67373175,34.03163417,36.27143672,33.12673855,39.26052,33.74558,35.23417,37.26012,36.14337,29.15728,33.3283,33.64637,39.45282,33.7866,33.34832,32.92268,36.79048,27.86086,33.46743,32.68966,33.44969,33.71716,36.43474,33.80076,33.74211,33.48919,36.15955,30.87483,1
134,32.57286343,33.4155342,35.68912156,34.03352911,38.91987,35.18857,34.80641,37.75732,35.99004,27.39291,33.60599,32.94606,39.66945,34.26415,33.93227,33.85622,36.45352,28.45525,33.90977,31.57645,33.19499,34.05683,37.00075,33.77433,35.48092,33.54532,35.40653,29.4119,1
135,32.54476916,34.73713485,35.69153717,31.77915233,38.65278,31.1882,35.9774,39.07088,36.79901,35.74304,34.32061,34.06351,39.98164,32.34344,34.84678,34.03503,38.90838,32.9347,33.22314,34.23333,34.02696,35.25299,38.5874,34.0963,35.88396,32.03623,33.55522,30.21203,1
136,33.11933869,33.96198756,36.03825407,33.14150817,37.87763,33.84516,35.97261,37.53194,36.0752,30.91364,33.07951,33.62405,38.69,34.05954,34.10924,33.12564,36.77402,33.37263,33.06537,32.45119,33.56349,32.88194,37.87188,35.36712,33.74497,33.19547,35.21609,32.26589,1
137,32.51130056,34.35624968,36.0570704,32.8925538,38.7551,34.04153,36.12558,38.82542,37.4065,33.04862,33.98935,33.50037,40.65691,34.19458,33.88359,33.21226,37.065,31.75834,33.44637,32.97148,32.94755,35.73874,38.36105,36.69992,34.38284,33.05363,34.89206,32.21194,1
138,33.33904098,33.53487804,36.02968632,32.77407632,37.57177,31.76968,33.47895,38.59132,37.22373,36.09935,32.89709,33.65675,41.12685,34.31653,33.06144,33.39167,36.9981,32.03216,33.91448,33.77523,33.31859,35.82371,39.10554,37.32508,35.11894,32.59069,34.39477,31.8472,1
139,33.43647007,33.73669063,37.19872314,32.92969412,38.3032,33.68881,35.18529,36.78747,35.70274,24.79016,33.37258,33.79225,39.52535,33.56061,33.59812,33.43097,36.63263,29.60499,32.42465,33.23338,33.59804,32.75397,36.23115,34.97469,33.82559,33.79558,35.48779,32.10331,1
140,32.15157927,34.58959441,36.91324703,34.2412321,38.05036,35.22091,35.20877,37.17203,36.79803,25.53195,34.34369,33.15428,39.38996,33.81562,35.7451,33.07321,36.82525,32.06554,33.10362,32.72296,33.92306,33.80645,37.92024,34.49843,33.78216,32.55074,35.26739,32.94352,1
141,33.10846535,33.60687243,36.24694168,33.77063252,37.91295,32.44092,35.86324,37.37697,36.55958,29.6046,33.67402,33.38621,40.21623,34.09613,33.57529,32.72741,36.90906,31.39421,34.68291,33.07783,33.15418,35.48481,39.28865,37.19628,33.57369,33.81338,36.029,32.23903,0
142,32.64477295,33.96121664,35.96434316,32.03187541,36.30102,33.41492,34.87895,38.12101,37.9786,28.35517,33.742,33.16136,39.678,31.87125,34.19112,33.64364,37.95243,30.37841,32.24948,33.04827,33.48286,34.23082,38.65137,35.41404,35.65805,32.7817,34.52622,30.72246,1
143,32.00247333,34.25457625,35.90235283,32.15310428,37.12478,31.54766,35.68357,38.23392,37.68565,33.69813,34.12051,33.88527,40.23399,34.69677,34.05571,33.89106,37.51162,30.95017,34.56316,33.26381,33.08047,35.72883,40.062,38.1816,35.21328,33.43814,33.98146,32.94954,0
144,32.72091617,32.97733955,37.66287981,32.69979761,37.29073,32.29007,34.98847,37.20502,36.68392,30.74292,32.21947,32.63143,39.32918,32.09383,34.54009,33.35754,36.84141,30.09135,33.12001,32.72778,33.08811,34.00366,37.66251,35.457,33.3599,33.5372,34.2793,31.36942,1
145,32.49680104,33.82562706,36.57641025,32.40708232,37.25287,32.5362,36.71356,36.96187,37.37503,33.1141,33.69097,33.4987,38.43129,33.91201,35.48444,33.91546,37.48099,32.39775,33.46775,33.18109,34.38121,35.55054,38.42595,34.95969,33.64502,33.79259,36.27665,33.42649,1
146,32.71658648,34.18280199,35.91952769,32.67614938,39.0574,34.2641,34.52826,37.69354,36.53622,26.32531,34.03496,33.26544,39.71853,34.05801,33.81878,33.88523,37.81229,30.84218,32.7749,32.80846,33.27025,33.41359,37.11875,34.48205,34.28293,32.90719,35.15545,31.81819,1
147,33.03466381,34.03535238,36.96207317,32.94072226,37.12998,32.21942,34.66884,37.24146,35.81424,31.79455,32.85908,33.89463,38.08178,34.0173,33.84377,32.97068,36.64473,28.9013,32.41486,32.80751,33.37112,32.81393,37.89508,36.53612,34.17004,33.03152,34.51541,32.78187,1
148,32.99780044,33.00091765,34.48144706,33.1534069,37.15047,34.18125,37.34132,38.9145,36.21947,24.97191,33.11217,34.13204,40.26191,33.94758,33.98023,33.26579,36.1582,31.1985,34.10862,32.58552,33.01669,36.21928,38.28305,37.12621,35.38378,33.43866,34.61443,31.67908,1
149,33.96004522,34.35155087,36.24782699,33.6756914,35.00093,34.05259,35.71724,37.28679,36.30682,29.33017,33.348,33.90316,39.49519,33.53788,34.23232,33.28652,36.37985,27.73951,33.35491,34.47188,33.69714,33.48859,37.83624,34.77718,34.88776,33.47421,34.8468,33.42758,1
150,32.76983243,33.25755713,35.7889874,33.18774128,36.58449,33.85234,33.37711,39.41028,37.11162,32.22151,33.28117,33.28648,38.68688,35.55171,34.80997,33.47643,36.06082,31.24314,33.05121,32.57983,32.96196,32.37703,39.82783,37.04759,35.03465,33.96017,35.49047,32.42761,1
151,33.29799923,34.2631677,36.04309685,34.09291748,38.11065,32.50225,35.12542,38.34623,37.02225,29.20366,32.07378,33.22208,39.79477,34.00996,33.93533,33.0913,36.13747,31.60897,35.35126,32.13971,33.26041,35.30339,37.26663,35.09066,33.42502,33.04021,35.91755,30.37936,1
152,32.93188581,33.86694662,36.40662427,32.48168416,36.5278,34.08623,33.54175,38.46889,37.53952,31.61313,33.83778,33.81666,40.10703,34.72607,34.13971,33.55637,36.85509,30.45505,33.18268,32.92632,33.38305,36.02347,41.75615,35.60074,35.16721,32.10992,35.49509,32.57092,0
153,33.1375758,33.22163812,34.93638974,32.7781361,38.51488,34.69893,37.4675,39.12936,38.26389,33.69135,34.01584,33.54318,40.0918,34.41642,34.68556,33.45945,36.84917,30.57652,33.98415,32.59456,33.5293,35.14843,39.01142,33.84859,34.88632,33.77151,35.56649,32.64742,0
154,33.03339078,34.65195999,37.51786064,33.02478408,38.52523,32.11593,35.49321,37.17245,37.20148,35.85428,34.21106,34.15395,37.90273,33.49275,34.31271,34.54255,38.6934,34.40376,33.75387,34.35968,34.85888,31.64818,37.6327,35.15991,33.04185,33.93046,35.82599,33.25149,1
155,32.9659866,34.1825343,36.13613719,32.52432022,38.38029,31.92753,33.77525,38.85857,37.04837,33.21859,33.94058,32.88509,39.02669,32.88201,35.22764,33.86863,38.25746,31.80629,33.31125,33.55349,33.88353,34.2572,40.57686,37.19949,35.875,32.20036,34.11322,30.66794,0
156,33.65036423,33.82502875,37.20826269,32.98298534,38.17688,32.85074,33.99845,35.68467,35.10303,26.33714,33.38444,34.23417,37.86754,33.27345,33.74936,33.42085,36.4032,32.07741,31.84761,32.92793,33.90767,31.79752,35.13762,34.66138,33.33985,34.04882,35.52394,32.11148,1
157,33.25085216,33.91737962,36.58144824,33.3292746,37.65692,33.29502,36.33529,37.39093,36.76719,31.02566,33.06941,33.48296,39.65475,34.23953,33.7917,33.44695,36.62402,29.87202,33.07514,33.24595,32.932,34.74626,37.76297,35.40135,35.04253,32.99442,35.09746,32.08989,0
158,32.0455454,33.74156855,35.97447477,33.54357175,38.28107,34.26541,35.861,37.18571,35.8062,28.81243,31.83163,33.36498,40.0207,34.28565,34.12747,31.9591,35.43727,29.87005,33.18932,31.51756,33.07093,34.07464,37.92876,34.60709,33.98799,33.4191,35.36205,30.90626,0
159,32.52778455,34.31917283,37.05275704,33.21599261,37.33006,33.62865,35.84578,37.62557,35.61646,24.67455,31.65637,33.19219,39.71967,33.01284,32.60964,31.79574,35.27898,28.16886,32.94445,32.53884,32.77924,32.78031,37.75184,36.14127,32.70201,32.47974,35.27299,31.3271,1
160,33.00164715,32.94455876,34.77380338,33.70913229,37.521,33.59523,35.1406,37.81268,36.11635,34.23098,32.52595,33.4204,42.01881,33.63283,31.85619,28.71806,32.62036,33.17053,34.40947,30.39399,31.17031,38.01495,38.50589,38.29856,33.02982,32.08699,35.30551,30.96515,1
161,31.99470197,34.20067712,36.31556547,32.84733637,37.16699,34.0452,35.78831,36.71779,35.93317,30.58312,33.09685,33.43809,39.09767,33.48693,33.20383,32.17143,36.12823,31.61106,33.07861,32.36573,33.25172,33.4044,37.34648,35.62121,32.98159,32.82853,35.3652,32.85534,0
162,33.44453189,34.49627473,36.36490322,33.13121156,38.39118,32.72194,35.47579,37.79787,36.95583,29.31864,33.51075,33.0237,40.74098,33.34108,34.75862,33.51643,37.1176,31.092,33.40566,33.21121,32.81194,34.70762,39.22768,35.92909,35.36972,33.38039,34.53701,32.2787,1
163,32.98192247,34.35774653,36.56121797,32.98998278,38.61251,32.84912,34.28371,38.29725,37.13106,29.47928,32.60522,33.12043,39.88952,33.08606,34.57894,32.79605,36.95032,31.20474,33.8843,32.44673,33.58067,34.52436,38.97469,35.95555,34.27262,32.94056,34.99853,31.52947,0
164,33.58061737,35.28765469,37.8340408,32.92721606,37.85943,31.25195,34.06346,36.1411,35.35606,30.92269,33.70773,34.39027,37.93694,33.87111,33.91579,33.91813,37.61499,30.60007,32.87298,33.7194,34.46663,32.06448,37.14875,34.59289,34.90054,33.64906,35.39645,33.03129,0
165,31.41524976,33.30143884,34.61780764,34.32398963,38.52064,34.33714,36.83428,38.64375,35.2008,29.73626,32.07414,33.55807,39.66354,34.79205,33.66696,31.6762,35.90204,29.61807,34.23934,30.8537,32.43318,33.39907,36.988,35.52423,34.89301,33.36062,35.89639,31.4547,1
166,33.45471556,33.89005313,35.93747831,34.04725434,36.79424,35.8256,35.98797,38.22021,36.78351,29.25735,33.12226,33.68501,39.39239,34.99658,34.22484,31.8792,36.54647,29.37773,33.1809,33.21443,33.54304,33.86754,39.82475,36.75644,35.67458,32.70412,35.3865,32.71924,0
167,33.12604094,34.50897688,36.77593342,32.85747964,38.9794,33.39628,35.54696,35.88066,35.49029,31.88843,33.26335,33.56888,39.24024,33.70966,34.03866,33.74188,36.7019,28.95483,33.64794,32.08977,33.66378,33.34774,37.06388,35.52339,33.77323,33.66058,35.41691,32.5293,1
168,32.64360727,34.33880525,36.03126363,32.52294843,37.19439,33.68875,35.97294,37.41285,36.77642,30.02102,33.48067,32.91388,37.29937,32.16326,34.3962,33.65767,36.36035,30.39687,32.98248,32.25236,33.73695,32.44591,37.76298,35.42411,34.33944,33.11623,35.74621,33.338,0
169,32.67583033,33.38826874,35.56498488,33.92076518,36.77437,34.13628,35.79763,37.68055,36.07971,28.74127,32.40496,34.02893,39.82711,34.1437,34.66261,32.30921,35.36049,27.44097,33.77628,32.01984,33.40865,31.73952,38.02661,35.227,34.54417,33.81385,35.72302,32.18815,0
170,33.14282355,34.08720445,35.47645613,32.76569397,37.10062,33.24008,35.25357,37.95486,36.42849,31.65615,31.53562,33.34004,39.66196,34.14801,34.46453,32.42968,37.57667,31.16132,33.68802,32.62659,32.99812,34.42627,38.85948,35.84413,34.78178,32.52777,34.66026,31.28225,1
171,32.87290551,33.85704222,35.86418489,32.93146682,38.47459,34.04123,34.16276,36.79453,37.11077,30.90701,32.78918,33.98086,37.90493,33.86803,32.90698,33.41274,36.96615,31.35021,33.35368,32.801,33.5221,33.54502,37.36648,34.79756,33.60998,31.87314,35.00751,31.90567,0
172,32.44177064,34.03366117,36.20943496,32.93145497,37.43979,33.02422,35.39727,37.73997,36.40161,32.83083,33.885,33.27459,39.3616,33.51794,34.07357,34.26713,35.96517,31.98922,34.14496,32.32207,33.59191,36.2489,38.24973,37.35754,34.5018,32.82055,35.40778,32.28514,0
173,33.94238588,34.14934208,36.5395243,32.71803867,38.36265,33.07225,34.91963,36.7943,35.89901,35.78229,34.06649,33.72058,40.55115,33.5573,33.49522,33.38382,36.79856,31.82695,32.31389,31.78659,33.60608,33.26634,39.99646,35.70811,34.77624,33.21663,34.87844,32.32059,0
174,32.97548931,33.99254508,36.7630485,32.2260695,37.04234,33.49258,36.20682,36.90924,37.1838,30.22521,32.87159,33.56291,40.32061,33.84841,34.25966,33.75391,36.72289,30.41775,32.83231,33.27873,33.36457,32.46139,39.38016,37.12325,33.82182,32.9574,34.99687,31.49184,0
175,32.80929808,33.77233159,35.07321574,32.8677124,37.81606,33.90471,36.34133,38.73875,36.06747,23.18001,32.52136,32.86948,38.60704,33.56764,34.55719,32.23931,36.52887,31.34742,33.43537,31.87428,33.15523,35.20028,37.67237,35.3029,34.73828,32.54517,34.63635,30.98642,0
176,32.60376865,34.13394031,35.31861247,33.84387246,39.13826,33.62978,35.75912,37.34151,35.52103,34.47504,33.95702,33.8451,40.72712,33.58214,32.45672,32.89218,37.99666,30.11854,33.45578,32.12573,33.34867,36.50807,35.15898,34.57504,35.39631,32.93248,35.12781,31.79913,0
177,33.61970136,32.37332982,35.77171067,32.51996749,35.86338,31.25871,37.02994,38.7108,36.75353,32.12763,33.33663,32.98942,37.17384,33.1042,33.2721,33.35177,34.65038,31.17902,32.33496,34.27276,32.16275,33.97705,38.85295,32.38354,32.04003,32.62658,33.78873,31.66344,0
178,33.3168105,34.11884255,36.0080906,33.11520938,37.9134,32.66502,35.47039,38.35448,35.94739,29.04315,32.19001,34.30048,39.93517,33.80118,33.8846,32.93922,36.77314,33.02287,33.26864,32.92305,34.01015,34.85694,37.96021,36.65499,33.34126,32.81059,35.24316,32.39461,1
179,33.0467821,33.83379591,37.00893561,32.89515069,37.9687,33.57688,33.76634,36.74006,35.82772,29.64267,33.70517,32.81197,40.53717,33.51366,34.12416,32.5942,36.08937,31.14709,33.53102,31.8716,33.23246,34.24055,37.24924,36.84744,34.98283,34.0481,35.60526,32.34561,0
180,32.17004209,33.73976419,35.93781151,33.40452558,38.75226,32.10887,33.23928,37.84644,37.90058,33.21729,33.70532,33.43997,40.83245,33.6789,35.09726,32.98728,36.87734,34.94678,33.56852,32.47268,32.81781,35.9962,38.54211,37.23935,33.82151,33.82576,35.13995,30.34566,0
