,ANXA1,ANXA2,APAF1,ARID1A,ATM,BAP1,CASP2,CDKN2A,CRADD,CRYAB,DNMT1,DNMT3A,EPAS1,ERBB2,ERN1,FLT1,FLT4,GSTP1,HNF1A,HSPA9,HSPB1,HSPD1,IGF1R,IL6,IL6R,KDR,LRRK2,MAPK8,MTOR,MYC,NDRG1,NF2,PAK1,PIK3CA,PTEN,PTGS1,PTGS2,RELA,RNF139,SETD2,SLC2A1,SOD2,TGM2,TP53,TSC1,TSC2,VEGFA,VHL,Y
0,33.86800136,37.39663755,32.66876907,33.84802607,35.94242939,33.67729431,33.68901476,33.32938203,34.2004,39.95791,35.1514,31.75476,37.95811,35.32243,31.62996,33.69326,30.79376,36.48088,33.7733,37.28617,38.25591,37.02204,36.19656,29.74353,35.56127,32.51308,33.31355,32.64741,33.01718,33.16037,40.63163,33.9608,34.43928,32.42544,36.73944,35.3243,31.08504,33.09884,32.46554,32.58565,33.38586,38.67433,38.50142,33.83518,32.93402,34.9352,37.79678,32.30615,1
1,35.08543403,36.57067128,32.3374933,33.84351312,35.98822522,32.64314903,33.94681232,32.50379061,33.33414,39.7685,34.78386,32.83981,38.83281,33.71706,33.64843,35.56873,33.38444,36.21403,31.93413,37.70072,37.41814,36.4892,35.16447,24.29608,34.27496,34.15721,34.56644,34.04178,33.17883,32.99406,39.95111,33.69899,33.95625,33.21465,37.13114,31.12693,30.16993,33.06941,32.2719,33.19915,33.69538,38.64559,34.33752,34.4481,33.1663,35.08304,40.09193,32.19988,1
2,34.90837203,38.44301987,31.81819796,33.51600486,36.19358742,32.36886592,33.75281477,32.56181243,31.15063,40.93124,34.97395,32.26242,37.19345,33.38917,33.2433,34.21918,33.3467,35.34069,24.53069,37.00237,37.94992,36.51745,33.52111,33.97471,33.54944,32.35059,33.71481,33.45663,34.06093,33.08598,39.71223,34.07472,33.80051,32.46705,37.91878,30.23195,30.76766,33.64965,32.55514,32.84628,36.23588,40.50559,35.50178,35.4198,33.63282,34.79244,38.22308,31.49147,1
3,36.2901236,37.24482881,32.60129346,34.19769825,36.57834764,31.89539977,34.06433175,30.36888918,32.93107,40.02236,35.07183,32.64948,39.46713,33.2234,32.54087,36.25593,34.21029,35.36208,30.54264,37.00455,37.8679,37.13423,36.29789,31.49884,33.95223,34.62939,33.85065,33.49951,33.50445,33.52129,39.71355,33.14612,34.5325,33.87549,37.77827,33.44328,30.54053,33.14439,33.19823,33.68316,34.41938,38.99231,35.77236,34.18862,32.8825,35.02014,39.94908,32.11538,0
4,36.86327245,36.87169298,33.59312094,33.35146049,36.80749673,33.96834807,33.50118384,24.50161888,33.49363,38.83921,35.23627,33.75096,38.49884,33.40876,31.19462,35.39769,34.92401,34.26885,30.46161,36.30264,35.26187,36.15876,36.25647,33.92214,32.27378,33.37223,33.44297,31.96469,34.22502,32.21904,38.62867,32.58079,34.23407,34.24976,37.99008,31.18348,30.95478,32.91133,30.89813,34.63036,34.59911,38.41437,33.47112,34.91241,33.44515,35.0131,39.31564,33.33646,1
5,36.03475587,37.63746157,32.17143266,34.10911272,36.40182607,33.65253266,33.73910308,30.96071885,32.48971,39.65399,35.58416,32.37386,37.78717,31.56564,32.29941,34.76753,32.19088,35.45477,26.13639,36.9789,37.34454,35.93764,35.37204,32.79016,34.33142,33.0823,34.42348,32.45859,33.6943,33.36477,38.5392,34.48873,33.06776,32.89598,37.35848,30.41331,31.91172,33.85039,33.57671,33.44016,34.82122,38.37018,35.95382,32.1613,32.87762,34.58115,38.93158,32.85442,1
6,34.50312922,36.78515178,32.49340557,33.2711502,35.59938644,32.63333485,34.16420989,32.0583251,32.75307,39.48698,34.81874,32.49858,37.26115,33.86934,31.61393,34.4593,31.32755,33.77116,33.18505,37.43243,38.47296,36.93566,36.07102,28.13497,33.47788,33.14061,35.77927,33.49566,33.4104,32.98313,40.04039,33.95985,33.46943,33.09348,35.90397,31.2219,30.24731,33.27512,32.97635,33.03294,32.74636,36.82956,33.97099,35.48656,34.09818,35.03263,38.05805,31.61337,0
7,34.66747289,35.54043703,33.70161333,33.53933229,36.58622049,32.84343927,34.2405017,31.64530994,31.5137,39.63255,35.04998,32.54677,36.84683,33.54593,32.74372,34.23659,34.62573,36.71615,33.05918,36.7396,36.69292,37.13487,35.39824,31.54105,31.83669,32.93529,35.48348,33.0579,33.66749,33.203,39.05777,34.45946,32.87712,33.12491,36.2205,33.41781,31.72698,33.14299,31.99291,33.15593,30.31758,38.46245,36.33947,33.55736,33.38182,35.44935,37.81097,31.10226,0
8,35.62773457,37.04481362,32.97588025,33.52393728,36.39940904,32.6601447,33.81738701,31.81478629,33.12976,37.9202,33.89472,32.27484,39.13267,34.12366,32.98989,35.37608,33.84863,35.07026,32.70914,35.79775,36.53736,35.80065,35.40077,29.57764,33.60468,34.0082,34.58516,33.69437,33.70979,31.75549,39.80144,33.40467,34.53582,33.18371,36.99773,34.08118,29.70497,33.09857,33.13805,33.27641,33.88149,39.27165,34.75243,33.9354,33.36926,35.11777,39.3348,32.53684,1
9,34.97468732,37.45483749,32.78962279,34.01346589,35.64113842,33.61841147,33.61293806,32.24185039,32.91937,39.11814,35.1374,32.54259,38.05661,33.37722,33.28534,34.50873,32.02915,36.02627,34.10142,36.57845,39.12981,35.60927,34.40398,29.86637,33.44605,32.15194,35.2199,32.06324,33.08193,32.34266,40.98348,33.05416,33.27939,32.33381,34.72746,32.93919,31.08041,33.70842,31.84626,32.91771,35.78629,36.73066,36.90815,34.40646,33.0913,34.88229,38.63166,30.84539,1
10,35.22726897,37.02080643,32.4326535,34.24280857,35.57375747,33.03183581,34.20659945,31.22993976,32.44239,39.60046,35.57285,32.36548,38.48123,33.48126,32.63647,35.46682,33.81109,35.79279,32.88321,37.0641,37.69029,36.74479,35.43787,30.78458,33.76632,34.85415,33.30618,33.10597,33.77177,34.31816,41.20784,33.77528,33.81536,32.60585,36.04017,31.7884,31.32386,33.55353,31.99236,33.26321,34.17897,38.43426,35.97245,34.41617,33.30005,35.03496,39.95004,32.4506,0
11,34.8544538,35.86010973,32.83681971,33.52256952,36.11240334,33.2581978,33.5991476,30.47041274,32.60698,38.07001,35.41438,31.66646,38.39817,33.9892,32.91189,36.3011,33.54799,35.86359,32.52287,37.18929,36.60885,36.30542,35.31371,30.33543,33.24272,34.47876,35.08792,33.82536,33.04822,31.88611,39.97573,33.79103,34.68111,33.50775,37.08172,31.2805,29.49923,33.44363,33.4261,33.01455,33.47634,37.32877,36.25752,35.30738,33.69206,35.01952,40.20794,31.51755,0
12,35.519729,35.81796505,32.64465831,32.83538589,35.7928831,33.22810975,33.82632046,33.03034281,33.33928,37.57941,34.33559,31.53637,38.34336,34.00777,32.76045,35.42599,33.97895,33.34491,33.44202,35.72856,37.62178,35.47637,36.19678,24.29608,33.8739,33.83868,36.16197,32.10933,33.68132,31.79874,39.27843,34.68184,34.59283,34.01172,36.26808,29.18241,22.9987,32.75696,32.26933,33.06538,31.36482,36.19157,33.44282,33.58405,33.84394,35.22366,39.58587,31.13415,0
13,35.20833131,36.42638182,32.22548727,34.26168517,36.20127841,33.552945,31.83167549,32.3295452,34.03355,37.02536,35.27352,31.75945,38.16606,35.05589,33.27003,35.23531,34.87075,35.61979,33.4374,35.59099,36.73836,34.21244,35.35418,24.29608,35.38751,32.95201,35.19665,32.93581,33.36477,32.194,37.89529,33.44291,32.98007,30.55041,35.61627,32.33609,29.14221,33.50079,31.09517,33.91596,33.65699,36.68269,34.67679,31.99556,33.25188,36.64412,39.35593,32.75366,0
14,33.68697751,35.26911945,33.47131782,34.44153036,36.24531286,33.69244186,33.83004759,31.06108917,32.83479,38.45204,35.54378,32.80831,36.67863,34.66193,33.63076,33.27533,32.6584,34.3218,30.90726,35.22344,38.17091,35.33533,35.06223,30.36969,33.46449,30.80958,34.71795,32.13119,33.15707,34.14157,38.41989,34.71096,33.59623,32.48719,35.8713,32.78425,29.35797,34.19903,31.15776,33.6024,34.61899,37.9372,37.43273,33.20506,33.32503,36.30593,39.66038,32.65044,0
15,35.64378275,36.07889749,33.88750854,34.37116704,36.06760764,33.52923201,33.17273866,32.48976994,33.05087,35.82328,35.87011,33.45416,39.15707,32.14913,33.87008,36.05045,34.62999,34.81481,31.41495,35.4051,36.85293,35.88626,35.40878,32.50609,35.31414,33.08844,32.66836,33.31685,33.6956,35.27981,38.93303,33.22412,33.39767,32.90838,35.5696,33.42,29.85159,33.91135,31.30737,34.11172,34.13879,37.72707,35.57365,33.18497,33.55346,35.57495,40.51132,32.45489,0
16,36.02532768,38.32695844,33.02184992,34.73080433,35.74189515,33.43930867,34.75791608,33.14756501,31.33257,37.96837,35.29405,32.62011,37.99765,34.47116,32.61279,34.05196,33.48843,35.94778,31.71124,35.36975,37.6918,35.81117,34.61594,33.27356,33.24154,33.0581,33.76909,33.79137,33.87162,33.60973,38.81561,33.78669,33.78745,32.82392,35.78921,31.02406,32.3136,33.57082,32.26966,32.97572,35.19849,39.45764,36.77512,35.35686,31.58024,35.19005,39.18448,32.03593,0
17,35.52394942,36.42990293,33.0052526,34.2312192,35.9476452,33.376406,33.88313664,32.43432854,33.18919,38.96138,35.93897,33.14927,37.16011,33.89564,32.77211,33.82166,32.92596,34.8458,32.35914,36.09284,37.88665,35.69785,35.38276,31.68836,32.53037,32.66587,34.40625,33.15169,33.13449,33.17902,40.22741,32.94832,33.87667,32.68384,35.73359,31.68284,32.29211,33.11172,31.42432,33.63096,35.0463,38.65403,38.04989,35.19154,32.69427,35.79157,38.08505,30.92365,0
18,35.44781989,36.32552553,33.08642492,33.77368633,36.86543364,32.49690704,34.26024381,32.12117639,32.7203,37.71319,35.63974,33.68477,37.55787,32.95287,33.17289,35.75233,33.82036,35.30876,30.44335,35.41486,36.83742,35.25219,34.8754,32.10011,32.5408,33.59784,34.77985,32.00313,33.7741,30.91567,39.00264,33.06301,33.8191,32.37149,35.24093,31.64866,31.41232,32.46297,32.46267,33.87324,33.39639,36.67589,36.1309,32.90625,33.70015,34.96731,39.45942,31.74634,1
19,36.38558077,37.28881313,32.95501102,34.36873692,36.03547076,33.22626382,33.74772647,31.25733707,31.60332,37.48979,36.36011,32.0741,37.93249,32.74769,32.53925,33.94696,32.65215,35.38751,28.59836,36.19588,37.08291,35.9702,34.08324,32.08382,33.50213,33.20379,33.2633,33.65316,34.40276,32.94268,35.81276,35.29129,34.12416,33.27565,37.0071,31.91226,31.9231,32.6709,32.81773,33.66827,32.03414,36.50267,36.10699,33.50537,33.4082,34.95102,35.36697,32.89678,0
20,37.35847941,38.57820759,32.5476053,34.35690807,35.31571305,32.38072384,34.30889609,30.99344346,32.75919,36.1858,35.46867,33.4424,36.31018,33.72511,32.89662,30.29665,29.344,37.05651,26.04978,36.5268,37.91671,37.02668,36.14442,31.33716,33.12836,28.27757,31.20346,32.15013,33.14262,33.60682,40.59969,33.03855,33.45814,32.42398,36.09633,30.14235,31.26332,34.34286,32.0561,34.14218,37.38279,35.50802,36.46737,34.73591,33.27613,35.22188,37.76296,32.64736,1
21,35.56529554,37.62636957,32.75499698,33.2961977,36.10040351,32.73490529,31.96432776,31.95792852,32.53394,39.30755,35.70979,31.97225,37.82743,32.40563,33.19844,35.22596,30.8499,34.68745,32.26175,37.33127,36.782,36.34248,34.7016,33.04247,31.55123,33.16026,34.87205,32.09565,32.64441,32.93077,39.29835,34.42555,34.06981,33.03055,36.58067,30.93807,32.34541,33.07637,32.0086,32.89062,34.55874,39.73582,35.98337,34.4433,34.03645,35.70448,39.28753,32.61222,1
22,34.31636082,37.3002142,33.06553176,34.1001631,35.67324164,34.2082506,34.15584512,32.06002299,34.70269,39.80138,34.38091,31.97781,38.2906,34.48587,32.82509,33.89416,32.03804,36.53081,33.97418,36.59435,39.13465,37.16266,36.43825,28.26596,33.85156,30.49993,34.97639,32.13727,32.74635,32.85524,39.98079,34.03796,34.13755,32.72122,35.14085,31.55505,30.93453,33.91114,31.95994,32.74779,35.4391,39.3764,36.5677,34.56879,32.99361,35.30795,39.55848,32.12949,1
23,37.327964,37.6027561,32.72004705,34.08150478,35.25027246,33.59551682,34.38266092,32.47968988,32.88005,39.72165,35.92578,32.09653,38.0228,32.09354,32.84401,34.4545,33.37219,36.11718,31.17866,37.45554,38.24236,36.09756,35.40033,34.54201,34.12922,33.62141,33.06781,33.19773,33.90466,33.99635,40.55833,33.30063,33.92979,32.56972,35.98864,32.12051,33.02151,33.47264,32.05511,33.14098,35.95192,37.56299,35.03114,33.6812,32.89121,35.14331,38.93485,32.03143,0
24,35.73295578,37.49449955,33.35208964,33.62891907,37.60053307,32.74452131,34.33839409,33.11331449,29.02246,35.3068,37.14926,31.40684,35.66616,33.45492,34.69537,33.82852,32.59135,34.27804,26.83828,37.69938,35.45598,36.55662,34.62546,32.50834,33.86017,33.83008,35.75963,34.90624,33.50727,32.08543,37.66261,33.95919,35.37664,34.5593,36.17544,32.32693,27.95526,33.58672,32.51403,33.93477,34.05934,39.44401,35.89599,35.33226,32.66428,35.75997,37.49879,33.92074,1
25,35.08262846,37.72577194,31.76018756,33.64217926,35.03192831,32.71060828,33.16724301,30.40249947,33.70983,39.42113,34.88536,32.36335,38.07107,33.25974,33.74237,34.52859,33.02525,33.79311,32.68953,36.65042,37.7489,35.20556,35.7417,33.20111,34.21258,33.04046,32.40639,33.3978,32.98304,32.66842,39.82679,33.34139,34.35955,32.91759,36.85031,33.59395,32.24754,34.3038,31.00062,33.12842,35.20717,39.0166,36.45644,35.21132,32.17923,35.52023,38.92869,31.39375,0
26,36.22331956,37.91553812,34.18598081,33.51771546,36.20924656,32.2240865,34.31523879,32.78293767,33.11453,40.87508,34.10868,31.8258,37.26878,33.13265,33.42123,34.75049,32.1993,34.93691,32.44074,37.36243,38.93311,36.60154,35.19112,26.45394,33.6796,32.3618,35.1032,33.00956,33.6217,32.19594,40.49306,33.39728,34.36007,33.2255,37.02355,32.38634,29.05276,32.8455,34.02099,32.52339,33.06049,38.55076,36.98851,33.90713,31.39947,35.42548,38.88476,31.32365,1
27,35.84392433,36.76741746,31.69616737,34.04327284,36.28491755,33.23384051,35.12352762,31.92511195,34.39134,38.16627,35.65341,32.19393,39.31331,34.53039,31.29305,35.78608,34.60342,35.78801,31.37233,36.5449,37.21911,36.38217,36.08776,31.91482,32.84402,33.97943,34.61954,33.56019,33.97665,35.51348,39.18754,34.56479,34.43691,33.09261,36.77963,32.67024,32.92765,34.03135,32.06894,33.16204,34.24951,38.08069,36.63381,33.89237,33.85497,35.86151,40.9044,32.36932,0
28,35.8453181,35.69223587,32.90764023,33.96020862,37.01765579,33.68443072,34.69151105,31.22596627,32.33772,35.07351,36.53583,32.39876,37.72016,32.39182,33.0985,35.51887,32.67079,36.1424,33.13972,35.80999,36.58153,36.40897,34.63752,24.29608,32.14541,34.04435,35.01898,32.46885,34.19899,32.61681,38.48677,34.30464,34.63093,34.60932,36.16043,31.38234,28.48728,31.78239,32.46247,34.15359,31.77207,37.68494,34.52512,33.90675,32.31233,34.75589,40.05177,33.07403,0
29,36.0894615,36.87297383,33.0531755,34.07987918,35.82717378,33.49284232,32.86464264,30.73481171,31.59023,37.50887,35.16991,32.27136,37.91654,33.89563,34.45638,34.32892,33.55718,35.5893,30.20185,36.38642,37.5163,35.69157,35.57575,30.78242,32.61549,32.65981,33.89357,33.62352,34.22337,33.88464,37.9511,33.83947,33.2432,33.23847,35.71361,33.1057,31.63241,33.99434,31.63059,33.77916,33.32342,36.64623,36.38101,35.6213,32.72354,35.1555,39.73532,32.26444,0
30,35.22896625,37.81693166,33.64440839,33.81854681,36.4251727,32.89257041,34.23868963,32.62155005,32.60827,39.23526,35.91488,32.38434,37.06045,33.81135,33.56034,34.56203,30.83713,35.29076,31.8522,37.23182,37.56756,36.92248,33.8074,30.50102,33.86307,33.00741,34.83709,33.79979,33.24428,33.19115,39.79833,32.99015,34.42196,33.11406,36.97114,32.22794,29.33154,32.70856,32.84129,33.33105,32.85885,38.72241,36.27262,34.77403,32.89436,34.89663,38.41022,32.18444,0
31,35.02829436,36.82228054,32.13744576,34.05896209,35.51042474,33.92418113,34.36685642,29.08671965,32.17229,36.7913,34.8964,33.68269,38.88147,34.29627,31.83889,35.09152,31.56358,36.2924,30.95607,35.81358,37.80952,36.43979,36.37383,33.31571,30.87509,32.79005,33.80742,32.91157,33.45795,33.57261,40.77444,32.42807,34.62536,32.44021,35.27228,32.84234,33.70217,33.28523,31.26782,33.39691,34.94231,37.57024,34.99056,36.5513,33.38167,36.15458,40.79282,29.55647,1
32,34.91406276,36.66179523,32.69047766,34.33464031,35.4191848,33.48215132,34.47414012,33.51038672,31.79446,37.20212,34.86426,32.50927,36.74275,34.74669,31.8926,32.66427,32.35898,36.76224,32.61244,35.81361,37.60916,35.87817,35.113,30.40736,33.77221,30.93373,34.19843,32.40612,33.79023,32.69023,38.22338,34.14983,33.06661,33.03581,36.49972,32.76065,30.05611,33.92521,32.33853,32.90743,33.29177,37.69522,36.61159,33.46325,32.70867,35.57148,36.67216,32.07804,0
33,36.35910498,36.08380318,32.95241358,33.91170624,36.18760125,32.49201018,33.52076527,30.86067217,31.89353,38.13136,34.84212,33.40463,37.95201,32.47482,31.46279,35.11247,33.27057,35.74118,33.027,37.26893,37.46501,36.04547,34.08291,30.94604,33.77733,33.10378,35.128,33.37871,32.43436,34.21427,40.04164,33.34783,34.54315,33.49249,36.89801,34.06043,31.84872,33.40941,33.64744,33.43511,34.0561,38.5424,33.24322,35.62678,33.39661,34.82624,39.98429,32.19045,0
34,35.33480239,38.68696142,33.08146906,33.31112796,34.58048162,33.38601925,33.35434245,24.50161888,33.38527,40.05105,36.28878,32.07157,37.04465,33.84459,30.91528,34.50498,31.71483,36.28965,31.80034,37.34196,38.08506,37.52539,34.28755,32.2074,32.67909,32.92881,34.81969,33.99083,32.87964,33.19069,38.52023,33.93609,35.19004,33.32984,37.58374,31.5936,32.56198,33.16559,33.5604,32.97898,34.67576,40.2601,35.01177,34.34409,31.78938,34.2,38.33288,31.0072,0
35,36.28398903,37.5994101,32.15053755,34.05614214,35.6265055,33.16089491,33.87841007,32.01758954,31.76622,40.6941,35.55839,31.92949,38.31093,33.46668,31.92583,35.36277,33.22002,36.17764,31.39331,37.25569,38.21896,35.78074,36.09634,34.48801,32.74992,33.15278,34.21029,33.8527,33.68001,32.8936,39.7003,33.92941,34.63602,33.68339,36.6287,32.04671,31.09901,33.02478,31.83364,33.00757,35.18912,39.16216,35.65874,34.66919,32.72168,34.90889,39.27414,31.90031,1
36,35.26074962,38.06750916,33.45804675,34.9537067,36.47688371,32.87289636,33.11235905,32.875043,33.22833,35.53574,35.60879,31.20097,38.49299,30.70377,31.30694,34.90519,32.7408,35.21012,25.25893,36.83349,37.99049,35.942,36.39583,33.346,33.24461,33.11619,34.13916,32.76571,33.72647,33.9016,40.53389,33.90075,31.69179,32.70673,37.1101,35.15486,33.98265,33.00066,33.21646,33.22673,35.75184,37.47927,36.85929,33.48096,33.53046,34.51236,40.76846,31.35354,1
37,33.72002739,35.21316925,33.27913096,34.20825978,37.70359131,33.0926036,33.06612788,30.44942068,31.82783,38.05395,36.23234,33.17903,38.30625,33.26534,31.87291,35.47084,33.89036,36.35967,32.16523,37.24318,37.76111,36.71159,36.16729,32.13692,33.80535,33.11952,35.24868,33.07517,32.98039,33.78992,40.2016,33.59144,34.93133,32.50788,37.6299,31.6295,32.45242,34.04913,32.37365,33.51507,33.90722,36.88568,33.22821,34.35794,33.33124,35.96253,40.72336,30.8842,1
38,35.95639969,37.73321729,32.84486986,33.12652983,36.10116953,30.62522282,34.02555005,31.16182149,33.84377,38.52717,34.45764,32.96437,37.93276,32.8475,32.51075,35.3531,32.75802,35.89483,32.76014,36.98516,37.93825,36.10208,34.70887,33.31508,32.85328,33.41428,34.33118,33.04684,32.63446,32.74483,40.3062,33.25872,34.30773,33.14868,36.26911,30.41463,32.5938,32.92397,32.49066,33.25497,34.99934,37.49115,36.39832,35.88948,32.73166,33.80004,40.71375,31.17131,1
39,36.15975554,36.33479448,33.37719079,33.02667405,36.10470919,33.06658648,34.39586328,32.40284637,32.16536,36.56236,35.43402,31.86957,37.57839,33.06746,32.81039,35.35707,33.01597,35.58861,32.2203,36.23594,37.4925,35.35656,34.20896,29.45396,33.70438,33.8229,34.19548,33.14815,33.589,32.70099,39.96953,34.18658,33.25914,32.9767,36.85926,30.56451,30.44623,32.86075,33.5531,32.97091,33.9383,36.14906,34.77159,33.06034,32.87974,35.14273,39.17223,32.3053,1
40,36.29966038,37.75908073,32.93078448,34.45945238,35.50924774,32.57990639,34.42109556,24.50161888,32.8253,39.55825,35.05612,32.93657,35.23492,35.68377,29.91295,31.04415,31.05363,36.32542,34.21525,36.39782,38.63554,38.02708,35.86494,24.29608,32.08242,28.56669,37.22952,31.83553,33.30874,32.75363,36.11471,34.84638,33.19528,32.81433,37.70073,24.29711,28.73119,33.00013,32.90856,33.52124,30.85643,35.89994,34.01602,34.61866,33.07849,35.34515,34.98679,30.89403,0
41,36.37849358,37.38323778,33.07682283,34.12878827,36.63692229,32.50566564,33.37770532,31.29942329,32.61864,39.37065,36.47745,31.52846,38.4452,33.48815,32.96142,35.37193,33.43545,35.51222,30.97334,37.30357,37.87147,37.10294,36.43154,31.81679,32.68186,32.87352,33.6148,34.82685,33.69631,33.78048,39.89516,33.60426,33.2176,34.20215,37.95014,33.19971,30.76521,33.24348,33.36947,32.93344,33.7496,38.66722,36.37458,32.99527,32.80056,35.38017,39.49356,31.16832,0
42,36.50139369,36.83663997,34.40977279,33.23584501,35.40827872,32.60498455,34.94895721,31.35757337,31.56545,41.17953,35.7307,33.19031,36.61642,31.92299,33.42467,34.4881,32.13022,32.26697,32.27765,37.73952,39.06934,37.55218,35.25765,34.89661,33.91846,32.11493,33.73937,32.73182,32.88711,32.73028,40.58143,34.0974,33.61085,30.91756,36.74205,32.49355,32.74399,32.52824,32.14281,32.57248,34.4999,38.88016,35.11495,34.01316,32.37043,34.93594,39.48724,30.68011,1
43,36.2782924,36.96318557,32.74575497,34.62830147,35.09397636,34.61933815,35.07835261,32.04858305,34.03898,36.98456,34.66999,31.33706,38.00481,32.98295,34.44152,34.65388,32.74965,36.14214,32.74297,36.17426,37.53683,35.55743,35.59419,32.11174,33.45388,31.75301,33.75347,32.67199,33.94408,33.89033,39.01966,34.03372,33.93179,33.09723,35.13166,31.50154,30.93117,34.21175,31.34658,33.82452,33.90584,37.55104,37.26843,34.39162,32.82349,35.49249,39.71235,32.08039,1
44,36.53428727,37.03401624,33.52503324,33.35795877,36.66304664,32.58586389,33.90159986,32.01187308,32.92985,38.82825,34.39077,31.46514,37.89336,32.87087,33.24442,35.7537,31.8832,33.46962,32.77501,37.25479,37.17653,36.77722,34.93847,30.75427,33.33818,33.66441,35.78852,33.32718,33.46656,33.12448,39.35613,34.11393,34.03345,32.68197,36.58375,31.11893,31.38885,32.8685,33.41232,33.44724,33.60191,38.92892,36.06673,34.48647,33.29182,34.99147,39.37661,32.71556,0
45,35.21935006,37.81207556,32.87135343,34.05732813,36.13931747,32.18714302,34.52764788,31.43399073,32.48044,37.93784,36.04356,33.47077,36.9876,33.73597,33.58998,35.17907,32.68445,34.01085,32.13743,36.38353,37.50698,36.88722,35.32864,30.52482,33.72144,32.81622,33.9706,32.88587,33.56956,33.01985,39.85025,34.23243,34.00374,31.78535,35.74978,32.16751,30.21234,33.30386,31.91383,33.34949,35.29404,39.53418,36.98772,34.42311,32.65885,35.25119,39.83454,31.87425,0
46,35.90804563,36.73098673,32.12005773,33.69223209,35.73293852,33.58688429,34.36835171,32.01199423,32.27426,39.45164,35.25047,33.05112,38.35481,34.36034,34.16145,35.26171,33.77721,36.12837,32.93471,35.80593,37.33442,36.01531,35.12369,27.97473,33.93401,33.66571,34.4106,32.12006,33.25962,33.67372,39.84867,34.0885,33.93217,32.46032,35.82186,31.78474,29.04552,33.88932,31.56153,32.93132,33.98745,38.0097,36.59557,33.81581,33.82437,35.62517,38.95075,32.35922,0
47,36.38928882,36.87487233,32.54110929,33.96109989,35.36794528,33.3055895,33.07375528,27.29750934,32.73001,38.83514,35.84911,32.14511,38.89628,33.76615,32.18427,33.45075,32.20219,35.64933,26.49825,36.15032,39.41761,36.82377,35.78115,36.06162,32.47138,31.78642,33.60612,33.32642,34.02103,34.97133,37.99016,33.57292,33.84398,33.5826,36.89413,30.99244,34.72579,33.52055,32.52915,34.15246,32.34285,37.27455,36.46121,33.06353,33.66321,35.21581,35.61525,32.10457,1
48,34.71298969,36.537545,33.24161936,33.56645231,36.77353862,33.18902523,34.46966531,31.81557703,33.87562,38.47456,35.09919,32.31009,38.46163,34.64565,32.39684,36.52825,33.42981,36.30616,33.54551,37.153,37.25707,36.68184,36.04763,28.14811,34.21087,34.24817,34.8281,33.67507,33.7697,33.07699,40.5768,34.05693,34.71478,33.47121,36.33043,34.3742,29.09394,33.38135,32.54575,32.72412,33.61375,38.70526,34.37399,34.17134,33.45978,34.83739,40.2246,32.45241,1
49,36.89593015,38.00187426,33.60339346,34.00674964,36.14926077,33.65028971,33.93538723,30.31906938,32.10637,38.1155,36.31083,33.31033,35.79973,33.2726,33.53127,31.44769,28.11419,36.08687,30.75541,37.10341,37.9663,36.83099,34.89587,33.72567,34.14761,33.85384,34.13115,32.94489,34.02742,33.08997,39.32286,34.00034,34.42791,32.83667,36.31583,32.2921,31.93464,33.0429,32.34733,33.70162,33.12969,39.1851,36.30155,34.72803,33.79821,35.7106,36.47364,32.98937,0
50,34.94265887,36.47416187,32.17130849,33.42917462,35.91288584,32.56502892,33.32792187,32.19184756,32.06431,36.01737,35.54695,31.60501,37.5741,32.86803,32.58884,34.90494,34.06335,35.31237,32.38306,35.98351,37.75264,35.6195,33.82509,29.87476,33.12638,32.82286,33.40327,31.58446,34.10431,32.99749,39.32466,33.8805,33.14033,31.65675,35.55455,32.32992,31.52603,33.08841,30.96881,33.23599,35.10475,37.07829,35.97766,35.53983,32.87109,35.08271,39.47927,30.56966,1
51,36.13390182,38.82816185,33.28957492,34.33534983,36.80279439,34.12939857,34.90833356,31.46890582,33.54065,33.22721,36.96339,32.93668,37.04982,34.09086,31.97027,31.83135,29.68752,36.75221,31.82505,37.49155,37.57966,37.82969,34.25459,30.52786,33.20543,28.90226,32.40501,32.65294,33.82666,34.2996,40.34571,34.70098,33.98818,32.77767,36.26757,30.76459,28.97176,33.96416,32.49568,33.94799,37.2513,37.98147,38.26032,36.36869,31.94609,35.48934,39.91376,33.23535,1
52,35.39827444,36.19584997,32.46508497,33.99888072,36.92952934,32.97349465,33.91022003,29.00679922,32.63662,37.90959,35.32612,32.80748,37.61854,33.45093,33.68578,36.27228,33.47506,35.74372,32.39559,36.75325,36.94477,36.30732,35.90182,32.07428,31.57621,34.52912,36.26135,33.02622,34.35173,32.93919,40.06459,33.61291,33.65585,32.9067,37.12633,29.2073,32.02082,32.93394,33.68848,33.41468,34.20041,37.59136,34.96561,35.91553,34.43402,35.14838,39.75124,32.50433,1
53,35.85949015,38.01905713,33.91920921,34.43601934,36.09020895,31.76926458,34.2327713,31.91721647,34.09565,40.04127,35.20345,31.89993,37.64033,30.99916,30.89656,34.48865,30.86836,36.23675,20.9802,36.48647,38.4813,36.80438,33.39159,32.32241,29.72078,31.9378,34.43356,33.88701,32.21819,32.01072,38.16508,32.92764,34.52077,33.99002,38.57364,30.14331,31.67471,33.10203,33.61421,34.18038,33.28996,38.25728,36.47881,32.58365,32.54128,34.41385,37.28534,31.63315,0
54,35.48825062,37.10235048,32.23027754,33.64838157,35.51944257,33.51371062,33.49908849,33.05262854,33.57432,38.39958,34.59987,32.76739,37.87352,33.77379,33.97583,34.61213,33.33144,36.48711,32.824,36.60381,37.98224,36.19008,34.88053,31.15824,33.59373,32.98302,34.2702,32.73591,33.46926,33.62546,39.54529,33.62313,33.29909,32.17161,35.84871,31.25702,29.27569,33.32115,31.24336,33.25014,34.34834,39.04573,36.10774,33.82773,33.29085,35.37715,39.35143,32.31606,1
55,35.87345163,37.22027731,32.81279119,33.22108421,36.28046809,34.16001659,34.58656279,32.37833605,33.94159,38.62374,34.98832,32.55614,38.75519,33.70703,30.704,35.34874,32.75966,35.69155,29.63272,36.72771,38.03176,36.90205,35.64212,34.02529,33.34673,33.89691,34.20882,33.65838,33.25096,31.30359,39.61199,34.15293,34.01637,33.80337,38.08415,32.69943,32.55913,33.50249,33.01735,34.3144,34.80845,37.89801,35.85538,35.35425,33.29908,35.27012,39.32985,28.14961,1
56,36.78927935,37.31236061,32.38397289,34.08870719,34.90934805,34.08720581,34.40153558,28.89721502,31.19168,36.11952,35.14781,32.77239,39.57933,34.29997,33.86782,32.99892,32.84235,36.2249,29.36062,35.18609,36.7998,35.21306,33.37931,31.56961,34.10262,31.96989,35.19887,32.13501,33.57493,32.64883,38.79663,34.17307,32.31976,32.24168,35.75165,31.49589,33.51586,33.22791,32.03599,33.38379,33.47283,37.106,36.93795,32.66038,32.66897,35.27932,38.31562,32.96794,1
57,35.70118251,37.14844486,33.38797739,33.81566318,36.68355873,32.6354152,34.20912049,30.05362304,32.53294,37.14157,36.01548,32.8374,36.22042,33.57211,33.14317,33.98551,31.84021,35.23306,31.72805,36.79105,36.89555,36.15489,33.64069,29.33757,33.69507,30.85199,33.69057,32.99081,33.30892,33.2345,39.0916,34.55777,34.18433,32.95735,36.33206,32.26774,30.898,33.28425,32.20159,33.31024,35.63485,38.86039,36.29509,34.55579,33.05159,35.36601,39.75214,32.72543,1
58,34.95447658,35.78550703,32.76818677,34.10015591,35.95990558,33.65426379,31.38879951,30.70695972,32.21884,39.14131,33.98215,33.46859,38.67991,32.63946,29.93689,33.21844,32.95532,36.24434,30.77377,35.79675,36.42324,35.61437,35.92547,32.99078,31.88132,33.3375,35.50806,33.19575,33.83684,30.83545,37.01405,33.21675,33.8857,33.60576,37.35644,30.20643,33.06141,32.74084,33.79887,34.05858,30.03156,37.11774,34.14095,36.09736,34.18644,35.10072,36.66576,32.82193,1
59,36.1790632,37.14453599,33.14999789,34.20637991,36.08001508,33.23357565,34.04772393,32.28037592,32.53917,39.34664,35.56463,32.33957,37.43247,33.10699,33.30255,32.79684,32.12424,35.38133,32.82627,36.32808,38.43354,35.84502,35.24111,32.25103,33.39927,30.65399,34.01853,32.3805,33.2801,33.55844,40.06897,34.44878,33.87475,32.13877,35.27672,30.40148,30.97734,33.47201,31.38464,33.39758,35.75048,39.42024,38.32834,34.85328,32.61467,35.28282,39.54657,31.96733,1
60,35.02717255,35.93356717,32.82257046,33.83192455,36.80114394,32.69287125,33.90791872,31.37202905,32.9588,39.35325,35.15565,31.95018,38.51066,33.35095,32.99272,35.93895,33.3806,36.27179,32.47666,37.67274,37.92138,37.16166,36.42298,29.86122,34.08579,32.84044,34.54013,33.49161,32.98315,33.68248,40.54641,33.50326,34.02201,33.22491,37.04182,29.24845,30.04982,33.14258,31.99999,33.27502,33.69101,38.43032,33.92317,33.94407,33.26828,35.37673,40.7403,32.08517,0
61,35.93753558,37.2809568,32.50413546,33.7322962,34.89710103,33.31073448,34.1113362,30.90477539,32.92358,37.3307,35.81043,32.51178,38.90965,33.91538,33.60569,34.07069,34.05688,35.41633,32.23368,36.46155,37.19895,35.74385,36.45477,34.57514,34.56483,32.56994,32.72607,33.47727,33.26508,33.10191,40.70963,33.14441,34.64145,31.65169,35.63967,35.51964,30.67912,33.56099,31.31352,33.71687,35.17192,38.55478,35.67543,34.01062,33.18978,35.10279,39.96604,30.60934,1
62,35.27604209,36.75720112,33.4387796,34.15250058,36.49081947,33.92542032,33.61624996,32.36529527,31.91493,38.59613,35.88298,32.0708,38.46541,33.40448,33.00074,35.68237,32.69337,35.55642,32.94123,37.90731,37.48086,36.78656,34.81211,25.81958,33.90334,34.19571,35.54872,33.38737,34.23937,32.31484,39.40947,34.62161,34.53366,33.56208,36.63175,31.5594,30.78731,34.16039,32.77395,33.39922,34.0029,37.89177,36.12441,33.67613,33.34938,35.6251,39.67705,31.25543,0
63,36.04944342,36.78771127,32.86212473,33.32518663,36.2804428,33.37628873,34.50344727,32.50688991,32.23414,38.40032,34.52768,32.08225,37.82288,32.55852,33.42144,32.68658,32.23761,35.42357,31.40115,37.32043,38.00448,36.66577,36.10376,33.73139,31.44361,30.36549,34.18256,31.95788,33.21358,34.6436,39.55425,33.66074,34.61488,32.58785,36.32098,32.38068,31.20997,33.90206,32.41373,33.78959,34.02243,38.90704,37.80006,35.54351,32.56093,34.90331,39.18907,31.93458,1
64,35.12463206,36.45408069,33.44459568,34.15440115,36.17298096,33.3187346,34.27596111,31.25832046,32.74031,36.68691,35.20701,33.61502,38.40417,33.84687,33.24247,34.04912,34.287,35.82956,31.94598,35.74722,37.38758,36.43775,35.05914,28.73603,33.98784,34.0279,33.40466,32.74658,33.92666,32.63302,38.75333,33.69261,33.06484,32.92958,35.64189,34.35339,29.38814,32.92286,32.67176,33.27405,33.82519,36.05144,34.72729,33.75687,33.13687,35.56433,37.85578,32.01212,1
65,35.02426566,36.47105299,32.82162176,33.86365008,36.94362001,33.0694473,34.43436488,31.01904084,33.27353,38.36142,35.23105,31.98843,37.75583,35.05517,32.6904,35.97145,33.37928,35.4979,33.9059,36.90004,38.0522,36.14006,36.17738,27.01261,33.83446,33.97219,35.24807,33.6539,33.30602,32.50181,40.35469,34.13897,33.50261,33.27894,36.38814,33.69435,28.56285,32.78078,32.6693,33.45096,32.92309,38.35606,34.69913,34.04007,34.16652,35.4004,39.95976,32.21729,0
66,34.98785054,35.00966966,33.19717271,34.63324904,36.69973835,33.29049007,33.53760523,28.74479178,33.49577,37.83786,35.0706,32.75672,39.05518,33.95187,32.80619,35.62815,33.95256,34.71737,33.06696,36.91921,37.14651,36.21075,34.6555,26.56634,32.61734,34.0932,35.30961,33.66156,33.56573,33.92129,38.90571,33.72929,35.05159,32.71889,36.22927,28.60172,31.52996,33.8123,30.65186,32.8774,34.02453,37.24325,36.35653,36.06187,33.07771,35.62313,41.2153,31.44407,1
67,36.09235722,35.70981235,33.84505132,33.61236996,37.29731704,33.03107947,34.33705823,32.56759793,33.01296,39.00187,36.07876,33.08833,38.88413,34.14629,31.9979,36.97331,33.94958,32.67868,33.22313,38.52361,37.02294,36.95014,36.05784,30.65827,33.0485,35.00213,35.90802,34.18815,33.29722,34.59602,40.13441,34.18379,35.15671,33.58104,37.28206,30.73211,31.02171,33.50215,32.35308,34.20264,33.36824,39.04253,35.11906,35.35577,33.13779,35.78907,40.7349,32.11154,1
68,34.46602302,36.25966208,32.88902124,34.13115746,36.0255581,33.36681775,34.74209651,32.4974844,33.18471,38.69623,35.28913,33.44831,36.82536,35.08038,32.34558,31.85533,30.85481,37.23266,33.05548,36.0265,37.30789,36.31153,35.19479,28.71551,33.57743,31.35009,35.19104,33.11996,34.16336,30.63982,37.00346,34.76848,33.79306,32.8339,36.09734,30.83263,28.94653,32.55648,32.49802,33.50058,31.17399,35.9898,34.77996,32.79931,33.33153,35.48975,36.90362,32.7919,1
69,36.14758846,37.74817137,32.12463274,33.5439799,35.39103594,34.26226534,34.71580852,34.83762846,31.85327,36.88375,35.59702,33.75314,38.59968,33.50327,34.71502,33.77036,33.35808,34.89806,32.57758,36.0453,37.68186,35.75863,34.48236,33.77719,34.438,33.19701,32.55787,32.17058,33.47533,32.9542,40.43669,34.65996,34.02164,31.26533,34.86892,32.92247,30.54903,33.8782,30.47383,32.90753,36.62314,37.33097,38.85373,33.45069,33.87982,36.09556,39.52221,32.81428,1
70,35.29312659,36.00473125,34.13968083,35.00909335,36.29780241,33.17832614,33.5870863,30.09279503,32.74631,34.88087,35.86988,33.57284,38.43102,34.70927,35.14565,33.37241,31.86223,36.57537,31.74872,37.0587,36.49331,36.34867,36.47769,30.29053,34.17099,31.35787,35.8577,33.78909,34.46672,32.66436,37.27143,33.56508,34.30478,32.63057,36.34673,29.96742,31.55982,33.28298,33.3495,35.0842,30.86838,37.0403,34.65647,35.11615,33.77679,35.75871,39.62473,34.248,1
71,36.09033106,37.01226376,33.89728651,33.51978696,36.53666871,32.73590047,33.76431077,30.42032627,31.42796,36.86798,36.18402,32.78305,36.29691,33.2994,32.21767,32.68254,32.48375,35.4388,31.30563,36.51163,37.32846,36.92396,35.49476,28.02116,32.06926,32.14282,35.25899,33.70745,33.80422,32.63484,36.36996,34.22396,32.6895,33.65665,37.15841,30.42105,27.24636,32.33524,33.30413,33.84581,30.69321,37.07707,34.12545,35.23777,33.2127,35.54191,34.64464,32.52093,0
72,35.55092384,36.68844603,32.50233443,33.26354434,35.1084102,34.28301329,34.99699048,34.42510646,33.65329,39.08375,34.73097,33.49383,38.32758,34.81563,33.2962,35.29769,34.77749,36.53432,34.15165,35.76643,37.76031,35.35103,35.31218,27.95268,34.65872,33.15001,34.53077,31.41454,33.58405,32.1882,40.49603,34.59316,34.2484,32.10168,34.53776,31.04982,29.74559,33.52795,30.03562,32.18579,35.44245,36.87208,35.76889,33.33365,33.17304,36.22592,41.81143,32.5418,1
73,35.87625889,36.70167687,33.48507641,35.48254897,35.29167774,34.5520859,33.88812754,33.42731462,32.70056,38.63336,36.20981,32.47687,35.82046,33.55914,28.29667,34.05773,31.97232,35.95603,26.04958,39.03192,38.74308,36.8867,36.61642,32.44702,31.19568,31.07787,31.62489,34.24339,33.69765,31.78855,38.42907,34.92875,35.49979,33.9859,36.94862,32.57773,32.31604,34.06558,31.22714,34.70187,33.41086,37.48208,34.05195,35.1487,33.03811,35.8254,38.41407,32.80961,1
74,34.31090462,37.27695359,33.09947845,34.24171057,36.72096649,32.95840513,33.91962069,32.00344232,32.48921,38.83311,36.44061,32.8156,37.0014,32.65144,33.11485,34.49101,32.60655,34.98146,32.2619,37.77425,37.67143,37.18562,34.75435,33.51901,33.95955,31.94567,33.72473,33.12662,33.70844,33.44372,39.86441,33.49172,34.062,32.19044,36.42737,31.00284,28.13685,33.45918,31.88631,33.3535,33.61564,39.41123,36.34724,35.34724,33.31362,35.00694,39.04923,32.05989,0
75,36.0263843,38.53727707,33.08457627,34.45026137,35.81338509,34.17763604,34.85491478,32.84287776,32.40642,38.74041,36.3316,33.47364,38.96583,30.84293,32.38493,35.50356,34.68878,35.63489,26.37598,36.86214,37.31003,35.59285,37.52585,36.91295,31.618,34.61017,32.95557,33.01839,34.67108,33.18488,41.11357,33.54988,34.05995,32.98494,38.18412,31.64837,32.31492,33.84321,31.993,33.53237,36.61049,36.02829,37.95678,34.07554,33.01577,35.84823,39.07831,32.36286,1
76,36.39730534,36.95951938,32.4670974,33.73008478,35.15211576,34.03974263,34.26448617,29.18417289,31.97883,35.16431,35.83702,32.64752,39.8096,33.74157,33.38777,34.46708,34.72895,35.67261,27.4387,35.33676,36.20224,34.85516,35.38919,32.43001,33.85301,33.96024,35.53945,32.50293,33.33195,31.46257,38.1275,33.37723,32.99545,32.798,35.70237,31.29794,33.83495,33.47176,31.79484,33.46657,32.93653,35.61717,36.19121,32.66838,33.43912,35.34587,37.89547,32.03419,1
77,35.74187239,37.95173461,33.15555317,34.15995787,35.9837546,32.38650324,34.43532734,34.00377598,34.61566,40.26381,36.1307,32.44833,37.92872,32.96831,31.47042,35.16942,31.79001,36.44624,33.2033,37.43207,38.68206,37.07063,35.44822,33.98038,35.36956,32.6819,34.93497,33.34837,32.86041,33.37136,40.35335,33.47433,34.37373,33.54134,37.21806,33.02916,30.98252,33.81511,32.14202,33.61631,36.12453,40.33355,36.39692,34.34241,32.8186,35.30189,40.83803,30.49254,1
78,35.35015464,36.57738709,33.39828287,33.6186045,36.15475938,32.99649992,33.84748255,30.84386186,33.3453,38.48055,34.62726,32.52556,38.65327,34.1038,33.14956,34.48812,32.90939,36.36897,33.34743,36.09394,36.91456,35.65239,35.34148,27.88446,33.27474,33.22159,35.30302,33.15193,33.23533,32.35571,39.62322,33.74632,33.90931,32.58867,35.97244,31.81494,30.57652,32.58737,32.2783,33.01482,33.62948,37.01037,36.06291,33.6308,33.0421,35.28397,39.31903,31.94063,0
79,36.04888008,38.09833745,32.71060391,35.01557852,34.94956301,34.86485689,35.74415485,36.5105258,29.75401,33.04748,35.90351,33.61575,38.27605,31.33221,32.56774,33.23846,31.50009,36.89588,23.9869,36.797,38.61459,35.86208,34.1471,35.17341,31.16291,33.34369,30.79222,32.20815,34.63616,32.9094,40.06667,34.77988,36.22777,32.09836,34.45281,29.44361,33.08542,34.50062,31.52744,33.60898,37.13279,35.02123,33.49568,34.31895,33.10088,36.9355,39.94736,32.52772,0
80,35.15647453,35.80031554,32.68972997,34.14050072,36.01497259,33.74145712,33.90462605,31.58672394,32.2404,37.60607,35.2527,32.00267,39.6193,32.87947,32.48569,37.2945,35.86464,35.11326,31.96232,36.42616,36.81492,35.8711,35.57155,31.99734,34.00826,35.3603,33.75409,33.44412,33.68734,33.78391,39.5501,33.5835,33.4342,33.01368,36.65923,33.68421,30.25509,33.36052,32.51365,33.55131,33.64538,36.82333,34.71782,33.81702,33.60715,35.71642,40.78005,32.45828,1
81,34.12725776,35.08745543,32.32722682,34.27150897,35.97488196,34.08906636,31.90845663,25.37677443,31.41066,38.15832,36.23343,31.422,38.33406,34.72887,32.08967,35.62773,32.73682,34.80801,33.25333,37.03311,36.65332,36.22457,36.00302,26.23374,31.3661,33.9622,34.95552,35.00637,34.47341,30.50934,38.94044,33.24561,34.28521,32.99918,37.08126,26.60207,31.17965,34.11369,32.58187,34.03615,31.9154,36.51162,32.86218,33.35766,32.48108,34.78954,39.999,32.66118,1
82,36.7562963,36.44483039,33.12528296,34.7704352,36.81890033,30.62737136,33.50099125,33.92409525,32.97512,41.20301,35.2186,32.45681,37.05733,35.4093,33.03359,34.05631,32.17481,38.05862,31.17799,37.55205,39.04221,37.78212,34.40844,31.09248,34.58254,31.18657,35.78108,33.91721,32.71973,31.69073,36.88626,34.60269,34.17857,33.99473,38.42009,20.879,31.05233,33.16821,33.87347,34.15174,32.85193,39.77169,35.0338,35.99596,35.1261,34.56488,38.50143,31.66193,0
83,36.02056473,38.02508651,32.83258441,33.46603133,36.20024159,33.40513629,33.71995694,32.39478998,32.4661,41.11782,35.48734,33.1158,37.04721,32.37328,33.7332,34.1556,31.75895,37.28441,32.45931,37.75713,38.25191,36.52349,35.66528,35.26206,34.61653,32.41237,34.39454,33.17534,33.8174,33.45539,40.77507,34.66412,34.58208,33.13107,36.17264,31.18115,29.87485,33.55821,32.57871,33.2205,34.65754,39.36739,37.26519,34.81239,32.52145,35.1957,38.12434,32.27549,0
84,36.25677111,37.19651661,32.7576809,33.94521339,35.64255635,32.96255194,33.84574018,31.98138441,32.96787,40.08503,34.23502,31.26918,38.6133,33.63389,33.63113,35.65359,32.94575,36.44878,31.79057,36.87423,38.29379,36.1428,35.4068,29.17769,34.25342,32.86426,34.17297,33.16193,33.50868,33.37067,40.16192,33.98953,34.01545,33.34988,36.8944,32.3433,30.08276,33.23125,32.74535,33.16198,33.82717,39.49914,36.04689,34.16262,33.46131,34.6734,38.52178,32.23248,0
85,35.79983792,37.28978683,32.57001768,33.13681665,35.59813837,32.11924786,35.38404131,31.2740202,34.21247,38.72597,35.81356,33.62005,37.97258,35.09026,33.91373,34.03604,32.74504,37.06196,33.34377,37.54496,38.20131,37.51665,34.68703,25.84534,33.67143,32.16952,35.95783,33.68205,34.20988,31.86131,40.1008,34.81726,33.63976,33.96631,36.57712,33.21775,29.7252,34.17813,32.61104,32.92341,35.64639,39.14665,35.12602,34.93107,32.95042,35.61127,38.5773,32.42409,0
86,36.24756209,37.60868921,33.24608982,33.11722278,36.35723171,32.75240305,34.1013171,31.8605209,31.87558,39.0481,35.27152,31.65994,36.78216,33.02697,32.56854,34.17426,31.43551,35.783,31.01527,37.48306,37.72934,36.95368,35.06451,33.07141,33.73617,33.39034,35.09177,33.26379,33.60875,33.76091,40.40203,33.93851,34.83369,33.32327,36.11155,30.91488,31.25663,33.56268,32.39492,32.86426,34.43408,39.35972,37.15025,34.79643,33.53603,34.94716,39.98772,32.05164,1
87,36.11042086,38.82768104,32.74198179,33.03575131,35.41387039,33.02993186,33.92348654,29.53024067,32.23639,38.56948,37.01707,32.5001,37.39869,33.71064,32.9361,34.08486,31.99415,35.87893,29.96825,37.51205,37.97478,36.41334,36.37391,29.79557,32.56882,32.62279,33.65095,33.05091,33.80179,32.91825,40.23382,34.04512,34.28573,33.03772,36.76966,31.06521,31.02731,34.0426,33.0803,33.59617,36.43283,37.61744,37.85882,34.89437,32.6395,34.61707,38.7236,32.33634,0
88,35.64109505,36.21277124,31.60966003,33.57865001,35.50548374,34.9643336,34.06297758,32.3020898,32.64536,40.26262,36.6848,32.68575,37.89946,34.52621,31.53864,35.92878,33.97853,35.35189,33.72281,38.53758,38.8419,36.98932,36.72992,31.17076,33.39537,34.49266,35.40691,33.60127,33.00406,34.50319,41.37164,34.55969,34.93551,31.47737,36.18277,31.5116,29.51893,33.87916,31.3777,33.30127,33.31812,38.92548,36.16539,36.22918,33.68291,35.73282,39.91713,30.22936,0
89,33.71353061,36.67144657,32.83956707,33.73524904,35.30171544,32.24311453,33.84114175,31.39276508,32.81436,38.43369,35.86087,31.54488,37.37068,35.45841,31.334,35.17317,33.65471,35.30403,32.70447,35.90838,36.86014,36.18282,35.59243,30.73992,33.06637,33.65795,34.25901,31.66146,33.81692,31.79987,39.56635,34.53973,33.10174,32.73772,35.98807,33.1444,31.166,34.23304,31.51048,33.6305,33.98781,36.95437,35.85609,35.05117,33.7627,35.47638,39.334,29.58428,1
90,36.08790268,36.59902801,32.20432195,34.35008126,35.74556595,33.1961024,33.68847497,29.31813763,32.63646,38.52372,35.46081,32.88861,38.29092,33.68475,32.61518,34.16581,33.0444,36.08805,31.96437,36.39412,37.68311,35.93088,35.59501,35.45606,33.36738,32.37216,33.75639,32.9226,33.79581,34.54333,40.26891,33.69616,33.72668,33.48997,37.03893,33.62195,33.89935,33.75244,32.52178,33.39326,33.68927,39.03716,36.25971,34.30918,32.6623,34.85682,38.92508,31.42001,1
91,36.23758137,37.75390444,32.14704953,33.05989112,35.23180632,33.48499487,34.82042836,34.32866455,32.30883,37.90869,36.12614,32.4,37.31241,33.02124,32.91147,33.86907,33.19508,36.06055,33.46383,36.75146,38.5425,36.45847,35.00275,30.26243,33.3909,31.43114,33.42316,31.98784,32.95161,33.32614,40.92014,34.31815,33.51905,32.22252,35.08758,32.70128,30.64841,32.99566,31.72677,32.70731,37.56295,39.09542,38.65142,34.84309,33.35873,35.60393,39.3703,31.48752,0
92,35.93147573,36.92854021,33.1518263,33.59142952,36.57257424,33.05068767,34.0938632,31.9958135,33.57158,39.2212,35.2584,32.20157,37.21082,32.36597,33.25247,35.8922,33.415,36.04098,32.6878,36.99217,37.84756,36.56591,35.14186,28.88874,32.95738,33.87619,34.66311,32.70346,33.37514,33.08376,40.53864,33.8424,34.00407,32.82007,35.92146,31.64126,30.10766,32.94712,32.00527,33.04194,34.21254,38.72455,36.4753,33.23192,33.36301,35.12198,38.69487,31.61144,0
93,36.94555872,37.34454901,33.45572117,33.77796264,36.72997884,33.30937391,33.58347324,30.59833631,33.89173,40.4518,34.86859,31.73636,38.48588,34.60457,32.43714,36.54233,32.73419,36.64972,32.70418,37.26812,38.3087,37.76455,35.90545,33.68218,34.19875,34.15614,35.53071,34.00712,33.28405,34.58262,41.08163,34.14889,34.8788,33.62691,37.18132,31.92696,33.01476,33.49249,33.12648,33.27627,33.66134,39.91482,36.33065,34.57746,33.79499,34.70076,40.45372,32.14381,1
94,34.66218477,36.51451097,32.74305229,34.88659681,36.46924917,34.74917766,34.90306736,32.36606249,34.22666,41.04935,34.34525,32.56904,38.78327,35.95603,32.78588,35.44257,33.30466,34.69813,33.90574,37.03286,38.25048,36.64874,37.61985,30.8655,36.02257,34.0128,35.92658,34.94831,33.59027,34.19721,41.54789,34.89126,34.7375,33.56009,36.68112,28.26599,27.78768,34.01058,33.27137,34.01877,35.95849,38.69016,36.36011,34.72599,34.88136,35.75634,41.67913,30.75471,1
95,34.82370746,35.22097996,32.54590583,33.56788673,36.59310798,33.26302006,34.81633237,32.06673909,31.69343,38.82777,34.38708,33.46016,39.06744,33.97058,31.0791,36.58651,33.24268,33.98597,33.7606,36.83219,37.63759,36.67184,35.89605,25.73696,34.67464,34.45926,35.77305,33.61166,34.19837,32.39894,40.22813,34.01918,34.11433,31.72595,36.44905,31.02858,27.4973,33.68135,32.25407,32.89642,33.39434,37.04529,35.84656,34.92621,33.18921,36.17165,40.59393,32.29419,0
96,36.01640671,37.75984317,33.07119895,33.80368139,35.83594342,33.68651899,34.69503987,32.8761761,32.15172,37.55679,36.51073,32.94249,36.93605,32.36724,33.81234,33.86931,32.63682,34.93205,29.46215,36.54192,37.42872,35.83696,33.97201,31.90987,33.45461,32.00217,33.31734,32.42985,33.74754,32.64425,39.69978,33.63608,34.04939,32.46266,35.83951,31.51235,31.13347,33.39621,31.83699,33.28546,35.57856,39.00546,36.13266,34.46347,32.95898,35.39044,38.46108,32.24201,0
97,35.24973595,36.41406774,32.35125103,33.33737024,35.79317658,33.3104705,33.50618163,32.39506717,32.68361,40.6674,34.93299,32.28422,37.99282,33.40287,34.15383,35.12184,33.11557,36.55063,31.5397,37.48484,38.5432,35.78192,35.45084,31.75433,34.96969,32.60183,34.87502,33.25926,33.04792,33.39389,39.92636,33.53556,34.23976,32.75665,36.60599,31.42195,30.98245,33.62296,31.25422,33.14876,35.71482,38.6157,33.78197,34.3781,33.15884,35.25574,39.9352,29.89866,1
98,35.6506837,37.71804557,32.99288818,33.55634901,35.5403499,33.51777852,34.74191975,30.52611428,31.83579,36.05794,36.03197,32.94182,36.84995,33.79963,33.49727,33.02006,31.86529,33.40416,32.15651,36.66732,38.42748,35.99051,34.79637,35.81854,32.59582,32.27455,33.30789,33.23439,33.36822,32.26545,38.09606,33.55628,32.97124,31.85745,35.34237,32.41265,33.61921,32.85318,30.97422,33.12518,33.77768,37.36739,37.40311,33.41211,32.76926,35.83719,38.59442,33.11616,1
99,34.26159054,36.55253427,32.7502206,33.80011805,36.40008402,33.08351917,34.35808349,31.82645666,33.62296,39.01291,35.33101,32.30915,38.27938,34.17019,32.77824,35.508,34.0435,36.51559,33.76341,36.83081,37.92877,36.50178,35.60668,26.72387,33.66979,33.83801,35.15225,32.92066,33.17059,33.73981,40.61448,34.10863,34.25499,32.85003,36.13302,30.9276,31.13091,33.33756,31.45533,32.89764,33.73378,38.05993,35.34173,33.56879,33.84952,35.52858,40.35077,31.75488,0
100,35.7193516,37.86966838,33.60588108,33.93122013,36.30460905,32.53938701,34.26938545,31.20209902,32.6043,37.96612,36.09367,32.43078,37.52104,33.17438,32.93464,35.00309,33.26759,33.48025,31.52439,37.2535,37.58907,36.35792,36.06547,29.26836,33.75336,33.01106,34.5764,33.13181,33.39429,33.72545,38.82427,34.24087,34.66368,33.0103,36.6719,32.70407,30.49126,33.09766,32.29259,33.5286,33.75477,39.0791,34.9816,34.88799,33.04245,35.17652,39.19395,32.31481,1
101,36.58509578,36.73128785,32.9838074,33.72809631,36.10844265,33.4367367,33.40206086,30.79078262,31.43939,37.44203,35.34575,32.29679,39.23004,33.54981,32.54861,35.28117,34.57828,35.00506,30.87544,35.72485,36.46514,35.35979,35.7201,33.38143,32.6096,34.19946,34.93787,32.91982,33.53147,33.12847,39.25446,33.44905,33.51568,32.48797,35.7243,33.2056,33.97577,32.90935,32.1683,33.47137,34.22627,38.20687,36.88495,33.52977,33.86829,35.44395,39.1667,31.63886,1
102,35.81161302,37.16909797,32.83393335,34.07214084,36.51709978,32.86122103,33.67354399,32.22992449,32.33657,40.32092,35.59446,31.81237,37.67463,32.14526,32.85559,34.3385,32.05549,35.01146,31.0239,37.12287,37.64873,35.7559,35.38871,30.81559,32.88417,31.97453,34.96485,34.18341,33.11592,33.29101,40.02981,34.53322,33.76628,33.40651,37.41702,30.59244,29.84758,33.01299,33.59045,33.50821,33.20158,39.73036,36.26207,34.11458,32.39313,34.69977,38.21469,32.03623,1
103,35.06879243,36.63970059,32.85885468,33.86134965,36.34689241,33.45453034,33.98384245,27.56675032,32.97827,35.26553,35.78235,33.44209,37.59915,33.68353,32.68944,33.50658,33.46041,34.13375,29.69624,36.07245,36.24721,35.14777,36.36689,35.14464,32.61384,33.09799,31.92279,32.01778,32.92998,32.63718,38.96878,33.40235,33.34388,32.30821,36.20743,30.58971,31.19019,32.81001,31.93697,33.44532,34.46818,36.40514,37.07229,35.44828,33.48525,35.38744,39.456,32.92398,0
104,36.47871538,36.86964691,33.10263857,34.05386963,36.13891668,33.2851086,33.75023018,31.82670677,33.52764,38.89934,34.63019,31.84947,39.32126,33.17688,33.29924,35.95443,34.04404,36.18342,32.06352,37.04527,37.41239,36.86212,35.27558,32.66169,33.61464,34.41717,35.22873,32.76837,33.82153,34.68371,39.51986,34.02058,34.1762,33.19077,36.57855,33.77718,32.5293,32.85403,32.09678,33.04142,34.30828,37.87773,35.25263,33.85185,32.87676,35.28851,40.22316,31.91397,1
105,34.14527754,37.12169117,32.81162,33.84649949,35.80749154,32.77510153,34.1084155,31.72429502,34.66065,39.69032,35.20318,32.87017,37.55998,35.21807,32.59085,34.67992,33.03014,33.15739,34.03885,36.81924,38.02903,37.05009,36.20861,26.30331,34.76696,32.57268,34.24246,33.20665,34.14616,33.81601,41.31478,34.92833,32.8045,33.04829,35.97182,30.3988,28.96311,33.6504,32.57913,33.29523,33.95247,38.66976,34.09743,33.55935,33.85345,35.13972,39.93348,31.73043,0
106,34.86277703,36.17738004,33.16940698,34.26859744,35.90915438,33.63734516,34.28072004,31.75353705,32.60162,35.75068,35.96534,33.0733,37.32366,32.15176,32.15094,34.36614,34.98316,34.07004,32.2492,35.64526,36.39073,35.19543,34.55917,32.14429,31.95327,34.36101,34.17451,33.25612,34.09226,32.7301,38.34053,33.53045,33.59599,32.27357,35.63999,32.18425,29.1597,32.86536,31.45516,33.97034,34.31332,36.83816,36.00135,33.74286,33.21647,35.41242,39.38545,32.57188,0
107,34.08492696,35.95747682,33.11154353,33.74800911,36.49465454,32.39084714,34.11748149,32.99736828,33.69256,36.86582,35.27953,31.57568,37.66942,33.6327,33.07549,34.9544,34.58112,35.60459,33.79695,36.29079,36.02401,35.09112,34.172,29.7711,32.12563,32.68979,35.16924,33.44757,32.48611,33.48258,40.38073,32.9544,34.57798,32.78433,36.37707,31.65582,24.53212,33.05527,32.60136,33.19969,33.44965,37.54492,36.43039,32.14179,33.59925,35.17477,40.36135,31.71282,1
108,35.98233577,36.15536628,32.6017929,34.26300401,35.51613664,34.07264467,34.3783065,33.02440569,32.95035,38.74126,35.23094,32.59641,38.38842,34.74623,33.59239,33.33386,33.51531,35.36804,33.35298,35.68218,37.66577,35.238,35.40626,30.52317,34.20726,30.69894,33.88016,32.53276,33.45793,34.75773,40.56722,33.93179,33.09266,32.89393,35.68548,32.00404,31.78149,33.66567,31.20937,33.24517,34.06472,38.48457,35.97319,34.20534,34.03508,36.34232,40.33932,32.65344,0
109,37.38864215,38.52026967,33.46453993,33.93778748,35.9960215,33.40124987,33.40641244,32.53759603,32.648,39.74046,36.01775,32.23264,37.65662,32.49673,32.87026,34.48262,33.7747,36.19816,31.13714,36.91006,38.10864,35.86132,35.56885,32.80515,33.06403,33.17503,35.11848,33.27876,33.34867,33.21708,39.76494,34.50716,33.83209,33.03438,36.28409,31.68939,31.06175,33.45653,32.0326,33.36515,34.90651,38.8748,36.95298,34.13129,33.71803,35.95623,38.76497,32.4382,0
110,34.35689849,37.33051935,32.18835283,34.49195081,36.05704221,33.45462494,33.89230598,31.03594889,33.02109,38.00094,35.56001,32.04936,38.50824,32.46796,34.07018,34.92392,34.39609,34.76112,30.82701,36.52553,37.08422,35.76242,34.54841,31.81089,34.15898,32.58279,32.43784,32.81958,33.70393,32.94639,38.97248,33.32883,32.50789,33.5332,37.24268,32.15846,31.41639,33.04743,31.7264,33.55678,33.53058,37.40544,36.43138,35.14118,32.76001,35.33538,39.54844,31.75438,1
111,36.63861854,36.41801426,32.7636166,33.60494864,35.99141487,33.43174688,33.58378534,34.08871984,31.54485,39.38676,36.51575,33.26531,37.2883,34.09311,31.6835,35.05149,33.74283,36.02013,33.4424,36.76552,37.80389,36.26102,35.40264,29.91545,33.66613,34.07423,35.12485,31.27356,34.11175,32.45564,40.87355,34.73716,33.33755,32.43275,36.70972,32.76743,32.71145,32.98909,31.4166,33.12641,33.00321,38.29034,35.87153,33.46485,33.65682,35.71796,38.66701,31.89459,0
112,35.16985132,36.11611999,33.17028999,33.81523237,36.75239245,32.38504595,33.80604503,31.33352743,32.59569,38.19739,35.29771,32.57151,37.96332,33.36476,32.47216,35.36085,33.13924,34.43781,32.25284,36.46641,37.22764,36.02392,35.89587,28.6386,32.90376,33.05909,35.17019,33.32729,33.42897,32.6733,39.01728,33.94316,33.64564,32.84079,36.8763,31.46406,30.52787,32.88896,32.52812,33.45031,33.56053,36.72839,34.99039,34.15723,33.46323,35.33245,39.57113,31.72456,1
113,33.94726954,36.35329403,32.91571348,34.46564451,36.56669174,33.50229509,33.12821918,29.2976201,32.90735,39.04526,34.35805,31.95143,38.97151,33.26656,32.39893,36.17265,33.90422,34.9541,32.4146,36.85713,37.20795,36.43856,36.38319,27.86971,33.42315,34.61844,35.95849,33.97427,33.67073,33.01357,38.86818,33.81769,34.52381,33.67084,37.60411,30.87069,30.50273,32.78211,33.05536,33.66018,33.30221,37.36785,33.45698,34.82508,33.53278,34.99674,40.2576,32.17025,0
114,36.4838369,38.21215801,32.96094698,33.52003597,35.27419721,33.52941692,34.65687178,33.25933638,33.52873,40.50353,35.58871,33.07254,37.57963,34.53648,32.69228,33.01718,31.91278,36.01376,34.12782,36.95331,39.82873,37.89024,35.26759,33.26771,34.93396,30.52983,33.26385,31.02496,33.21178,35.44294,42.12932,33.94863,34.19026,32.21802,35.48098,34.52297,31.08662,34.15276,31.98942,33.53201,36.48923,38.41083,38.56542,33.56026,32.63767,34.92269,39.33775,31.94041,1
115,35.30015987,35.93655671,32.97054981,33.78953561,36.36023508,32.77011586,34.48817349,28.15877643,32.38855,38.14941,34.71519,32.39556,38.07266,33.63143,32.34418,35.93128,33.01416,34.61655,32.55397,37.39035,36.66619,36.5623,36.32028,29.64538,33.22177,34.32208,35.91524,33.62147,33.39232,32.95211,39.9347,33.55748,33.84761,33.13873,36.45442,30.04388,28.66399,33.23568,32.56691,33.00004,34.38135,37.0732,35.84241,34.9218,33.36483,35.48412,41.32117,31.32521,0
116,36.85978028,37.28699977,32.75767957,33.41648367,35.87389909,32.84745723,33.90016884,32.16259547,32.82651,38.69091,34.88981,33.07659,35.67956,34.00978,34.61517,33.39259,31.13887,38.30488,31.57128,37.46486,37.40788,37.41807,35.38769,28.69887,33.99168,30.72766,33.57458,33.75505,32.90937,32.78614,38.23677,33.55129,34.76162,33.01355,36.44109,30.5172,28.9766,33.46503,33.81127,32.82706,33.63713,37.12986,33.8255,32.79264,33.97402,34.82181,37.00671,32.42861,0
117,35.93327164,37.12828616,32.99594025,34.18611299,36.79845322,33.04256406,33.26287195,31.46877832,32.00299,37.40858,35.71654,32.17205,37.53006,32.06875,32.28111,34.71465,32.40655,34.98004,28.75269,35.94456,36.80075,35.74165,34.5314,34.27379,32.80399,33.36458,33.50228,33.40943,33.85817,32.27699,38.339,33.92175,33.97509,33.46334,37.64543,31.59271,32.57786,33.24008,32.99709,33.62452,33.89665,37.79961,35.84351,34.44467,32.36012,34.37703,38.69839,32.7842,1
118,34.21345965,36.51886007,32.78833559,33.8563309,36.3831444,32.20574551,33.58711181,32.34036101,33.56296,38.91633,34.07155,32.19288,37.47726,34.20465,31.58719,34.83398,33.46973,36.15457,33.2115,37.01965,37.62358,35.91382,35.5268,30.31133,31.99095,32.81943,34.73554,32.82936,32.95064,33.07927,40.08477,33.59857,33.02043,32.04175,36.38799,32.16343,32.26357,33.32243,32.16694,33.51938,34.15315,38.18365,35.74653,34.9011,32.3928,34.90196,39.32653,31.30706,1
119,35.80171553,36.82103308,33.54453913,33.62473925,36.50311474,33.58118204,33.74523891,28.28794256,33.13205,37.69154,35.18471,32.09305,37.37288,34.59463,33.70514,34.66524,33.40558,36.23902,33.28883,36.57942,37.71174,35.78805,36.35797,32.04559,32.85,32.32562,34.45414,32.55555,33.04058,33.40551,39.54095,33.86715,34.05582,31.92434,36.95066,32.3929,28.42757,33.41228,31.63006,34.20298,33.04756,38.06782,35.65926,32.71065,33.95055,35.91219,39.38067,31.6633,0
120,35.90565928,36.42199039,34.05985702,34.01297575,36.29452733,33.17636785,34.24160917,31.13637917,31.49598,39.74976,35.30813,32.02235,38.16432,34.46207,32.98067,34.43447,32.75743,36.19738,32.0399,36.73928,37.95185,36.3577,35.93735,29.53223,32.33275,32.05758,34.86016,33.89865,33.33055,32.65116,38.88366,33.79424,34.6923,33.54185,37.28594,30.02392,31.91863,32.89089,31.93161,33.58572,32.95628,38.45466,36.10391,34.97155,32.60673,34.96437,38.07121,32.4917,1
121,35.77370557,37.6432877,33.00615491,33.82037214,36.24134674,32.67289278,34.18412376,30.62015429,33.31223,39.6316,35.49869,32.27394,37.89326,33.48902,33.44815,35.30848,33.13292,35.95822,31.95952,36.72958,37.83894,35.66904,35.57736,30.73931,33.45183,32.7674,34.47401,32.92747,33.43481,32.7476,39.88423,33.72244,34.10249,32.96841,36.32164,33.17441,29.59332,33.4158,31.93856,33.1972,34.04181,38.59671,36.17276,33.86867,32.91363,35.32464,38.89165,31.5165,1
122,34.84695606,36.31006201,32.35167737,34.0923801,36.72413676,33.08085915,34.12957579,30.4448013,34.20102,39.32821,34.66261,32.39156,38.6275,34.58811,32.81996,35.44179,33.76498,35.57778,33.25365,36.44271,37.93208,36.14594,36.3114,31.40354,35.06916,33.7485,35.12714,33.51605,33.31664,33.62728,40.85133,34.42309,33.89975,32.68642,36.59053,31.42682,29.14846,33.30076,32.08049,32.70356,34.51199,38.82133,35.71626,33.8288,33.56574,35.92776,41.18658,31.66316,0
123,35.44433731,37.36648667,32.36952628,33.83857396,35.37948042,33.61117564,34.10146615,32.1302705,35.14179,40.02109,35.29462,31.93997,38.10011,33.80152,33.152,34.98723,31.88776,37.31285,33.07602,37.18527,38.54357,37.40439,35.84232,28.4351,34.21576,32.65913,34.32813,32.44127,34.12378,32.68969,40.53052,34.47783,33.8765,32.78191,36.03239,33.28383,29.47035,33.71729,32.3778,32.72872,35.0766,40.0326,37.42042,34.27348,32.49516,35.14896,38.63575,32.5051,1
124,36.13185132,37.52215646,32.91010226,33.96427921,35.07102433,32.29040075,34.39484909,31.18945659,34.14693,38.78962,35.50932,32.80729,37.09323,34.98587,32.879,33.94745,31.83688,35.58455,34.21625,36.8506,38.62304,37.23294,34.75156,28.58238,34.11466,31.41288,36.24874,32.58635,33.37689,33.69713,40.7537,34.41565,34.53951,31.97512,35.5678,31.03502,29.57495,33.92214,31.72856,32.84141,34.77767,39.08968,35.79328,34.83143,33.64374,35.44295,40.37407,30.94975,1
125,34.89465215,36.46115431,33.33006762,34.06602093,37.19706588,32.27666349,32.9920502,31.75557366,32.87248,39.09027,34.86983,32.6275,37.6336,33.47073,32.75356,35.32977,33.09317,35.27319,31.75837,36.30643,36.66349,35.93924,35.50848,26.98311,33.21697,33.81281,35.59206,33.67953,33.77589,32.21559,38.7725,34.10548,33.39244,33.52686,37.85229,32.45383,30.19065,32.2143,33.44387,33.68684,33.31212,38.24017,34.69619,34.03698,33.24758,34.61598,38.85681,31.19006,0
126,35.14539909,36.26586473,29.94252434,33.50491551,33.62020702,34.96286492,34.17124945,33.7367727,33.31648,38.11672,36.19236,32.97802,37.65101,32.7628,34.70331,33.41832,34.30949,36.39522,32.52453,37.21285,37.39641,38.57577,35.67955,25.11812,34.56106,33.22282,31.8952,32.26271,33.77443,33.0841,39.39497,34.41833,32.00622,32.70363,34.98491,32.12394,31.98291,34.88724,32.07659,33.75565,35.26981,36.10601,36.43494,33.94682,32.98214,36.20999,39.94639,30.84443,0
127,35.16394346,37.16436812,32.72542586,33.8887342,36.09577942,33.42356035,33.9567168,32.15266078,32.65587,37.18452,34.50115,32.36797,38.35865,32.82454,32.45287,35.88365,33.99632,35.25033,31.81134,37.12324,37.27163,36.24462,34.60124,29.02682,31.82822,34.16407,34.53632,33.24528,33.16767,32.87063,39.60746,32.75566,33.96775,32.61149,36.59868,31.91981,30.15897,33.46722,32.24889,33.20784,34.78053,38.3034,36.40793,36.00277,31.79625,34.98042,40.06734,31.69395,0
128,35.39359656,36.35609398,32.85729893,34.10302758,35.83447536,33.35598867,33.60612521,30.11576386,32.53204,38.71427,35.21268,31.77702,37.64952,33.8037,33.03416,33.72332,32.50824,35.10438,31.01218,36.64877,37.13939,35.9131,35.0251,34.74756,32.90464,32.06756,33.88208,33.26542,33.45802,33.33623,39.33762,34.3514,33.78892,33.0539,36.787,33.10161,32.6678,33.25165,32.03672,33.72033,34.43155,38.79722,36.05558,34.06603,32.64737,35.08841,39.02318,32.13149,1
129,36.25813306,37.73193018,31.46327029,33.51890507,34.76691972,34.27007127,34.60901658,31.70405284,32.90923,39.52381,35.29221,32.74824,38.79035,34.21747,33.04664,33.23632,32.43826,36.74475,31.18311,36.66262,39.65987,37.41981,34.8816,32.00544,34.96441,30.98943,33.49304,31.70623,33.06156,33.29247,41.92932,34.24519,32.33764,32.93885,35.26078,29.99063,28.95648,34.90472,31.293,33.34748,36.19351,38.00517,37.00616,35.22453,33.03847,36.0492,36.49506,33.00361,0
130,36.47043766,37.29494058,32.59074507,34.06247243,35.30944893,33.56043816,34.58758942,32.05016319,33.57198,38.80843,35.01207,32.89656,38.86848,33.44585,32.97324,35.76817,34.93919,36.62095,33.14958,36.76123,37.91103,36.3777,35.35869,32.24876,33.18291,33.89657,33.92484,31.60972,34.13382,32.85484,40.81756,34.39628,34.52728,32.10043,35.52357,31.006,31.48607,34.22024,32.61463,33.09985,35.39391,38.97909,38.35193,33.65036,32.48402,35.56573,39.0698,32.3342,0
131,35.75341596,37.68975092,32.37722066,33.91777844,34.79771483,33.61220415,34.53622886,33.7210478,31.58444,38.53413,34.07259,33.68629,38.62162,34.23024,32.0398,35.14942,33.25689,36.24571,31.40975,36.16298,38.14755,35.69918,35.82583,32.58077,33.94672,34.12342,33.44092,32.50038,33.58751,33.54548,40.01496,34.18696,33.09986,33.11662,36.0275,33.41251,30.97708,34.4611,31.44245,32.81314,36.0122,38.18595,37.50413,34.82605,32.99333,35.0858,38.66058,31.96082,1
132,34.77561115,36.53321938,32.98720256,33.27142348,37.38277711,33.02325325,33.29655392,31.73325655,33.06998,38.7689,34.78148,32.04298,37.05952,31.90182,32.61507,35.71667,32.35836,35.18898,32.0401,36.87173,37.3649,36.80287,35.62663,31.41989,32.97027,33.07715,35.41817,32.59903,32.93561,33.55998,39.37661,32.32269,34.48022,33.32867,36.74495,32.2658,30.21008,33.01587,32.6896,33.18185,33.87355,37.95916,35.60776,33.88669,33.47414,34.64061,39.61275,32.07053,0
133,35.65844325,36.00758178,32.67373175,34.03163417,36.27143672,33.12673855,33.8684938,30.19096126,32.81571,38.3856,35.66176,32.84823,39.26052,33.74558,32.69697,36.62055,34.88216,35.23417,31.01439,36.74251,37.26012,36.14337,35.50388,29.15728,33.22467,35.21864,35.53733,33.3283,33.64637,33.63838,39.45282,33.7866,33.34832,32.92268,36.79048,31.09729,27.86086,33.46743,32.68966,33.44969,33.71716,36.43474,33.80076,33.74211,33.48919,36.15955,40.22837,30.87483,1
134,34.94098277,36.17254759,32.57286343,33.4155342,35.68912156,34.03352911,33.7806164,33.36919255,33.55582,38.41443,35.2444,32.43757,38.91987,35.18857,32.53152,35.06129,34.2151,34.80641,33.36656,37.41713,37.75732,35.99004,35.90658,27.39291,33.62044,33.61013,35.64703,33.60599,32.94606,33.01954,39.66945,34.26415,33.93227,33.85622,36.45352,30.50891,28.45525,33.90977,31.57645,33.19499,34.05683,37.00075,33.77433,35.48092,33.54532,35.40653,40.80715,29.4119,1
135,35.73938526,38.76595714,32.54476916,34.73713485,35.69153717,31.77915233,34.26728165,31.84488648,31.51311,39.44224,35.84155,32.11929,38.65278,31.1882,33.03856,36.39201,32.52442,35.9774,29.39421,38.54465,39.07088,36.79901,35.44865,35.74304,33.46876,34.11148,33.38688,34.32061,34.06351,33.43182,39.98164,32.34344,34.84678,34.03503,38.90838,35.31525,32.9347,33.22314,34.23333,34.02696,35.25299,38.5874,34.0963,35.88396,32.03623,33.55522,38.75436,30.21203,1
136,35.93423822,37.17021649,33.11933869,33.96198756,36.03825407,33.14150817,33.58086221,30.04020231,32.61136,38.92185,35.0256,32.39012,37.87763,33.84516,32.60949,33.42277,32.23592,35.97261,31.76023,36.95557,37.53194,36.0752,35.3705,30.91364,33.51669,31.78843,34.63757,33.07951,33.62405,32.6568,38.69,34.05954,34.10924,33.12564,36.77402,32.15844,33.37263,33.06537,32.45119,33.56349,32.88194,37.87188,35.36712,33.74497,33.19547,35.21609,37.16506,32.26589,1
137,36.07542699,37.49919204,32.51130056,34.35624968,36.0570704,32.8925538,34.68612489,30.84847381,33.28445,39.92804,34.8555,32.0146,38.7551,34.04153,32.80182,36.91835,34.34886,36.12558,32.69349,37.27286,38.82542,37.4065,35.74339,33.04862,33.74861,35.00516,35.44979,33.98935,33.50037,33.86373,40.65691,34.19458,33.88359,33.21226,37.065,34.76631,31.75834,33.44637,32.97148,32.94755,35.73874,38.36105,36.69992,34.38284,33.05363,34.89206,40.34498,32.21194,1
138,35.78238245,38.11564782,33.33904098,33.53487804,36.02968632,32.77407632,34.34587988,32.01699477,33.089,40.22382,34.76321,32.92448,37.57177,31.76968,33.15128,34.50709,31.50188,33.47895,30.53556,37.10511,38.59132,37.22373,34.33762,36.09935,33.19791,31.73025,33.71569,32.89709,33.65675,34.53971,41.12685,34.31653,33.06144,33.39167,36.9981,32.12258,32.03216,33.91448,33.77523,33.31859,35.82371,39.10554,37.32508,35.11894,32.59069,34.39477,39.13877,31.8472,1
139,34.80825576,35.27809677,33.43647007,33.73669063,37.19872314,32.92969412,33.69257683,30.35202941,32.72005,37.52541,35.35282,33.11661,38.3032,33.68881,32.33518,36.63583,34.22619,35.18529,32.2897,36.45004,36.78747,35.70274,35.56503,24.79016,33.06974,35.46087,35.73464,33.37258,33.79225,31.58985,39.52535,33.56061,33.59812,33.43097,36.63263,31.29206,29.60499,32.42465,33.23338,33.59804,32.75397,36.23115,34.97469,33.82559,33.79558,35.48779,40.4874,32.10331,1
140,35.3760842,36.82833571,32.15157927,34.58959441,36.91324703,34.2412321,34.37031412,32.03129138,32.99365,38.08552,36.55032,32.17379,38.05036,35.22091,32.94734,35.52172,33.70267,35.20877,31.92784,37.58369,37.17203,36.79803,36.85349,25.53195,34.54476,34.53718,36.48367,34.34369,33.15428,33.0778,39.38996,33.81562,35.7451,33.07321,36.82525,35.1958,32.06554,33.10362,32.72296,33.92306,33.80645,37.92024,34.49843,33.78216,32.55074,35.26739,40.59055,32.94352,1
141,36.30290219,38.10810463,33.10846535,33.60687243,36.24694168,33.77063252,34.46065189,33.10742088,30.90399,40.21273,36.16148,32.81653,37.91295,32.44092,33.27468,35.95639,33.31608,35.86324,30.2623,36.42739,37.37697,36.55958,34.91042,29.6046,34.40166,33.2457,35.16822,33.67402,33.38621,33.62511,40.21623,34.09613,33.57529,32.72741,36.90906,33.33843,31.39421,34.68291,33.07783,33.15418,35.48481,39.28865,37.19628,33.57369,33.81338,36.029,37.96781,32.23903,0
142,35.67465063,37.19579755,32.64477295,33.96121664,35.96434316,32.03187541,34.19425997,30.09732058,32.48259,37.29195,36.21933,32.01246,36.30102,33.41492,33.57777,34.21614,30.99577,34.87895,30.84939,37.52538,38.12101,37.9786,35.34734,28.35517,32.51376,31.322,33.72388,33.742,33.16136,33.80534,39.678,31.87125,34.19112,33.64364,37.95243,32.22515,30.37841,32.24948,33.04827,33.48286,34.23082,38.65137,35.41404,35.65805,32.7817,34.52622,39.33652,30.72246,1
143,36.77826122,39.01573692,32.00247333,34.25457625,35.90235283,32.15310428,34.08852647,31.23392119,32.71336,39.73096,35.77532,32.25937,37.12478,31.54766,33.81659,34.75177,32.63662,35.68357,22.60832,37.12527,38.23392,37.68565,34.80368,33.69813,33.41573,31.89926,33.25846,34.12051,33.88527,33.88652,40.23399,34.69677,34.05571,33.89106,37.51162,32.92863,30.95017,34.56316,33.26381,33.08047,35.72883,40.062,38.1816,35.21328,33.43814,33.98146,38.56541,32.94954,0
144,34.35483825,36.13328034,32.72091617,32.97733955,37.66287981,32.69979761,33.00385618,31.81762179,33.20327,38.97666,34.52845,31.77342,37.29073,32.29007,32.08048,35.61906,32.33326,34.98847,32.3011,36.67669,37.20502,36.68392,35.61946,30.74292,32.95577,32.76377,35.38328,32.21947,32.63143,33.27263,39.32918,32.09383,34.54009,33.35754,36.84141,32.39929,30.09135,33.12001,32.72778,33.08811,34.00366,37.66251,35.457,33.3599,33.5372,34.2793,39.74739,31.36942,1
145,36.07558622,37.88326681,32.49680104,33.82562706,36.57641025,32.40708232,30.30657975,28.37200193,31.59183,39.91805,35.89922,34.4997,37.25287,32.5362,34.79801,34.2277,30.43766,36.71356,28.70427,37.8949,36.96187,37.37503,35.02862,33.1141,32.42827,33.23185,34.15523,33.69097,33.4987,32.02596,38.43129,33.91201,35.48444,33.91546,37.48099,29.22824,32.39775,33.46775,33.18109,34.38121,35.55054,38.42595,34.95969,33.64502,33.79259,36.27665,37.24301,33.42649,1
146,35.07105215,36.56993344,32.71658648,34.18280199,35.91952769,32.67614938,33.95110893,31.73604363,35.10303,39.76455,34.42215,32.2658,39.0574,34.2641,31.68295,36.52303,34.03533,34.52826,32.6842,37.13387,37.69354,36.53622,36.65725,26.32531,34.57824,34.39438,35.08042,34.03496,33.26544,32.55792,39.71853,34.05801,33.81878,33.88523,37.81229,30.45548,30.84218,32.7749,32.80846,33.27025,33.41359,37.11875,34.48205,34.28293,32.90719,35.15545,39.62055,31.81819,1
147,35.0233253,36.81232674,33.03466381,34.03535238,36.96207317,32.94072226,33.51899913,31.73236725,31.67175,37.3382,36.10292,32.31455,37.12998,32.21942,32.35242,33.73025,31.79874,34.66884,30.81961,36.14179,37.24146,35.81424,34.06743,31.79455,33.03337,32.26479,34.154,32.85908,33.89463,32.00343,38.08178,34.0173,33.84377,32.97068,36.64473,32.16965,28.9013,32.41486,32.80751,33.37112,32.81393,37.89508,36.53612,34.17004,33.03152,34.51541,37.12501,32.78187,1
148,36.14834754,37.08089532,32.99780044,33.00091765,34.48144706,33.1534069,34.56257952,33.2887626,34.01145,39.68119,34.78847,33.19555,37.15047,34.18125,32.61104,33.7388,32.04283,37.34132,33.02381,36.37384,38.9145,36.21947,35.06328,24.97191,33.47436,31.33693,34.20995,33.11217,34.13204,32.42618,40.26191,33.94758,33.98023,33.26579,36.1582,29.31258,31.1985,34.10862,32.58552,33.01669,36.21928,38.28305,37.12621,35.38378,33.43866,34.61443,38.40359,31.67908,1
149,35.76387524,37.88800313,33.96004522,34.35155087,36.24782699,33.6756914,33.92590235,28.89621448,31.7502,36.40873,35.20697,31.52401,35.00093,34.05259,32.30003,31.96464,29.06185,35.71724,30.77719,35.62908,37.28679,36.30682,34.88207,29.33017,32.65448,28.74753,34.01014,33.348,33.90316,34.37274,39.49519,33.53788,34.23232,33.28652,36.37985,29.61315,27.73951,33.35491,34.47188,33.69714,33.48859,37.83624,34.77718,34.88776,33.47421,34.8468,37.43957,33.42758,1
150,36.450848,36.00414516,32.76983243,33.25755713,35.7889874,33.18774128,34.27473798,32.62543529,32.74845,40.24842,35.21843,32.06752,36.58449,33.85234,32.84729,32.64727,30.85576,33.37711,32.21606,37.06331,39.41028,37.11162,35.19843,32.22151,34.14995,30.501,35.69791,33.28117,33.28648,32.91873,38.68688,35.55171,34.80997,33.47643,36.06082,30.80302,31.24314,33.05121,32.57983,32.96196,32.37703,39.82783,37.04759,35.03465,33.96017,35.49047,36.77261,32.42761,1
151,36.84249348,38.20854852,33.29799923,34.2631677,36.04309685,34.09291748,34.96386766,34.35000095,33.46321,37.7219,34.82904,32.26169,38.11065,32.50225,33.35373,34.84521,32.71033,35.12542,28.8109,38.09291,38.34623,37.02225,35.64235,29.20366,33.38876,32.77615,33.57166,32.07378,33.22208,34.49015,39.79477,34.00996,33.93533,33.0913,36.13747,31.13228,31.60897,35.35126,32.13971,33.26041,35.30339,37.26663,35.09066,33.42502,33.04021,35.91755,40.24808,30.37936,1
152,36.17604159,38.83688678,32.93188581,33.86694662,36.40662427,32.48168416,33.98217395,31.47905161,32.90767,41.11038,35.5144,33.28509,36.5278,34.08623,33.76667,33.83008,31.68666,33.54175,32.57966,37.7974,38.46889,37.53952,36.48824,31.61313,34.54492,31.84016,33.94394,33.83778,33.81666,33.91578,40.10703,34.72607,34.13971,33.55637,36.85509,31.58706,30.45505,33.18268,32.92632,33.38305,36.02347,41.75615,35.60074,35.16721,32.10992,35.49509,38.25743,32.57092,0
153,36.29034726,38.02277734,33.1375758,33.22163812,34.93638974,32.7781361,34.54692917,33.2861183,31.92239,39.35923,35.04101,32.51131,38.51488,34.69893,33.28586,33.4653,32.46017,37.4675,30.67336,36.95034,39.12936,38.26389,35.94606,33.69135,33.49857,32.08068,34.84053,34.01584,33.54318,33.36589,40.0918,34.41642,34.68556,33.45945,36.84917,30.006,30.57652,33.98415,32.59456,33.5293,35.14843,39.01142,33.84859,34.88632,33.77151,35.56649,37.04512,32.64742,0
154,36.74279386,37.14957692,33.03339078,34.65195999,37.51786064,33.02478408,31.85504898,30.87751035,32.53567,38.36319,35.35618,30.15967,38.52523,32.11593,34.3119,34.70225,33.03183,35.49321,25.42964,36.46921,37.17245,37.20148,34.72037,35.85428,34.08552,33.23717,34.18102,34.21106,34.15395,33.72756,37.90273,33.49275,34.31271,34.54255,38.6934,30.81026,34.40376,33.75387,34.35968,34.85888,31.64818,37.6327,35.15991,33.04185,33.93046,35.82599,35.78076,33.25149,1
155,36.78615114,38.97637789,32.9659866,34.1825343,36.13613719,32.52432022,33.52208004,31.69676519,33.30025,40.96236,35.03827,31.62177,38.38029,31.92753,32.87951,35.88033,31.43064,33.77525,29.64701,37.6148,38.85857,37.04837,36.33376,33.21859,32.96667,32.82747,34.71821,33.94058,32.88509,34.14074,39.02669,32.88201,35.22764,33.86863,38.25746,31.55987,31.80629,33.31125,33.55349,33.88353,34.2572,40.57686,37.19949,35.875,32.20036,34.11322,38.70021,30.66794,0
156,34.52820129,35.38563677,33.65036423,33.82502875,37.20826269,32.98298534,33.9146673,30.97531814,32.84592,35.59738,35.33908,33.1109,38.17688,32.85074,33.00939,36.7724,35.33424,33.99845,31.63306,35.67835,35.68467,35.10303,35.51138,26.33714,32.42292,34.74774,34.49945,33.38444,34.23417,31.26621,37.86754,33.27345,33.74936,33.42085,36.4032,31.21126,32.07741,31.84761,32.92793,33.90767,31.79752,35.13762,34.66138,33.33985,34.04882,35.52394,39.0633,32.11148,1
157,35.06994121,37.18458197,33.25085216,33.91737962,36.58144824,33.3292746,34.09656616,31.62584442,33.01115,38.66293,35.07401,32.70439,37.65692,33.29502,32.74439,34.70603,32.19416,36.33529,32.37806,36.36138,37.39093,36.76719,35.54387,31.02566,33.18588,33.1835,33.88858,33.06941,33.48296,32.65648,39.65475,34.23953,33.7917,33.44695,36.62402,32.51981,29.87202,33.07514,33.24595,32.932,34.74626,37.76297,35.40135,35.04253,32.99442,35.09746,38.8766,32.08989,0
158,35.53521436,36.21380893,32.0455454,33.74156855,35.97447477,33.54357175,33.9564282,31.67198771,32.44889,38.52938,35.35651,32.41983,38.28107,34.26541,32.17116,35.16179,33.50813,35.861,33.05085,36.2885,37.18571,35.8062,35.43608,28.81243,33.19908,33.55167,34.33142,31.83163,33.36498,32.95741,40.0207,34.28565,34.12747,31.9591,35.43727,32.90716,29.87005,33.18932,31.51756,33.07093,34.07464,37.92876,34.60709,33.98799,33.4191,35.36205,39.75855,30.90626,0
159,32.45364869,35.00127895,32.52778455,34.31917283,37.05275704,33.21599261,33.56624986,31.47537895,34.13017,38.06192,34.43877,33.48997,37.33006,33.62865,32.17752,35.04322,32.53107,35.84578,33.89866,36.82064,37.62557,35.61646,36.05236,24.67455,33.69298,31.81866,35.53996,31.65637,33.19219,33.4851,39.71967,33.01284,32.60964,31.79574,35.27898,30.92626,28.16886,32.94445,32.53884,32.77924,32.78031,37.75184,36.14127,32.70201,32.47974,35.27299,39.94624,31.3271,1
160,36.63415288,36.72391907,33.00164715,32.94455876,34.77380338,33.70913229,34.22486248,37.0109904,31.58656,38.7509,35.15957,33.64399,37.521,33.59523,34.30068,33.54435,33.68067,35.1406,34.20484,36.5238,37.81268,36.11635,33.89961,34.23098,34.35735,31.31485,33.18862,32.52595,33.4204,32.8672,42.01881,33.63283,31.85619,28.71806,32.62036,35.51174,33.17053,34.40947,30.39399,31.17031,38.01495,38.50589,38.29856,33.02982,32.08699,35.30551,41.6956,30.96515,1
161,35.26404434,36.42604011,31.99470197,34.20067712,36.31556547,32.84733637,33.20509977,27.3019918,32.82354,39.06808,35.19835,32.56565,37.16699,34.0452,33.20435,33.47675,33.11344,35.78831,32.26002,35.94043,36.71779,35.93317,35.96699,30.58312,33.89763,31.27372,34.18844,33.09685,33.43809,33.76133,39.09767,33.48693,33.20383,32.17143,36.12823,32.51735,31.61106,33.07861,32.36573,33.25172,33.4044,37.34648,35.62121,32.98159,32.82853,35.3652,39.37347,32.85534,0
162,35.56592806,36.99776904,33.44453189,34.49627473,36.36490322,33.13121156,33.35570146,29.11536703,32.50015,39.34625,35.40969,31.83908,38.39118,32.72194,32.37906,35.29639,33.30274,35.47579,31.69269,37.23214,37.79787,36.95583,36.11514,29.31864,33.50395,33.70818,34.47897,33.51075,33.0237,34.80746,40.74098,33.34108,34.75862,33.51643,37.1176,30.53621,31.092,33.40566,33.21121,32.81194,34.70762,39.22768,35.92909,35.36972,33.38039,34.53701,40.57222,32.2787,1
163,36.22410504,36.2560362,32.98192247,34.35774653,36.56121797,32.98998278,33.48598209,31.75750333,32.83865,40.11745,35.32436,31.67275,38.61251,32.84912,33.08448,35.99292,34.23668,34.28371,31.33867,36.93998,38.29725,37.13106,35.88263,29.47928,34.36939,33.41775,34.7206,32.60522,33.12043,35.69266,39.88952,33.08606,34.57894,32.79605,36.95032,34.31035,31.20474,33.8843,32.44673,33.58067,34.52436,38.97469,35.95555,34.27262,32.94056,34.99853,40.47683,31.52947,0
164,34.59242708,35.49289558,33.58061737,35.28765469,37.8340408,32.92721606,33.94187674,31.45112904,31.49733,37.16359,36.7644,32.82259,37.85943,31.25195,33.33603,35.15677,33.44012,34.06346,29.8567,36.16363,36.1411,35.35606,35.60976,30.92269,33.51204,34.93046,34.09117,33.70773,34.39027,32.39672,37.93694,33.87111,33.91579,33.91813,37.61499,32.03714,30.60007,32.87298,33.7194,34.46663,32.06448,37.14875,34.59289,34.90054,33.64906,35.39645,38.05058,33.03129,0
165,35.06465627,36.31406684,31.41524976,33.30143884,34.61780764,34.32398963,33.67365331,33.08642248,32.44624,38.52562,34.91951,32.87181,38.52064,34.33714,31.02683,35.43816,33.81292,36.83428,35.13587,35.62012,38.64375,35.2008,35.02651,29.73626,32.80087,33.60883,34.17436,32.07414,33.55807,33.04736,39.66354,34.79205,33.66696,31.6762,35.90204,33.03404,29.61807,34.23934,30.8537,32.43318,33.39907,36.988,35.52423,34.89301,33.36062,35.89639,39.39024,31.4547,1
166,35.78884762,38.27307087,33.45471556,33.89005313,35.93747831,34.04725434,34.00160043,26.57295965,32.22015,40.73554,35.20139,32.59819,36.79424,35.8256,32.04377,33.39465,32.24282,35.98797,32.18075,36.27479,38.22021,36.78351,35.6156,29.25735,32.50486,32.57223,34.85097,33.12226,33.68501,34.3388,39.39239,34.99658,34.22484,31.8792,36.54647,29.87957,29.37773,33.1809,33.21443,33.54304,33.86754,39.82475,36.75644,35.67458,32.70412,35.3865,36.35501,32.71924,0
167,35.7851801,36.38071151,33.12604094,34.50897688,36.77593342,32.85747964,34.30396619,26.57295965,32.24977,36.28182,35.35059,32.47304,38.9794,33.39628,32.93901,36.37736,34.17364,35.54696,30.54459,36.40492,35.88066,35.49029,35.37865,31.88843,33.34757,34.44499,35.35016,33.26335,33.56888,32.33624,39.24024,33.70966,34.03866,33.74188,36.7019,31.24523,28.95483,33.64794,32.08977,33.66378,33.34774,37.06388,35.52339,33.77323,33.66058,35.41691,41.03082,32.5293,1
168,34.64788065,36.73651612,32.64360727,34.33880525,36.03126363,32.52294843,33.9444376,31.28198088,31.9418,40.29777,33.96744,33.44687,37.19439,33.68875,32.9292,33.48849,32.86116,35.97294,31.56527,37.18013,37.41285,36.77642,34.98415,30.02102,34.35099,32.28025,35.57715,33.48067,32.91388,33.06978,37.29937,32.16326,34.3962,33.65767,36.36035,30.79714,30.39687,32.98248,32.25236,33.73695,32.44591,37.76298,35.42411,34.33944,33.11623,35.74621,37.68511,33.338,0
169,36.18808857,36.34631623,32.67583033,33.38826874,35.56498488,33.92076518,33.48040505,32.67041018,32.01931,38.98716,36.08635,31.99033,36.77437,34.13628,32.36028,34.55702,33.06347,35.79763,33.75195,36.32157,37.68055,36.07971,34.69279,28.74127,33.23242,32.56412,34.33907,32.40496,34.02893,31.57611,39.82711,34.1437,34.66261,32.30921,35.36049,31.86634,27.44097,33.77628,32.01984,33.40865,31.73952,38.02661,35.227,34.54417,33.81385,35.72302,39.24231,32.18815,0
170,35.73709269,36.90281996,33.14282355,34.08720445,35.47645613,32.76569397,34.22784057,31.48087539,33.74984,39.46912,36.30712,31.68731,37.10062,33.24008,32.97309,33.57449,31.65852,35.25357,32.79308,36.89167,37.95486,36.42849,35.33689,31.65615,34.51618,32.6013,34.84827,31.53562,33.34004,33.55206,39.66196,34.14801,34.46453,32.42968,37.57667,32.74241,31.16132,33.68802,32.62659,32.99812,34.42627,38.85948,35.84413,34.78178,32.52777,34.66026,38.10894,31.28225,1
171,34.63400101,36.73004069,32.87290551,33.85704222,35.86418489,32.93146682,34.00266551,31.44107521,33.46929,37.76997,34.43796,32.82052,38.47459,34.04123,32.75356,35.24021,33.35109,34.16276,32.3996,37.22005,36.79453,37.11077,35.78261,30.90701,34.78002,33.67629,32.96856,32.78918,33.98086,31.77128,37.90493,33.86803,32.90698,33.41274,36.96615,30.48167,31.35021,33.35368,32.801,33.5221,33.54502,37.36648,34.79756,33.60998,31.87314,35.00751,38.71854,31.90567,0
172,36.59887293,38.54984568,32.44177064,34.03366117,36.20943496,32.93145497,34.45267895,32.42566927,32.75962,37.90808,35.54274,32.99955,37.43979,33.02422,32.61416,34.40189,32.31679,35.39727,26.98275,36.56427,37.73997,36.40161,35.08283,32.83083,32.46542,33.01976,33.44218,33.885,33.27459,33.83417,39.3616,33.51794,34.07357,34.26713,35.96517,31.01172,31.98922,34.14496,32.32207,33.59191,36.2489,38.24973,37.35754,34.5018,32.82055,35.40778,39.77946,32.28514,0
173,35.69964052,36.43146821,33.94238588,34.14934208,36.5395243,32.71803867,34.73002004,32.11585095,32.65054,38.67506,35.07922,31.73534,38.36265,33.07225,33.31129,36.42073,33.89462,34.91963,31.26057,37.19255,36.7943,35.89901,36.34276,35.78229,34.50197,33.88943,33.98892,34.06649,33.72058,32.4457,40.55115,33.5573,33.49522,33.38382,36.79856,32.63638,31.82695,32.31389,31.78659,33.60608,33.26634,39.99646,35.70811,34.77624,33.21663,34.87844,39.61859,32.32059,0
174,34.69564573,35.98389162,32.97548931,33.99254508,36.7630485,32.2260695,33.898241,30.77366674,33.52832,39.95838,34.42815,31.89174,37.04234,33.49258,33.56514,35.38983,32.26673,36.20682,32.102,37.77811,36.90924,37.1838,35.04873,30.22521,34.35808,33.40982,35.68995,32.87159,33.56291,33.28008,40.32061,33.84841,34.25966,33.75391,36.72289,33.02109,30.41775,32.83231,33.27873,33.36457,32.46139,39.38016,37.12325,33.82182,32.9574,34.99687,38.11625,31.49184,0
175,35.82848958,37.30770392,32.80929808,33.77233159,35.07321574,32.8677124,33.20830017,33.68370535,33.33574,37.62583,35.67489,31.21303,37.81606,33.90471,32.4914,34.83472,33.33894,36.34133,31.72507,35.64733,38.73875,36.06747,35.36307,23.18001,32.80285,33.36874,33.65986,32.52136,32.86948,33.02358,38.60704,33.56764,34.55719,32.23931,36.52887,30.39015,31.34742,33.43537,31.87428,33.15523,35.20028,37.67237,35.3029,34.73828,32.54517,34.63635,38.35225,30.98642,0
176,35.98523288,37.43696404,32.60376865,34.13394031,35.31861247,33.84387246,33.84055466,31.98200716,31.12858,37.79607,35.72355,32.20131,39.13826,33.62978,32.86834,35.17642,33.60519,35.75912,29.2042,36.02988,37.34151,35.52103,35.42651,34.47504,31.63572,33.84026,31.69294,33.95702,33.8451,33.6478,40.72712,33.58214,32.45672,32.89218,37.99666,35.59485,30.11854,33.45578,32.12573,33.34867,36.50807,35.15898,34.57504,35.39631,32.93248,35.12781,40.48054,31.79913,0
177,37.5860618,37.63500413,33.61970136,32.37332982,35.77171067,32.51996749,31.8545461,34.08848681,34.9369,40.1879,35.48691,31.85427,35.86338,31.25871,31.0122,32.24347,31.63139,37.02994,30.33544,35.94152,38.7108,36.75353,34.1547,32.12763,32.07497,30.9739,34.44101,33.33663,32.98942,33.67914,37.17384,33.1042,33.2721,33.35177,34.65038,29.74331,31.17902,32.33496,34.27276,32.16275,33.97705,38.85295,32.38354,32.04003,32.62658,33.78873,37.41392,31.66344,0
178,36.11119389,37.95375737,33.3168105,34.11884255,36.0080906,33.11520938,33.55130477,31.56708503,32.89828,38.70298,35.74254,32.41718,37.9134,32.66502,32.58415,35.55199,33.43254,35.47039,27.41874,36.59383,38.35448,35.94739,36.21299,29.04315,33.21669,33.81176,34.36421,32.19001,34.30048,32.52513,39.93517,33.80118,33.8846,32.93922,36.77314,31.73398,33.02287,33.26864,32.92305,34.01015,34.85694,37.96021,36.65499,33.34126,32.81059,35.24316,38.72091,32.39461,1
179,35.12081092,35.9572122,33.0467821,33.83379591,37.00893561,32.89515069,33.90312645,29.93069771,31.87461,38.81342,35.37826,32.71217,37.9687,33.57688,34.39589,35.1887,33.74302,33.76634,33.47622,37.66486,36.74006,35.82772,35.95031,29.64267,33.46382,33.27932,35.85095,33.70517,32.81197,33.12102,40.53717,33.51366,34.12416,32.5942,36.08937,32.20856,31.14709,33.53102,31.8716,33.23246,34.24055,37.24924,36.84744,34.98283,34.0481,35.60526,40.53108,32.34561,0
180,34.64892872,38.19684517,32.17004209,33.73976419,35.93781151,33.40452558,34.7988601,31.74165081,31.8558,34.50354,36.39602,33.60303,38.75226,32.10887,33.33304,32.99715,28.89508,33.23928,32.0048,37.45152,37.84644,37.90058,33.04331,33.21729,33.41084,28.59247,34.22902,33.70532,33.43997,34.7671,40.83245,33.6789,35.09726,32.98728,36.87734,34.76607,34.94678,33.56852,32.47268,32.81781,35.9962,38.54211,37.23935,33.82151,33.82576,35.13995,40.81516,30.34566,0
