,ACAD10,ACTB,BANF1,CCDC22,COMMD3,COPS7A,DLGAP4,DRD2,EIF4E,GPR155,GRIN1,GYPE,HOMER1,IL25,IL6,KDM1A,KLHL5,LEMD1,MORF4L2,NASP,PCMT1,RANBP2,RP11-96O20.4,SDR42E1,SUMO1,SUPT16H,TARBP1,TARBP2,TRIM43B,TRMT6,XPC,ZSCAN4,Y
0,33.12309183,40.64298541,34.7449296,30.50864873,33.15070611,34.58834907,34.54982,28.99024,34.5549,31.81161,21.93735,23.05703,32.79421,21.08036,29.74353,32.76888,33.45578,22.39503,33.35936,33.89295,31.44953,34.79011,21.18753,30.26124,34.14365,32.91782,32.66222,29.60417,21.9744,31.68113,32.24472,22.02469,1
1,32.50626171,39.97971113,34.52536232,31.25047306,33.51812466,34.04319882,34.06647,26.46192,33.93919,31.42781,21.93735,23.05703,31.44192,21.08036,24.29608,32.94732,34.0309,22.39503,33.99699,34.47225,33.02746,36.0264,21.18753,29.1273,35.18991,32.71985,33.34884,29.61188,21.9744,31.41186,32.15619,22.02469,1
2,33.88551935,41.25887586,35.12268462,32.11630021,32.56769239,33.99804942,34.42561,30.34221,35.11731,30.47292,21.93735,23.05703,33.29568,21.08036,33.97471,33.25833,31.97097,22.39503,33.15853,34.51891,33.75531,35.67269,21.18753,27.22907,35.36213,33.49322,33.52074,31.90343,21.9744,32.42037,31.86536,31.70408,1
3,32.5983301,40.91122446,34.40118665,31.27621319,32.9825936,32.72337553,34.41176,22.29581,35.16043,30.72903,21.93735,23.05703,32.28063,21.08036,31.49884,33.2961,33.79569,29.70759,33.89704,35.41065,33.50304,36.30067,21.18753,22.83731,35.67769,33.20078,32.98681,30.35424,21.9744,31.30946,31.63561,22.02469,0
4,34.02280077,40.98727953,33.32573524,31.97936637,34.89440532,34.01009061,34.29088,22.29581,34.90904,31.16114,21.93735,23.05703,33.59633,21.08036,33.92214,33.73732,33.87798,22.39503,33.47968,35.25943,33.18274,36.57757,21.18753,22.83731,33.54845,33.81102,33.86418,31.60946,21.9744,31.64113,33.12717,22.02469,1
5,33.22244668,40.76529147,33.59983422,31.59164307,32.79057987,34.0152746,34.1066,22.29581,32.74499,31.45061,28.85947,25.98924,31.44958,21.08036,32.79016,33.03782,34.31261,22.39503,32.81364,34.58452,30.45065,36.13573,21.18753,28.00933,34.8629,32.9048,34.03402,30.8858,21.9744,29.79463,32.82615,22.02469,1
6,33.23279198,40.19679864,34.70652769,31.49449035,33.3281902,33.7161968,34.72926,22.29581,33.98668,30.63258,27.95472,23.05703,32.3311,21.08036,28.13497,32.27231,32.43182,28.32776,33.89543,34.44679,32.22242,35.80718,21.18753,28.71948,35.64303,33.56096,33.32701,30.11795,21.9744,31.65092,32.68775,24.71314,0
7,33.85023756,39.38759147,33.05797999,30.32429144,33.53289354,33.35994277,34.4891,26.7393,33.30963,32.32646,21.93735,23.05703,31.14967,21.08036,31.54105,32.48116,33.70661,31.19652,33.23287,35.0512,32.89617,35.60974,21.18753,28.66461,34.84374,32.70359,34.27024,28.77583,21.9744,31.89288,31.77631,22.02469,0
8,32.74409708,39.96091765,34.77660234,31.750313,32.60782006,32.3384227,34.97769,22.29581,34.31322,30.96128,21.93735,23.05703,30.98067,21.08036,29.57764,32.89073,33.55348,22.39503,33.05927,34.53623,32.786,35.47379,21.18753,30.27941,35.58179,32.77979,32.57516,28.54038,21.9744,30.29139,32.0425,24.11719,1
9,34.04495105,41.15721654,35.32104997,32.51050332,33.463428,34.13146566,35.59529,28.06812,32.82779,30.78244,21.93735,36.31296,31.69932,21.08036,29.86637,32.17514,32.79899,22.39503,33.59991,33.31949,31.9907,35.05963,21.18753,27.28295,33.99672,33.01321,32.79393,33.65472,21.9744,32.15498,32.74438,22.02469,1
10,32.94378569,41.37679477,35.08717968,31.34488147,33.29644673,34.25801976,34.92481,30.63182,34.38393,30.99341,21.93735,23.05703,31.31061,21.08036,30.78458,33.00628,33.13178,22.39503,33.98279,34.42664,32.90148,35.4477,21.18753,29.34315,35.10556,32.94085,33.24917,30.03707,21.9744,31.95922,32.89884,22.02469,0
11,33.25778915,40.57151741,34.07275804,31.01577932,33.95036676,32.17197581,34.28751,22.29581,35.32077,33.43832,33.00264,31.10212,29.29101,21.08036,30.33543,32.85554,33.17803,22.39503,32.6151,34.74276,32.79776,35.78899,21.18753,27.30181,34.23835,33.22711,34.44203,31.36318,21.9744,30.83976,32.39582,26.03383,0
12,33.02969374,39.23928845,33.06533863,31.48811545,33.22982573,34.40953898,34.50393,22.29581,32.53927,32.97207,26.72968,23.05703,33.05508,21.08036,24.29608,32.84918,33.9762,22.39503,32.52372,34.18575,30.97341,35.26778,21.18753,28.26074,34.78492,32.81209,33.47364,32.02799,21.9744,31.40684,32.33806,22.02469,0
13,33.38328687,40.24125135,32.17579416,32.5096624,31.0148314,34.04116601,35.11937,22.29581,32.34039,30.37875,21.93735,23.05703,29.64486,21.08036,24.29608,32.12041,33.83978,22.39503,34.17736,35.0982,30.74535,35.35638,21.18753,30.04147,31.46376,32.1719,33.64162,31.05249,21.9744,30.615,32.64931,26.7376,0
14,33.50678241,40.36683203,34.74542045,32.44980286,32.28778503,34.33352916,35.28042,22.29581,33.37612,31.33487,21.93735,23.05703,29.42445,21.08036,30.36969,32.00151,32.61374,30.69432,34.01048,34.75867,30.85651,35.28604,21.18753,28.46638,33.30706,32.39067,33.0492,32.87979,21.9744,31.50286,33.06521,22.02469,0
15,33.17353309,39.74889482,33.3701484,30.78878369,30.7055058,33.54419449,35.69948,27.68544,33.41421,29.97411,21.93735,23.05703,33.02526,21.08036,32.50609,32.51631,34.51924,22.39503,33.99061,35.87656,32.43069,36.70212,21.18753,27.30657,33.45887,32.80878,33.31094,31.40995,21.9744,31.47502,32.1451,22.02469,0
16,33.21572479,41.47560031,35.31802191,32.29507989,32.94009944,33.65925477,35.32885,26.96027,33.90194,30.2378,27.28807,23.05703,30.60363,21.08036,33.27356,33.14825,33.66095,22.39503,33.23177,34.03963,33.08878,35.5375,21.18753,31.98039,34.09759,33.06661,33.52538,32.33566,21.9744,32.10375,31.96266,22.02469,0
17,33.89103812,40.87131202,34.56929722,31.09472788,32.97072128,34.55325313,35.00336,29.1915,33.02118,31.94156,21.93735,23.05703,28.88644,26.38859,31.68836,33.40729,33.11678,22.39503,33.67687,34.31414,32.9797,35.83611,21.18753,27.8854,33.55399,32.59492,32.75978,32.4819,21.9744,29.87291,33.16377,22.02469,0
18,32.32055071,39.78887033,34.72633651,31.20968547,32.918611,32.62186631,34.30324,22.29581,33.88608,31.29751,21.93735,27.98703,32.07329,21.08036,32.10011,32.65079,33.33659,22.39503,33.16607,35.54045,32.00942,35.50638,21.18753,29.16964,34.00955,33.18892,33.92476,30.67809,21.9744,31.21116,33.04864,29.50799,1
19,32.96989781,41.58307838,34.75709891,31.4498155,33.46452548,34.10907235,34.48021,22.29581,34.57005,32.10766,25.40883,23.05703,31.11046,24.45795,32.08382,33.15068,34.41428,22.39503,32.96021,34.80635,33.06019,36.22642,21.18753,27.91385,34.8553,33.11896,33.48778,32.11682,25.73973,32.42964,32.37011,22.02469,0
20,32.71229466,41.87541864,36.18167303,30.84848646,32.99188987,34.46579841,35.93788,32.9604,34.36548,30.55836,24.3128,23.05703,32.76789,21.08036,31.33716,33.54509,33.09703,22.39503,34.89568,34.70893,31.54419,36.02031,21.18753,27.43927,34.74282,34.00678,31.89948,30.61511,21.9744,32.87965,33.26847,22.02469,1
21,33.14039588,40.15072278,33.91776165,31.44342014,32.42171827,33.19999923,33.02829,22.29581,34.33835,30.72141,21.93735,23.05703,26.19812,21.08036,33.04247,32.20387,33.40939,30.56238,32.72705,34.54215,32.86254,36.08916,21.18753,22.83731,34.78995,33.32809,35.64292,31.03013,21.9744,30.83297,33.03191,22.02469,1
22,32.97320885,40.25300534,34.89740295,31.38768757,32.26490922,34.15925615,35.2125,22.29581,33.23681,30.202,21.93735,23.05703,29.59075,21.08036,28.26596,32.78254,32.51007,29.06278,33.7147,33.6731,31.60242,35.29879,21.18753,28.59622,33.97902,32.16555,33.1226,30.85818,21.9744,31.72587,33.78154,22.02469,1
23,33.12691922,41.37712195,34.46527853,31.12033812,33.28296944,33.25500394,34.76494,25.48533,34.73438,30.47195,21.93735,23.05703,32.37342,21.08036,34.54201,32.76806,33.72166,32.9107,34.784,34.95497,32.41071,36.20649,21.18753,28.59348,34.64783,32.83382,33.14585,30.80615,21.9744,31.66483,32.37789,22.02469,0
24,33.79223511,40.40034215,33.13659114,28.19855855,34.60438835,32.40764987,33.04221,22.29581,35.4752,32.68205,21.93735,23.05703,31.94739,21.08036,32.50834,34.61322,33.51857,22.39503,32.63178,34.97251,32.08603,36.9221,21.18753,32.90608,35.44869,33.99083,33.7206,31.3563,21.9744,31.15447,33.58037,22.02469,1
25,35.53250414,40.59133637,35.78865762,32.20804756,32.41359003,33.99342807,33.91073,22.29581,35.18776,30.21129,21.93735,23.05703,32.84219,21.08036,33.20111,31.97982,33.17548,22.39503,33.27685,33.28615,32.83268,35.53655,21.18753,29.85684,34.68724,32.1386,33.25618,32.83283,21.9744,31.58409,31.6211,22.02469,0
26,33.53752308,39.89445406,34.72493617,30.61513552,32.10396749,35.08518815,33.91698,30.17291,33.63698,31.97621,21.93735,31.95221,31.74954,21.08036,26.45394,32.97988,33.23131,22.39503,33.22311,33.642,32.44611,36.20029,21.18753,30.88728,35.13802,32.14113,33.73525,31.92808,21.9744,32.20965,33.22431,22.02469,1
27,34.00658214,40.96383052,34.78656176,31.48900385,31.29241214,33.82973164,35.2081,28.42246,35.048,30.05636,21.93735,23.05703,32.55696,29.70723,31.91482,32.49783,34.59564,22.39503,33.63158,35.7095,32.52135,36.17944,21.18753,26.98005,34.55042,33.18914,34.40395,30.2694,21.9744,31.01555,33.5284,22.02469,0
28,32.90409273,40.44453924,33.72359516,30.35252118,34.05318468,33.94091108,34.84261,22.29581,34.34092,31.87882,21.93735,23.05703,29.10746,21.08036,24.29608,33.05845,33.75328,22.39503,33.14537,35.19749,33.52024,36.88686,21.18753,31.29958,33.30611,32.82957,34.18246,30.8583,21.9744,33.0173,32.59051,22.02469,0
29,32.69784262,41.06386435,33.44440928,29.99755135,30.6561186,32.81195785,34.72172,22.29581,34.66897,31.31089,21.93735,23.05703,27.7373,21.08036,30.78242,32.64719,34.12966,22.39503,34.16091,34.57559,33.37125,37.35413,21.18753,29.59882,32.99788,32.46818,33.70925,30.82558,21.9744,30.91502,32.67732,22.02469,0
30,32.53541911,40.79178218,34.96587347,31.3240527,34.35708687,32.59145855,34.60345,25.87843,35.28948,32.15359,28.51343,23.05703,31.86434,21.08036,30.50102,33.06434,33.71337,22.39503,33.1948,34.13959,33.08179,36.39657,21.18753,29.4833,35.51258,33.1822,33.19047,30.17264,21.9744,31.75339,32.64322,22.02469,0
31,33.93345949,41.09304076,35.15480747,30.72163328,34.02636392,32.98869386,35.09823,29.92748,34.40775,30.55069,21.93735,23.05703,33.33268,21.08036,33.31571,33.90678,33.47937,22.39503,33.49325,34.46503,33.14376,35.3606,21.18753,30.07282,36.02492,33.70219,32.21505,29.79486,37.41532,32.14262,32.65392,22.02469,1
32,33.47435856,40.5276332,35.3764075,31.99233959,32.4620359,33.79489081,34.71507,27.76719,34.14593,31.18941,26.91176,27.87714,31.47972,21.08036,30.40736,32.23285,32.87151,30.54804,33.44789,33.62405,32.65099,35.58127,21.18753,29.86907,34.42149,32.5633,33.71293,32.82905,21.9744,31.54579,32.78068,22.02469,0
33,33.33964261,39.92043702,35.0369524,32.06496182,33.81821856,33.84824393,34.58544,22.29581,34.59976,31.71198,21.93735,26.01798,31.55706,21.08036,30.94604,32.5841,33.14628,32.99591,33.0538,34.26601,32.29482,36.02609,31.03984,32.5588,35.07519,32.78163,32.86599,31.02366,21.9744,31.61017,33.28348,22.02469,0
34,32.8045779,40.74122644,34.71571273,30.23147895,35.54161881,33.70836095,34.10552,22.29581,35.77014,30.54657,21.93735,23.05703,33.52339,21.08036,32.2074,33.79166,34.75519,22.39503,33.7724,34.37969,33.60598,36.49237,21.18753,30.81009,35.50985,33.11535,32.2427,31.2696,21.9744,33.19538,32.32457,22.02469,0
35,32.87627258,41.11152092,35.44037227,31.40566182,33.86787327,34.03158947,34.53572,22.29581,34.90156,31.31024,21.93735,23.05703,32.5427,21.08036,34.48801,33.0088,33.39724,22.39503,33.26987,34.78791,32.96117,35.65932,21.18753,24.77049,34.87139,32.561,32.79968,31.24077,21.9744,31.77114,32.29356,22.02469,1
36,32.72198504,41.13715144,33.80341532,31.0489087,33.19122642,32.67886437,35.15473,22.29581,33.68295,30.34617,21.93735,33.15678,32.84567,21.08036,33.346,33.44829,33.40447,22.39503,34.50828,34.59154,32.13928,35.73341,21.18753,29.20183,34.93126,32.35788,33.08144,31.11708,21.9744,31.79474,31.79425,22.02469,1
37,32.7995386,39.40312292,34.23526186,31.3164433,33.13414655,32.80970574,34.7555,22.29581,33.35582,33.33604,21.93735,23.05703,30.90386,21.08036,32.13692,33.16563,33.66141,22.39503,33.68116,35.04876,32.09992,36.36859,21.18753,22.83731,35.13802,33.28497,34.20126,29.40933,21.9744,32.34053,33.16957,22.02469,1
38,34.39796983,40.09072669,35.21432656,30.01952231,34.30586922,33.89380084,34.2073,22.29581,34.95021,31.0243,21.93735,23.05703,31.94776,21.08036,33.31508,32.87425,33.62374,22.39503,33.97082,34.43421,32.24965,35.62594,21.18753,22.83731,34.78707,32.46727,33.71585,30.51177,21.9744,32.65601,31.40295,22.02469,1
39,32.9495389,38.95866282,32.82150962,31.34016105,32.85543824,34.17648621,34.76277,27.57697,33.48586,29.93741,21.93735,23.05703,30.45551,21.08036,29.45396,32.91033,33.43224,22.39503,33.86418,35.09823,32.30108,35.16601,21.18753,30.71366,34.11272,32.90955,33.63152,31.46237,21.9744,31.02604,32.82093,22.02469,1
40,35.2026805,41.13173755,34.82907503,31.51842691,33.64563876,33.7548019,35.10735,22.29581,34.48354,30.18307,21.93735,23.05703,29.18094,21.08036,24.29608,33.17671,33.05328,22.39503,32.86016,33.61049,33.06838,36.49267,21.18753,22.83731,35.00438,31.75717,33.87856,33.8256,21.9744,33.54193,32.37699,22.02469,0
41,32.94177177,40.8532334,34.47465605,31.10418657,33.9979919,33.54767514,35.07287,22.29581,34.38314,31.01211,21.93735,23.05703,31.41405,21.08036,31.81679,32.96448,34.03188,22.39503,33.09402,34.79476,33.61204,35.80957,21.18753,29.01556,35.37413,33.12731,33.75878,32.26803,21.9744,32.30747,32.11874,22.02469,0
42,33.32909421,40.2156097,35.17349693,31.95660333,34.24800524,34.448387,34.46904,27.19374,34.35498,30.08542,21.93735,23.05703,32.92798,21.08036,34.89661,32.0619,33.01033,22.39503,33.84123,34.70041,33.18323,35.75385,21.18753,26.32985,33.78969,32.50956,32.54489,30.66142,21.9744,32.03592,32.52008,22.02469,1
43,32.51224857,41.04557638,34.37842264,31.80096136,33.11571332,33.22415189,35.2251,22.29581,33.14506,32.17202,21.93735,23.05703,31.40115,21.08036,32.11174,32.75364,33.44356,22.39503,32.86406,34.44633,32.68564,35.60994,21.18753,31.33355,32.3065,32.38367,33.43117,29.81825,21.9744,32.26709,32.19455,22.02469,1
44,32.92171029,39.74417399,34.08890071,31.10740099,32.7835857,33.54250621,34.46381,22.29581,33.90917,30.88345,21.93735,23.05703,31.03425,21.08036,30.75427,32.73824,33.81556,22.39503,33.66848,34.57659,31.95763,36.60774,21.18753,27.16089,34.61671,33.0267,34.41184,30.03984,21.9744,31.74102,33.50879,25.55244,0
45,33.50762474,40.96219247,34.70113745,31.97139788,32.92422325,34.42283615,35.46868,29.16443,34.38645,30.70152,26.02346,18.99387,31.15245,20.87258,30.52482,32.77597,33.50399,28.01727,33.29582,35.04325,32.47601,35.74222,20.77248,30.42147,34.35302,32.9394,33.5975,32.39667,26.50605,31.47736,32.20282,22.9848,0
46,33.1067054,41.20958366,34.90809653,32.33873246,32.84943285,34.35182537,34.8362,25.51003,33.57219,32.25715,21.02797,28.12308,29.67517,20.96655,27.97473,32.08568,33.69721,21.37538,32.91283,34.49433,32.98646,35.50278,26.5091,27.99266,34.48406,32.55214,34.18107,31.68987,23.12584,30.95065,32.4426,25.43074,0
47,32.84175725,41.78331299,34.46468167,31.26163804,33.37374341,33.80481286,35.43895,26.87566,34.91443,32.21458,23.30821,26.8563,32.60961,20.96655,36.06162,33.10372,33.57476,21.37538,34.23929,34.88561,32.98875,36.82171,21.03524,29.31521,34.69771,33.68395,32.95519,30.21971,27.17384,31.88484,32.75618,27.14576,1
48,33.61564991,40.44135012,34.78063095,31.65197984,33.50346958,33.54030513,34.07716,23.83192,34.43414,31.00101,21.02797,21.21382,30.08221,20.96655,28.14811,33.42212,33.3672,21.37538,33.58177,34.22003,33.12874,35.77071,21.03524,25.60503,34.73884,33.30418,33.65906,30.5802,20.68433,31.43832,32.76253,21.16338,1
49,33.78766095,42.25183828,34.66629208,32.00392526,32.98538617,34.4549449,34.02773,24.61919,34.81567,31.52159,26.29987,27.89299,32.27679,20.96655,33.72567,33.19634,33.5921,26.52081,33.83186,34.79285,32.63844,36.15143,21.03524,28.76824,34.7694,33.4607,33.5397,31.56946,23.68631,32.22978,32.34892,21.16338,0
50,33.99028472,40.60774299,33.41098258,32.02473988,31.71791186,33.70433884,35.09415,19.17202,33.98032,30.84567,28.82702,25.64862,31.47717,20.87258,29.87476,32.05913,33.11621,19.07305,33.3938,34.16978,32.0255,34.84386,20.77248,26.0327,32.3377,32.42232,33.41631,33.77667,21.11484,30.99656,32.66202,19.64094,1
51,34.10589786,42.04609921,36.2383334,32.88098621,33.23681257,34.14462181,36.25602,21.13571,34.69762,29.87067,26.94461,21.21382,30.82054,20.96655,30.52786,34.09823,33.22555,24.88984,33.91142,35.74053,33.23688,35.50986,21.03524,26.74041,33.78234,33.63134,34.21894,32.10731,20.68433,33.49947,33.21668,21.16338,1
52,34.00143154,40.1134938,34.07086839,29.12546289,33.27352733,32.95551147,34.44617,21.13571,34.52115,33.03889,21.02797,21.21382,30.99035,20.96655,32.07428,33.10566,34.13689,21.37538,33.08364,34.55589,31.49827,36.2095,21.03524,29.36242,35.57067,32.57097,34.05552,30.82139,20.68433,32.06899,34.09446,21.16338,1
53,32.75009855,40.813705,35.17349001,30.61755921,34.8236942,33.4119737,34.96374,21.13571,35.92021,32.05335,21.02797,21.21382,33.24414,20.96655,32.32241,33.60655,34.91932,21.37538,34.11032,33.15279,33.36687,36.14278,21.03524,31.94461,35.31025,31.95719,33.65865,31.27036,23.7673,32.3789,31.29987,21.16338,0
54,33.02171023,40.63594949,34.86550427,31.75479572,33.3289947,34.46981242,34.46925,25.91081,33.82149,31.62663,25.60562,21.21382,31.34185,20.96655,31.15824,32.74368,33.01803,21.37538,33.16002,34.10977,32.41938,35.94359,21.03524,29.91341,33.9089,32.60381,33.44371,31.60903,23.27461,31.17246,32.24891,21.16338,1
55,33.19869473,40.51834789,35.85075917,32.79820506,33.28419341,32.71081703,34.3405,21.13571,34.95318,31.70477,21.02797,21.21382,33.02058,20.96655,34.02529,33.43342,33.68288,32.22112,33.97677,35.44805,34.14403,36.19535,21.03524,31.01511,35.36173,33.28713,33.13416,25.22549,20.68433,30.94541,31.08426,21.16338,1
56,32.77217486,41.32613062,34.85697118,31.82225349,33.12332748,33.84095339,34.61829,21.13571,33.69725,30.00966,23.2314,21.21382,32.35317,25.96889,31.56961,32.25847,32.67148,21.37538,32.96764,34.0627,31.1413,35.39916,21.03524,28.70898,34.1374,32.8326,33.48855,31.90009,24.14205,31.82445,32.64953,26.81366,1
57,33.80781716,40.78612536,33.74681091,31.49922266,33.38369612,33.8702574,34.77776,21.13571,34.57977,31.72001,28.46336,26.13739,31.14897,20.96655,29.33757,32.57386,33.47405,24.5577,33.38414,35.2301,32.48353,36.32658,21.03524,29.99844,34.25651,32.88513,33.63925,31.4523,20.68433,31.99081,32.66802,24.57221,1
58,34.12109118,39.68667819,34.01796966,28.83886727,33.65085545,32.45855487,33.8497,19.17202,35.02248,30.66533,20.14651,18.99387,33.75788,20.87258,32.99078,32.80878,33.72477,19.07305,31.30647,32.89607,31.89676,35.64609,20.77248,27.95618,33.77538,32.04733,33.68223,31.57882,21.11484,31.46602,33.50759,19.64094,1
59,33.86745323,41.61394278,34.56325592,31.44936141,31.7700674,34.50082604,35.4098,19.17202,32.83638,30.07407,20.14651,27.44287,28.64402,20.87258,32.25103,31.82094,32.30717,19.07305,33.80498,34.85043,32.10382,35.28534,20.77248,28.10299,33.56961,32.72442,33.53229,31.89994,21.11484,32.50846,33.41325,19.64094,1
60,33.14843352,40.04867671,34.26852777,30.76443193,32.81324407,33.83418763,34.46758,26.85754,34.28192,31.0097,25.14305,21.21382,31.43329,20.96655,29.86122,32.87538,33.30163,25.40239,33.32355,34.77039,32.21935,36.29739,21.03524,29.1652,34.65465,33.05145,32.69409,31.02668,27.55122,31.34286,32.3015,24.53065,0
61,31.3750111,40.5686121,35.00899423,31.63917995,32.78211646,33.21841088,34.81317,21.13571,33.45247,30.68899,23.66211,25.43262,31.10975,20.96655,34.57514,32.35672,33.19994,21.37538,33.11024,34.31672,32.43576,35.63788,21.03524,30.87834,34.48912,32.88494,33.95882,32.28405,27.54408,31.37255,32.85047,21.16338,1
62,34.36493357,40.73361513,33.72515878,30.55136221,32.52998766,34.24860435,33.61503,24.12726,34.24761,30.77834,21.02797,21.21382,29.19072,20.96655,25.81958,32.1779,33.5992,25.9688,33.70344,35.55298,32.6808,35.892,21.03524,20.40858,34.85734,33.20768,34.44757,30.70073,20.68433,32.24532,33.44234,21.16338,0
63,33.3766262,41.36313278,34.24809162,31.41893468,32.16689778,32.49287257,35.12126,21.13571,34.47405,32.66266,21.02797,29.88937,29.62682,20.96655,33.73139,32.18111,33.93057,21.37538,33.91331,34.88312,33.13084,35.27687,21.03524,28.00353,34.99316,32.98422,31.77973,30.90188,20.68433,32.55016,32.35999,21.16338,1
64,32.42264702,40.15545747,34.0192223,31.45686525,33.03946096,33.63364962,34.9952,27.09328,33.85918,31.70611,26.08335,26.93094,30.76052,20.96655,28.73603,32.88997,33.1031,27.72655,32.79134,34.58015,31.65081,35.84193,21.03524,30.57802,34.38434,33.02402,34.11175,31.64823,24.99559,31.10415,32.14494,21.16338,1
65,33.63816563,40.046007,33.69412032,31.03742879,33.55107961,33.47000039,34.81085,28.49344,34.14483,32.63871,27.94899,24.45134,29.93374,20.96655,27.01261,32.90598,33.54685,26.30902,33.22208,34.54371,32.42587,35.85156,21.03524,28.60206,34.59675,33.21745,32.84372,30.76352,23.98354,31.20952,32.41565,23.58895,0
66,33.89104266,39.93539587,33.6582808,32.19021927,33.19779051,33.95305167,35.39083,21.13571,32.70348,31.05675,21.02797,21.21382,27.33772,20.96655,26.56634,32.11347,33.16206,21.37538,33.17723,34.74296,32.57201,36.54812,21.03524,20.40858,33.07621,32.12262,33.62772,31.58226,23.3321,30.4325,33.05463,21.16338,1
67,34.02164849,40.56185793,33.41152752,30.07840131,32.46076115,33.76304284,34.70293,25.91902,35.21365,31.88741,20.14651,23.84181,29.44087,20.87258,30.65827,32.94143,34.13957,25.63752,33.1413,35.56517,32.87354,36.58203,20.77248,30.18461,36.82423,33.37858,32.77533,30.70137,25.43011,31.78816,33.63564,24.99302,1
68,33.50997054,40.03337916,34.47933105,32.01706801,33.33320544,33.68429324,35.33281,21.13571,34.10596,31.96011,25.54931,21.21382,31.8968,20.96655,28.71551,33.25287,33.27748,21.37538,33.09457,34.11246,31.83077,36.31204,21.03524,29.80811,34.32275,33.17178,34.23816,31.72817,20.68433,32.11436,32.3123,21.16338,1
69,32.60066546,41.93775908,36.50283192,32.44020926,32.44655514,34.1977741,34.98509,21.13571,33.96524,30.59392,25.53145,21.21382,29.27878,20.96655,33.77719,32.34447,32.47263,21.37538,33.58745,34.59406,34.27079,35.51326,21.03524,27.87981,34.26884,33.17996,34.17191,32.68806,26.25,29.83118,32.53129,21.16338,1
70,34.82043867,40.30072218,33.63152971,31.00443117,33.50308767,32.88862868,34.01533,22.51759,36.11673,30.58517,30.00494,18.99387,32.24353,20.87258,30.29053,33.80809,33.99171,29.50093,33.86722,34.56519,31.57129,37.32469,20.77248,30.64005,35.32028,33.04747,35.52523,30.02791,21.11484,32.30086,32.58082,25.12142,1
71,33.68341406,40.32249702,33.50436856,31.0453779,32.9289294,32.83115585,34.20441,26.2328,34.32025,32.24631,24.5671,22.70822,32.94972,20.87258,28.02116,33.23903,33.39588,24.09071,33.7357,34.73835,32.51382,36.80621,25.49331,27.05548,34.79344,33.92708,34.51395,31.57451,21.11484,32.32756,32.76533,22.76643,0
72,33.41975207,41.34697698,35.86454298,32.84698409,32.34277123,35.04648941,35.02656,21.13571,32.13903,28.99773,24.04252,29.47975,29.82734,20.96655,27.95268,32.31264,32.65617,21.37538,33.96415,34.28726,33.90342,34.01496,21.03524,27.55084,32.32382,32.74463,34.2202,31.87203,24.52332,30.05754,32.79881,21.16338,1
73,33.97551508,41.61825651,35.17416874,32.22306707,33.44406324,34.02267917,34.88514,21.13571,35.98841,32.64007,21.02797,21.21382,33.27759,20.96655,32.44702,33.60233,34.42869,21.37538,34.51458,35.40898,33.01431,37.55973,21.03524,31.202,34.16366,33.68426,32.4379,25.58523,20.68433,32.14435,33.86269,29.46134,1
74,33.06471228,40.8994238,33.89242611,31.3591819,33.63447351,33.6364522,35.66098,23.36921,35.01569,31.82421,24.06888,23.40939,31.71221,20.96655,33.51901,32.4681,33.61464,21.37538,33.66661,34.13316,32.60321,36.45704,21.03524,30.63064,35.04645,32.69879,34.9935,31.87918,23.70731,32.38749,32.84108,21.16338,0
75,33.35237539,41.46876786,35.93346658,32.16430032,33.44650093,35.32901794,35.35898,23.21898,33.53365,31.12093,20.14651,27.02593,33.25278,20.87258,36.91295,33.11354,33.4516,19.07305,33.4749,35.65752,32.21133,35.62222,25.33436,28.08496,34.56644,33.10375,33.69261,31.15583,21.11484,32.47826,33.02507,24.52052,1
76,32.86337462,41.30765066,33.82443057,30.96389168,31.62623139,33.13015281,34.71827,24.45949,33.8798,30.84969,25.34321,25.85674,31.86624,20.87258,32.43001,32.46003,33.35837,24.47242,33.28091,34.55287,32.14569,35.80826,20.77248,28.64912,33.66815,32.64423,33.17802,30.25043,21.11484,30.81186,32.50078,25.38184,1
77,33.97640951,40.68717721,35.78739309,33.42099364,33.43203063,34.18388056,33.23523,21.13571,33.61502,31.48214,21.02797,21.21382,31.88109,20.96655,33.98038,32.48019,33.78751,21.37538,34.06968,35.21564,33.2947,35.81864,21.03524,29.13376,34.72029,32.79234,34.15448,30.71226,23.54526,31.11542,33.10792,21.16338,1
78,33.06003416,39.62812286,33.58512395,31.43473512,33.41987396,33.61113974,34.82022,25.34626,33.14495,30.91838,21.02797,25.7494,30.3888,20.96655,27.88446,32.65746,33.18074,26.48369,32.74629,34.36534,31.85069,35.45464,21.03524,29.68416,33.74316,32.39766,33.41899,30.81451,20.68433,31.38613,32.69467,22.92772,0
79,32.32281942,42.67401075,36.69423845,32.88248099,34.70068035,34.77236151,36.33451,19.17202,34.95777,31.57902,26.90146,25.43515,33.18061,26.04127,35.17341,34.15371,33.55782,23.59272,34.82555,35.87779,33.33499,36.17689,20.77248,20.29074,33.94813,34.67445,34.1063,31.93294,28.56204,32.39737,32.14871,19.64094,0
80,33.33205503,39.85686735,34.21198872,30.64033387,32.92808141,33.41575374,34.57155,26.23862,33.58365,32.00533,20.14651,27.58013,30.66073,20.87258,31.99734,33.10978,35.00579,25.38289,32.76434,35.24017,32.44231,35.92915,20.77248,28.332,34.14257,33.02254,33.01322,30.44011,27.28352,30.39653,32.70498,26.05989,1
81,34.13250971,39.45955043,33.65997845,30.28249366,34.56979554,34.05512475,34.92455,24.36948,33.85896,32.86074,23.04157,21.21382,33.36848,20.96655,26.23374,33.19101,34.05301,21.37538,32.67951,33.92974,32.36604,36.59004,21.03524,29.7386,34.32989,33.04748,33.55039,22.66962,20.68433,31.99598,33.55045,21.16338,1
82,33.91889165,41.12622754,34.85859121,30.53103643,33.7503839,32.7728479,34.58243,24.32519,35.70561,31.44165,21.02797,21.21382,31.4179,20.96655,31.09248,32.9415,34.45412,21.37538,34.24847,34.67199,33.66278,36.54113,21.03524,30.70963,36.20078,33.33265,32.12691,30.32924,20.68433,31.93107,32.96776,21.16338,0
83,33.63438398,41.02354806,35.38447924,32.39374099,33.29708743,33.89944202,34.88807,25.97557,33.18184,30.35055,24.02701,21.21382,30.33188,20.96655,35.26206,32.29019,32.96135,25.41371,33.7183,34.09411,32.81251,36.04223,21.03524,28.51481,34.9212,32.46322,33.82643,31.8419,22.88397,32.36971,32.51367,23.30548,0
84,33.13996139,40.94262049,34.98571137,31.32865456,33.05142213,33.74091764,34.51063,25.88737,34.47331,32.19359,23.61275,26.07872,32.22215,20.96655,29.17769,32.93964,33.86311,21.37538,33.47468,33.82212,32.1438,35.92737,21.03524,29.0294,34.98731,32.35667,33.02767,31.10008,20.68433,31.53564,32.4646,23.66571,0
85,33.68528222,40.54131969,34.54060064,31.2033447,33.03643822,34.58529779,34.64034,28.0113,34.77555,32.57022,21.02797,21.21382,31.49774,20.96655,25.84534,32.58002,32.41124,21.37538,33.54398,34.25023,33.93927,36.09285,21.03524,32.30108,35.76804,32.41536,33.36772,32.26232,20.68433,33.40885,32.77138,21.16338,0
86,33.08339223,40.65036841,34.79477088,31.25574935,33.10992953,34.12581329,34.58927,25.92869,34.81313,31.78616,21.02797,27.87464,31.55759,20.96655,33.07141,32.54151,33.63869,25.81624,33.92002,34.57393,32.61918,36.20367,21.03524,25.55624,34.7125,33.30439,32.71879,31.21235,22.97126,31.63123,32.47115,21.16338,1
87,33.52439108,41.587366,35.31229044,31.34349094,33.13901754,34.47699717,34.6834,25.07746,34.67654,30.70512,25.23017,27.80674,32.23902,20.96655,29.79557,32.85974,33.58706,21.37538,33.92629,35.42189,33.21321,36.30273,21.03524,28.76208,35.27573,33.70807,33.18127,31.78483,20.68433,32.63162,32.95352,25.00874,0
88,33.26748373,41.62263211,34.29476038,32.36654496,32.50171929,34.01226295,34.86014,19.17202,35.37402,31.19416,25.0075,18.99387,29.89099,20.87258,31.17076,31.58754,33.62382,19.07305,34.52065,34.00191,33.28319,35.97569,20.77248,29.15667,36.16638,33.637,32.87628,30.73081,21.11484,32.73888,33.61257,27.23172,0
89,33.210794,40.18874206,35.52250919,31.26589737,33.12826422,33.38628036,34.44226,21.13571,33.84956,31.80418,21.02797,21.21382,32.60588,20.96655,30.73992,32.86173,33.15477,21.37538,33.31123,34.79906,33.35908,35.41647,21.03524,28.02042,34.28126,33.15725,34.40824,30.9712,20.68433,31.28637,33.42112,21.16338,1
90,32.71106965,40.82126575,34.37061919,31.25127544,33.14062562,33.4194759,34.46897,25.04861,33.73225,30.50867,26.70568,27.32486,31.27145,20.87258,35.45606,32.95584,33.50784,26.93875,33.62658,34.14321,31.9726,35.9834,20.77248,29.22575,34.01433,33.21379,33.15216,29.88587,21.11484,32.22639,32.46079,22.34275,1
91,33.56912279,41.40596278,35.0864229,32.15548297,32.25527624,34.50208626,35.68968,27.45961,33.9532,29.87306,21.02797,28.22413,31.86195,20.96655,30.26243,31.80277,32.56418,29.54121,33.40252,34.78348,33.37653,35.49507,21.03524,28.68231,33.95787,32.69462,34.73224,31.6375,25.16621,32.03444,32.4475,21.16338,0
92,33.18138446,40.23230192,34.03247938,31.16409364,33.16967317,33.86191184,34.4146,28.94812,34.07637,31.79062,21.02797,21.21382,31.63162,25.42664,28.88874,32.7006,33.20251,29.51767,33.5956,34.65085,31.65228,35.63096,21.03524,27.75694,34.78418,32.71475,32.58896,31.63493,20.68433,31.74782,32.46366,21.16338,0
93,33.43420513,40.30714452,34.21387333,30.67121834,33.45739209,33.86766453,33.82151,21.13571,35.00724,30.49623,21.02797,27.5468,31.66643,20.96655,33.68218,33.24126,33.74223,21.37538,33.63657,34.98752,32.68813,36.42487,21.03524,27.22749,35.38105,33.35355,32.85219,30.61002,23.21367,31.74244,32.45886,21.16338,1
94,35.43757088,41.08272629,35.12365149,31.51962261,34.21160059,34.78672729,34.99465,19.17202,35.06007,28.86509,20.14651,23.79055,31.81395,20.87258,30.8655,33.91888,32.89425,19.07305,33.7937,34.6652,33.96299,35.90411,24.69391,24.39225,35.30556,33.64003,32.91709,32.14354,26.31179,31.37264,33.95237,23.38159,1
95,34.1419304,40.435775,34.76534815,30.92548386,32.50790142,34.14754544,35.18144,21.13571,34.26961,31.82696,26.22045,21.21382,31.23616,20.96655,25.73696,32.51882,33.83801,21.37538,33.32236,34.62283,32.41134,35.8937,21.03524,30.39642,34.9599,33.06165,34.41637,32.33055,24.45274,32.14287,33.09659,24.35003,0
96,33.41944289,41.55913906,35.28019692,32.05356049,33.30023647,34.29274104,34.36687,27.34201,34.2785,32.00895,24.16942,21.21382,31.01906,20.96655,31.90987,32.58061,33.55099,21.37538,33.18997,35.03601,32.84765,35.96801,26.78979,29.28776,34.13926,33.07664,33.89336,32.11805,25.53475,31.74495,32.53237,24.20463,0
97,33.12550202,40.71462718,34.17426267,32.02660541,32.91896796,33.90135224,34.63788,26.17828,33.79025,31.65991,23.67484,24.66735,34.76849,20.87258,31.75433,31.98624,32.93268,25.5209,33.53044,34.1837,31.52859,35.85531,20.77248,25.36149,34.048,32.42309,34.23774,30.68296,21.11484,32.11181,32.36345,22.6242,1
98,33.64529817,40.88140905,34.50977489,31.63165757,32.47153162,33.81657219,33.93659,24.95945,33.58113,30.77953,26.02316,26.69243,30.99343,20.87258,35.81854,32.59834,33.63378,28.1619,33.35249,34.54884,32.52295,35.86542,24.43913,26.22712,32.73946,32.87841,33.9302,33.11364,21.11484,31.92492,34.06131,19.64094,1
99,33.26236652,40.95963255,34.14699191,31.33359914,33.06274129,34.0546569,34.79482,27.9887,34.21484,31.58314,21.02797,21.21382,29.88199,20.96655,26.72387,32.48995,33.28437,21.37538,33.46991,34.75178,32.07736,35.96238,21.03524,25.95083,34.57955,33.01933,33.20376,30.97597,25.06975,31.12816,33.04875,21.16338,0
100,33.63770687,40.91163292,33.63287537,30.66217767,33.193873,34.00484836,34.88608,28.84241,34.40568,30.50923,22.95035,23.08914,32.05442,20.96655,29.26836,33.21851,33.9554,28.01302,33.2268,35.00429,32.63213,36.08078,21.03524,28.40017,35.02867,32.94652,32.75474,31.38404,26.9309,31.713,32.61093,23.75276,1
101,33.03421191,40.31300094,33.44105335,31.2382625,32.50049026,33.54520314,34.50138,25.98463,33.24544,30.91748,24.62076,26.77639,31.96368,20.87258,33.38143,32.54058,33.38918,22.86895,32.9134,34.7881,31.49074,36.00911,20.77248,29.61381,33.56808,33.11031,33.43982,30.14067,21.11484,31.50503,32.81786,21.91129,1
102,32.40864054,40.81841696,34.2428943,31.14923876,33.68419813,33.33238357,34.32016,21.13571,35.13305,31.07073,27.68576,27.8671,32.5786,20.96655,30.81559,33.06135,33.88753,27.33947,33.87049,34.25486,32.55275,36.6432,21.03524,27.27045,35.3826,32.69279,33.34645,31.11583,23.57762,32.73871,32.69699,21.16338,1
103,33.84345963,39.97659092,33.55416931,31.87298705,33.0222463,32.62139734,35.85884,29.40843,33.86779,31.09722,25.53363,21.21382,31.20579,20.96655,35.14464,32.72831,33.43638,21.37538,33.89981,34.7762,31.57833,35.69393,24.99577,30.37268,33.08376,32.55282,33.76638,31.02594,20.68433,31.2918,32.93666,21.16338,0
104,33.56478449,40.3080294,34.70741532,31.75861167,33.09595016,33.36866312,34.54249,21.13571,33.87671,31.18852,24.84661,21.21382,32.41965,20.96655,32.66169,32.87739,33.92939,21.37538,33.22609,34.29106,32.52813,36.96402,21.03524,25.91792,34.44091,32.80719,33.52941,30.29641,23.64049,31.18735,32.19769,21.16338,1
105,33.93438158,40.97078482,35.17757991,31.57947192,33.55299826,34.43502221,34.82708,27.66083,33.92122,31.74221,24.17138,26.16985,31.44197,20.96655,26.30331,33.58295,32.77897,29.14068,33.90481,34.61098,32.91989,36.08171,21.03524,29.4306,34.91086,33.56896,33.3045,31.50169,20.68433,31.61514,32.76072,21.16338,0
106,33.35870146,39.76301546,32.88900646,31.24829869,32.59393191,33.45807338,35.69881,21.13571,33.18818,31.10485,27.21929,21.21382,31.60236,20.96655,32.14429,32.35283,33.87136,21.37538,33.19196,34.94316,31.62531,35.49675,21.03524,30.24064,33.32746,32.14716,34.18764,32.25806,20.68433,31.94271,33.20051,26.40148,0
107,34.49250611,38.99999251,31.91321492,30.71572096,29.97357818,34.41088626,35.23499,21.13571,31.3375,30.38041,21.02797,21.21382,29.45727,20.96655,29.7711,32.93923,32.79872,21.37538,33.71461,34.97365,32.20444,35.46518,26.84739,27.98719,31.76382,31.40947,32.32875,31.20172,20.68433,32.37025,33.17039,21.16338,1
108,33.55230759,40.80302561,34.4408141,32.09100939,32.95483121,33.98900138,35.54957,27.73158,33.04374,31.194,27.27788,21.21382,30.64304,20.96655,30.52317,32.37018,33.3988,26.90578,33.78399,34.43816,32.22284,35.00444,21.03524,29.92298,33.05233,32.2045,33.54869,31.63799,23.34701,30.5911,32.93561,24.55645,0
109,32.98349707,41.26479286,34.54906436,32.16720043,33.78215529,33.92302542,35.05474,26.06824,34.50507,30.99019,25.62823,21.21382,33.05605,24.52277,32.80515,32.78408,33.53285,21.37538,34.76907,35.02546,32.56906,35.83381,21.03524,27.60012,34.41515,32.81053,32.93057,32.40253,20.68433,32.57528,33.1667,23.50663,0
110,32.8754105,41.13087507,34.14294182,31.77536813,33.0992423,33.8220923,34.35742,24.50335,34.32566,31.62176,24.00435,28.07973,32.13941,20.87258,31.81089,32.95527,33.6557,24.38878,33.92441,34.72203,32.52821,36.16869,20.77248,29.93768,34.04098,33.09479,34.0343,31.24329,21.11484,31.34677,32.58051,23.98335,1
111,33.46171183,40.77979899,34.61424074,32.00418317,33.38010185,34.30501233,34.67581,21.13571,33.61313,31.39637,21.02797,21.21382,32.54672,20.96655,29.91545,31.4239,33.5064,21.37538,33.42559,34.24705,32.19299,36.23987,21.03524,28.86227,33.11702,32.24651,34.66941,31.48227,22.63601,31.97564,32.39679,21.16338,0
112,33.30662195,39.91994979,33.34807038,30.92702546,32.32946008,33.23187873,34.22127,24.99834,33.94562,32.11087,24.74344,22.79491,32.8479,20.87258,28.6386,32.66991,33.80237,26.39515,32.94015,34.92055,31.32541,35.99729,20.77248,29.618,34.39551,32.79612,33.06826,29.76143,21.11484,31.91468,32.45309,26.1929,1
113,33.31940373,39.3778986,33.76703478,30.63751336,33.15146932,33.27759005,33.94565,25.08225,34.70749,30.85526,23.67667,26.72229,30.99605,23.49606,27.86971,33.46434,34.32831,21.37538,33.06036,34.88082,32.50484,36.22821,21.03524,27.51317,35.06364,33.03419,33.26194,31.45781,23.31742,31.30493,32.08328,21.16338,0
114,33.55461773,41.81334774,35.64564888,32.47924922,32.06855247,34.93057903,35.09455,21.13571,33.30944,29.83697,25.44169,24.67031,29.04702,23.88086,33.26771,32.10085,32.61988,21.37538,34.55329,34.8139,31.91111,35.53609,21.03524,28.82822,34.38327,32.33448,33.05516,32.23716,20.68433,31.60323,32.871,21.16338,1
115,33.10698196,40.48334162,33.56749252,31.23128773,33.24537729,33.52613716,34.12768,27.21867,34.729,30.14724,21.02797,28.39349,31.20425,25.68148,29.64538,33.0494,32.98624,21.37538,32.90228,34.50356,31.55328,35.96453,21.03524,28.9174,34.94527,33.23396,32.40099,30.70256,23.06206,31.83392,32.69776,25.77641,0
116,34.29242273,40.56139731,36.01576668,31.10019734,33.4611841,33.56739278,34.90654,26.86174,34.72325,31.09083,22.80332,25.90462,33.64549,20.87258,28.69887,32.8684,32.59341,19.07305,34.07122,33.7468,32.91662,36.20677,20.77248,27.28682,35.63579,33.61029,33.84913,32.84034,21.11484,32.75893,31.32417,19.64094,0
117,32.38260605,40.56297715,34.33067831,30.76859665,33.58424397,33.08616248,34.20342,24.85905,34.92594,32.35131,25.08523,23.2647,32.39806,20.87258,34.27379,33.28673,34.0994,25.5525,33.6981,34.37816,32.42925,36.48827,20.77248,28.72936,34.96429,32.91333,33.35111,29.83216,21.11484,31.39718,31.89882,22.3371,1
118,32.92034556,39.7854862,34.75571074,31.22086432,33.15862168,33.23956652,34.95298,21.13571,34.56049,31.45071,23.15215,21.21382,32.24691,20.96655,30.31133,33.34681,32.99198,26.65666,32.94363,33.46823,31.82262,36.1319,21.03524,30.18819,34.65893,32.21696,32.67178,30.6174,29.50115,32.27778,32.40581,21.16338,1
119,34.88528404,40.05365144,33.19840939,31.38761872,33.99330089,33.38563446,34.8605,25.87089,34.0671,29.6431,21.02797,21.21382,29.11226,30.3898,32.04559,32.68333,33.53591,24.73758,32.97353,34.30929,31.09855,35.13439,21.03524,29.11116,34.12969,34.04885,33.4418,32.5928,20.68433,31.85271,32.11196,21.16338,0
120,33.45473454,40.31426099,34.05502669,31.33622064,32.67489138,33.71064257,34.61947,27.19514,33.94306,31.6777,20.14651,28.62775,33.06034,20.87258,29.53223,33.09578,34.03347,19.07305,32.84796,34.66472,31.48474,36.42823,20.77248,29.70421,34.43517,32.53573,33.69217,30.50514,21.11484,31.15722,32.57592,22.00137,1
121,32.76051076,40.81363773,34.41907009,31.61350014,33.32287939,33.71403249,34.73676,24.59263,34.0892,31.66157,26.37552,25.23346,31.2538,20.96655,30.73931,33.04311,33.21842,27.35804,33.61915,34.41121,31.97645,36.15433,21.03524,30.20599,34.00151,32.498,33.15315,31.8022,20.68433,31.70768,32.64655,21.16338,1
122,33.84688984,40.49385597,34.77360419,31.35601958,34.28009802,34.4028119,34.66296,27.10392,33.42599,31.79339,20.14651,23.62163,30.20563,20.87258,31.40354,33.03918,33.42801,26.1203,33.41713,34.92307,32.76916,35.33272,25.44011,24.91047,34.303,32.95801,33.14312,30.85605,23.36761,30.49465,32.53287,24.53201,0
123,32.88895538,41.07732998,35.68160534,31.77341387,32.28027644,34.2338735,35.37451,26.5782,33.75861,30.9103,20.14651,21.81232,31.89046,20.87258,28.4351,33.05764,32.90082,19.07305,33.92895,34.20081,33.06979,35.72542,20.77248,31.04423,34.93139,32.6329,32.63507,30.97755,21.11484,31.50841,32.70562,19.64094,1
124,34.12651819,40.97708156,35.38194791,32.29790792,33.04969382,34.37435562,35.10371,19.17202,33.34199,29.52866,25.55295,26.2071,30.57904,20.87258,28.58238,32.87538,32.60182,27.66844,33.92976,34.37951,31.47884,35.09101,20.77248,24.79033,34.26201,32.46084,33.57544,32.76481,21.11484,30.87584,33.06447,22.78909,1
125,32.93999341,39.21693004,33.33252481,29.83501615,33.71093607,32.305895,34.34422,27.90268,33.42823,33.13037,23.1129,26.48243,30.33892,20.87258,26.98311,32.75315,33.83294,27.30578,33.69519,34.18729,31.48728,36.21145,20.77248,25.7406,34.07106,32.32191,34.09471,30.3941,21.11484,31.69623,32.88657,25.06121,0
126,34.34536561,41.24355925,36.58436056,32.38888661,32.65267687,34.81833653,35.2576,29.74436,32.57328,31.09553,21.02797,31.43675,29.95013,20.96655,25.11812,33.10034,32.67298,21.37538,33.84586,34.4748,33.71315,36.83242,21.03524,25.94439,33.29677,32.79928,33.09764,31.52948,20.68433,30.67515,32.86523,21.16338,0
127,33.97687858,40.89343266,34.03269281,31.12570548,33.72829547,33.88062111,34.60978,26.10028,34.30022,30.80061,21.02797,26.87908,31.65855,20.96655,29.02682,33.01639,33.46618,29.0576,32.60494,34.23209,32.32205,35.93462,21.03524,28.75209,34.61602,33.30971,33.24761,31.71796,23.26765,31.94343,32.92759,21.16338,0
128,33.06950404,40.550531,34.53873002,30.88092514,33.58122119,33.39050955,34.22095,25.74155,34.80038,31.27141,22.83621,26.17739,32.25942,20.87258,34.74756,32.87099,33.39495,26.62461,33.23735,34.43232,32.22397,36.26049,20.77248,30.33651,34.31679,32.79333,33.2144,30.7062,21.11484,31.57717,32.48028,25.06014,1
129,34.5162526,41.03884618,36.22708949,32.14286491,32.54384023,35.24267584,34.08621,21.13571,33.84469,30.39265,23.6549,21.21382,31.64104,20.96655,32.00544,33.60961,31.59394,30.50876,34.1832,35.4651,33.13664,35.05138,21.03524,31.86353,34.61974,33.72104,33.25236,32.35724,20.68433,33.08985,33.33422,21.16338,0
130,32.61004066,41.7341591,35.46532817,32.36231459,32.72003046,34.95510079,35.31939,21.13571,32.60111,32.10573,21.02797,21.21382,25.74016,20.96655,32.24876,32.42451,34.0474,21.37538,33.65221,35.35208,32.50627,35.13987,21.03524,29.00517,34.55381,33.04922,32.80783,31.98092,20.68433,30.38574,32.18879,26.40584,0
131,31.93309054,41.95877489,36.18824509,31.99302786,32.74252551,34.61598608,35.29732,21.13571,34.45628,30.60276,21.02797,27.71894,31.15004,20.96655,32.58077,32.78193,33.26918,21.37538,33.80518,34.18791,32.95339,35.62455,21.03524,29.37697,34.403,32.83371,33.42342,30.75954,20.68433,31.3199,31.9444,25.59119,1
132,33.33464234,39.6771424,33.66495401,31.21734296,33.11217409,32.59265368,34.34018,30.13096,34.27426,31.78286,21.02797,27.83286,31.64046,20.96655,31.41989,32.68663,33.61444,28.82369,33.44606,34.23224,31.85461,36.0467,27.70121,28.11986,34.72383,33.14939,33.53373,31.27639,20.68433,31.81091,32.63999,26.27267,0
133,33.54923217,39.98634245,33.94922534,30.6974998,33.29590716,33.27290188,34.39752,27.77568,34.62999,31.91989,21.02797,24.62241,31.47679,20.96655,29.15728,33.20106,34.26434,26.16385,32.93986,35.03507,32.00244,36.55466,21.03524,30.28653,34.61921,33.16436,32.82271,30.61102,26.01155,31.40764,33.04157,21.16338,1
134,33.82691232,40.56203351,34.31698954,31.12080327,32.9027775,33.78922779,34.80591,23.19098,33.57465,31.50135,25.86875,21.21382,32.32019,20.96655,27.39291,32.24836,33.93339,21.37538,33.12679,34.47007,32.97496,36.22044,21.03524,30.07048,35.01279,32.1286,32.79818,31.59391,24.84737,32.33228,32.59501,21.16338,1
135,32.76029432,40.91612476,35.31125311,30.98885218,34.39342027,33.21100216,35.166,25.62344,35.84941,32.94188,21.02797,21.21382,34.96702,20.96655,35.74304,33.75904,34.87858,21.37538,34.3975,34.32675,33.67787,36.89092,21.03524,31.25836,35.95907,33.10704,33.55449,28.76971,29.45442,32.96621,31.28944,24.69518,1
136,33.33778366,40.77496452,34.34345906,30.80549201,32.86550863,33.82504485,34.34754,23.21088,34.14011,31.36716,21.02797,26.9001,31.91628,20.96655,30.91364,33.10211,33.54712,24.89231,33.07801,34.18178,32.19983,36.19313,21.03524,29.32053,34.64638,32.8862,33.43751,31.45145,23.53169,31.85541,32.58406,24.40547,1
137,32.90898703,41.11238163,35.3815918,31.42960629,34.43731847,34.67966972,34.65861,23.66802,35.05389,30.02163,20.14651,25.53371,29.76766,20.87258,33.04862,33.5735,33.55101,27.07778,33.88811,34.7662,33.70922,36.01805,20.77248,28.21206,35.73817,33.59996,32.55328,31.08353,23.59794,31.78334,32.81431,24.20143,1
138,32.30495769,40.85923098,35.22245689,31.49296043,33.33796774,33.27381514,34.92996,28.76333,35.13431,31.26459,24.10688,21.21382,33.15077,20.96655,36.09935,32.68057,33.59404,26.7312,34.05508,33.86656,32.29669,36.29829,21.03524,29.93353,35.68497,33.00925,33.81128,30.38477,20.68433,32.6311,32.84361,21.16338,1
139,33.17246733,39.4722351,33.05832622,30.2375771,33.57946673,33.06067288,34.18134,26.47811,34.09853,31.77655,22.11187,26.96515,29.24993,20.87258,24.79016,33.02107,34.21988,26.37228,32.92471,34.84392,31.8272,36.0765,25.83197,28.91228,34.19321,33.11402,33.08715,29.28123,21.11484,30.72682,32.37435,24.08859,1
140,33.14218096,40.94429607,33.35043261,31.28780268,33.89557699,32.52305184,34.15967,21.13571,35.46,32.17178,21.02797,21.21382,27.46394,20.96655,25.53195,33.81694,33.6652,21.37538,33.77924,35.12371,33.15408,36.76836,21.03524,31.86225,36.07954,34.08149,32.87732,26.73109,22.68975,30.94188,33.92095,21.16338,1
141,32.74309911,41.4320965,35.33714738,32.01164463,34.68708326,33.47701038,34.23466,21.13571,35.32314,30.86861,21.02797,21.21382,32.66308,20.96655,29.6046,33.133,34.3998,21.37538,34.09149,35.31759,33.53766,35.80645,21.03524,28.9319,34.72477,33.35522,34.39638,28.87541,20.68433,32.40313,32.72035,21.16338,0
142,32.32332168,40.70873858,33.5663232,30.64564093,33.84290023,33.0562544,35.19247,29.9025,34.91238,31.53899,21.02797,21.21382,32.47953,20.96655,28.35517,33.03476,33.58365,21.37538,34.15473,34.45756,32.68882,36.5183,21.03524,30.56377,35.61318,32.75884,33.60203,30.12019,24.56779,32.84869,33.0495,21.16338,1
143,32.56606626,41.36729792,35.66644253,31.48509847,34.33656788,34.24996454,35.87313,29.11744,35.53379,32.33052,20.14651,27.9604,32.82965,20.87258,33.69813,33.88725,34.15656,25.55792,34.46433,34.10298,34.04044,36.7007,20.77248,24.77436,35.71383,33.30891,33.58252,30.65826,21.11484,33.34692,32.8398,22.09579,0
144,33.46587608,39.60077647,33.29931439,30.99252042,32.83646421,32.05934092,34.29659,29.80533,34.00042,31.87288,20.14651,27.66265,30.52418,20.87258,30.74292,32.53828,33.49968,27.09,33.42664,33.86673,31.34729,35.94551,24.90015,27.46257,34.35648,33.08362,33.60454,31.49747,21.11484,31.27446,32.50208,26.12713,1
145,34.18226941,41.15887891,35.23257006,29.07408092,33.70712676,33.29178292,34.70825,21.13571,35.74509,31.66994,21.02797,21.21382,33.52616,20.96655,33.1141,33.8291,33.75934,21.37538,34.38372,35.03362,33.37681,36.33253,21.03524,20.40858,36.39277,34.3231,34.61434,29.49925,20.68433,33.15251,34.45919,21.16338,1
146,32.75209668,40.42803601,34.28365955,31.15887786,35.04615249,33.55872515,33.91822,24.35693,34.51417,30.63026,20.14651,27.69,30.4989,20.87258,26.32531,33.2922,33.96972,25.83668,33.45076,34.41809,33.23211,36.36449,20.77248,29.1032,35.54283,33.07626,33.02033,29.84009,21.11484,30.97337,32.30893,22.28754,1
147,33.21470765,40.34128221,33.37268941,30.69106181,33.30819761,32.61718668,34.40364,26.06128,34.37008,32.89827,25.02681,25.22028,31.98387,20.87258,31.79455,32.54279,34.06539,25.56595,32.94754,34.21436,31.80986,35.81898,20.77248,30.71903,34.61213,32.78684,33.73611,30.18425,21.11484,31.40002,32.0497,22.28217,1
148,33.66536945,41.27485367,35.22300924,31.83023545,33.23122086,35.32840343,35.28594,21.13571,34.47599,30.20822,21.02797,26.7387,30.39384,20.96655,24.97191,32.71258,33.30166,21.37538,34.59926,35.18862,31.79299,34.79435,21.03524,31.50797,33.80235,33.06277,33.61156,32.20817,20.68433,32.35807,32.72604,21.16338,1
149,34.19165295,40.01465757,34.61187946,30.31321388,32.30037126,33.49142777,34.5833,26.44677,35.65014,30.86563,27.06012,27.73143,32.37766,20.87258,29.33017,33.76792,33.74339,23.56164,33.47523,34.59652,32.28284,36.59588,20.77248,26.89624,34.15433,33.50003,34.48779,32.62173,28.90318,33.12611,32.73552,19.64094,1
150,33.78337455,41.08394279,34.79664993,31.32090842,33.10128244,34.25634376,34.57302,28.74388,34.6526,31.38569,21.02797,21.21382,32.64023,20.96655,32.22151,32.41334,33.25841,27.67401,33.31517,33.90163,32.46014,35.89288,21.03524,28.83099,34.61611,33.18008,33.36037,31.88825,23.47911,31.75994,32.37044,21.16338,1
151,33.73558806,41.19718752,34.71646114,31.40096032,29.23813901,34.53979932,36.18791,28.88484,34.20917,30.9534,24.60818,18.99387,31.7544,20.87258,29.20366,32.91467,32.47065,26.74046,33.35645,34.5778,32.74619,36.80561,20.77248,20.29074,34.92049,33.59399,31.18116,32.93037,21.11484,33.37936,34.07311,19.64094,1
152,34.50272531,41.10996975,34.81585701,31.69558001,33.67132566,34.88583476,36.14117,21.13571,35.34594,30.81718,21.02797,25.48539,32.86395,20.96655,31.61313,33.46131,34.18772,21.37538,34.01239,34.38372,33.43673,36.5339,21.03524,27.67562,35.12988,33.79038,33.29614,32.71808,20.68433,32.64139,32.15411,24.99025,0
153,33.03933304,40.49487362,35.39411181,31.49368918,33.5498527,33.79278974,34.16389,29.46426,35.14507,33.1528,24.66099,21.21382,32.35121,20.96655,33.69135,32.7783,34.2014,32.31886,33.35738,34.37605,32.83593,36.50162,21.03524,23.50121,36.04793,32.78732,34.24522,31.18161,24.29594,32.69624,32.64275,21.16338,0
154,32.93189169,40.85049874,34.97707661,31.7002592,31.07917289,34.48208276,33.49243,21.13571,35.20108,32.81021,21.02797,21.21382,32.9407,20.96655,35.85428,34.00557,34.25172,21.37538,34.01952,34.97027,33.51682,36.89084,21.03524,20.40858,36.30035,33.65458,34.59418,30.57529,20.68433,29.88815,31.87679,21.16338,1
155,31.66711989,41.16908403,35.0220518,31.77416508,34.19018024,33.25109095,34.91209,21.13571,35.66949,30.65469,21.02797,29.0606,33.55808,20.96655,33.21859,33.93917,34.19044,21.37538,34.43268,34.02074,33.00336,36.8051,21.03524,29.42448,35.69786,33.13009,33.19489,30.96897,20.68433,32.81356,33.04164,21.16338,0
156,33.1971195,39.26114148,33.00237045,30.45184885,32.96360576,32.88692791,33.92482,29.01101,33.73348,32.25366,23.98179,28.03754,30.7911,20.96655,26.33714,32.77944,34.48199,21.37538,33.51247,35.06751,32.19211,36.6985,21.03524,28.0971,34.16894,33.28338,34.46899,29.81779,20.68433,31.37901,32.50491,25.18997,1
157,33.05900201,40.40245436,34.33369265,31.05392178,33.32148061,33.77639989,34.75167,26.62439,34.07661,31.36507,21.02797,28.2564,30.98277,20.96655,31.02566,32.83093,33.75413,27.73979,33.29558,33.98151,32.28293,35.60036,21.03524,26.98001,35.14793,32.54116,33.14855,31.3359,20.68433,31.66912,32.37929,21.16338,0
158,32.94278407,40.6569678,34.45021168,31.82275521,33.47405983,33.4455839,34.64852,27.5993,33.74427,31.885,22.28833,26.03897,29.77934,20.87258,28.81243,32.37471,33.36935,25.94071,32.8509,34.53134,32.20461,35.37553,20.77248,30.23906,33.47865,32.22268,33.2357,30.66514,21.11484,30.54052,31.8152,22.97993,0
159,34.76323984,38.8933849,34.19003076,30.80181927,32.54359154,34.41558085,35.94134,21.13571,33.56464,31.12533,21.02797,21.21382,28.99503,20.96655,24.67455,32.89287,32.09449,21.37538,33.20176,34.8367,30.90987,35.54016,21.03524,23.08984,32.32382,32.71803,33.34231,30.96877,23.89819,32.58736,33.11184,21.16338,1
160,33.68201772,41.69845931,36.73470869,32.33909435,31.92727248,34.05914613,34.38659,29.13168,30.38692,29.62653,26.60158,25.41702,26.17485,20.96655,34.23098,30.77288,31.83167,29.57928,33.13093,34.15039,34.10726,33.85888,21.03524,28.66587,31.9339,32.6997,32.52711,31.55453,32.05787,31.47048,32.27551,27.65563,1
161,33.25835993,39.8459831,34.2549889,31.1376616,33.66030151,33.12531712,34.92476,29.31246,33.63427,30.92917,24.26513,21.21382,31.92771,20.96655,30.58312,32.68799,33.37172,21.37538,32.50621,34.37554,32.13843,36.19186,21.03524,29.83964,34.34695,32.40563,33.6587,30.61606,26.08569,31.90087,32.61982,25.12811,0
162,32.5451953,40.81930459,34.79695169,30.59126744,33.19410308,33.68970492,34.51813,21.13571,35.01412,30.20406,30.28468,28.85662,31.21636,27.43532,29.31864,33.46658,33.55885,21.37538,33.53452,35.28923,32.74076,35.59146,21.03524,26.08479,35.85024,33.64128,32.13603,30.66144,23.56363,31.40747,32.73828,21.16338,1
163,32.77144779,40.52894097,34.20737884,31.00108093,32.18605667,33.71671136,34.82511,26.35738,34.45122,31.45211,22.85645,25.38729,32.01465,26.17189,29.47928,32.92757,33.62908,25.26876,33.95511,35.52679,32.16714,36.06201,20.77248,26.74077,34.68429,33.44897,32.43568,29.767,21.11484,31.57036,33.12781,23.68516,0
164,33.468712,40.14591331,33.12928309,30.92112173,33.42647122,32.64817125,34.1791,28.71821,34.63886,33.51373,27.10888,26.90441,31.98114,20.96655,30.92269,33.18548,34.57321,21.37538,33.04536,34.74808,32.16233,36.88956,21.03524,29.19283,34.72175,33.48449,34.48511,30.73024,20.68433,32.45845,32.75282,23.05727,0
165,33.36227459,41.97897648,34.38905417,32.65952016,33.5728681,33.86499284,34.93804,24.15806,31.95169,29.75268,22.67119,27.52002,31.20158,21.43715,29.73626,32.98445,32.30548,21.26068,32.17231,34.80955,32.72238,35.08104,21.02478,28.19959,34.33833,32.97688,32.69185,30.77353,22.3863,30.96638,32.55432,21.82186,1
166,33.77939261,40.73853995,34.91460062,31.46579538,33.42489772,34.41497327,34.93784,24.15806,34.3051,30.15818,22.67119,21.37426,31.73147,21.43715,29.25735,34.11969,33.33659,21.26068,33.49515,34.32466,32.96542,35.82966,21.02478,28.36625,33.83342,33.2889,33.14062,30.89096,22.3863,32.15142,33.14321,26.87629,0
167,33.20731942,39.83040455,33.63602138,30.37496563,33.3261226,32.77771859,34.47573,24.15806,34.44598,33.0383,22.67119,27.70147,33.0999,21.43715,31.88843,33.04412,33.89531,21.26068,33.38702,35.47578,32.24478,36.06693,21.02478,24.22162,33.96231,33.21277,33.07573,30.57496,22.3863,31.7568,33.11615,21.82186,1
168,33.61364612,39.84650443,34.05016362,30.18492525,33.36908667,33.73176914,34.678,24.15806,34.44837,31.62215,29.08261,26.46983,31.89044,21.43715,30.02102,32.74864,33.54568,21.26068,33.3165,34.18576,31.81636,36.00377,21.02478,30.07418,34.40911,32.48627,33.88884,31.48039,22.3863,32.2131,32.87194,21.82186,0
169,33.76582819,40.7010799,34.51229189,32.56707715,33.36791612,33.71142039,34.36873,24.15806,33.24598,30.9961,22.67119,26.65137,31.37175,21.43715,28.74127,32.86116,32.87697,27.05065,32.96358,35.24906,32.14958,35.33185,21.02478,29.81223,34.08688,32.73723,33.45043,31.13687,22.3863,30.60729,32.45438,26.75398,0
170,33.35330228,41.34396393,34.6484222,31.90462056,32.55870542,32.76128958,34.2757,24.15806,33.80365,30.71365,22.67119,26.89536,29.02166,21.43715,31.65615,32.16855,33.08417,26.75043,33.60636,34.65593,32.63561,35.60433,21.02478,24.22162,34.23809,32.47994,33.74928,30.31995,22.3863,31.78926,32.69674,21.82186,1
171,33.72021851,39.88417704,33.92760533,30.84127045,33.29053188,33.98686131,34.63849,24.15806,34.42144,31.07826,22.67119,21.37426,30.20512,21.43715,30.90701,33.10954,34.05103,27.80964,33.94123,33.96543,33.47697,35.5786,21.02478,30.37938,35.25413,32.85748,32.39961,30.74824,22.3863,31.72622,32.77545,21.82186,0
172,33.17713697,40.39486012,34.3232377,30.25223929,32.31105144,33.96417496,35.40931,24.15806,34.48103,30.70615,22.67119,21.37426,31.23069,21.43715,32.83083,33.07204,33.51326,26.69835,33.96656,34.50892,31.98735,36.00155,21.02478,31.29617,34.79437,33.24686,33.69781,30.85544,22.3863,32.51235,32.75384,21.82186,0
173,33.00048361,40.03940208,33.80115788,31.20216681,31.29252061,33.21062218,34.90028,24.15806,34.48307,30.6632,22.67119,21.37426,31.37384,21.43715,35.78229,32.56032,34.05154,21.26068,34.01905,33.97349,32.30557,36.17773,27.09806,24.22162,33.84893,33.45415,33.2838,31.31663,22.3863,30.96164,32.4332,21.82186,0
174,34.4133657,40.15009624,33.84810448,31.14545543,32.4214505,33.5148195,34.39644,24.15806,34.93057,32.01685,22.67119,21.37426,31.29298,21.43715,30.22521,33.341,33.62779,21.26068,33.75399,34.21595,32.11688,36.33245,21.02478,29.30942,34.99089,33.1086,32.77535,29.93626,22.3863,30.69909,32.9885,21.82186,0
175,32.74585814,41.38672181,34.66573856,31.76071646,33.51609314,33.91991403,33.96501,24.15806,33.37032,31.06227,22.67119,21.37426,29.47416,21.43715,23.18001,33.14546,34.38849,27.23892,33.43558,34.46242,32.69428,35.58448,21.02478,28.72928,34.28922,33.24741,33.76711,32.11849,22.3863,32.25189,32.0573,21.82186,0
176,33.22260489,40.84802347,35.09489545,31.64494304,33.38594365,33.55328442,34.55658,32.80491,34.42998,29.90347,22.67119,26.98353,33.20444,21.43715,34.47504,33.0569,33.24384,26.85952,33.23162,34.72402,32.98876,35.50513,21.02478,31.49914,34.48418,33.7034,33.26085,31.57179,22.3863,31.92132,32.70183,21.82186,0
177,31.27544954,40.55235265,36.96222659,30.23234232,36.06922765,35.11581293,33.15506,24.15806,35.56667,31.6603,22.67119,29.28045,32.38201,21.43715,32.12763,31.9253,33.77807,31.77891,34.68455,33.48758,34.23711,34.88265,21.02478,28.17083,37.23507,31.72155,35.38923,34.36199,22.3863,33.29491,30.79817,21.82186,0
178,32.92428508,41.28705041,34.12010003,31.6831366,32.92272626,33.35673808,34.68047,24.15806,34.62822,31.92039,22.67119,27.09075,34.41072,21.43715,29.04315,33.41885,34.28987,21.26068,34.28528,34.71992,32.64347,36.15448,21.02478,24.22162,34.59033,32.87358,32.6934,29.30238,22.3863,31.39512,32.6075,21.82186,1
179,33.76210746,39.67664876,33.79945136,31.08199031,33.20704726,32.86453982,35.60014,24.15806,33.80982,32.7876,22.67119,21.37426,30.16175,21.43715,29.64267,32.28881,33.32866,21.26068,33.48075,34.7728,31.39044,35.95528,21.02478,27.21929,34.01564,33.2976,33.70786,30.72343,22.3863,31.78725,33.35291,27.44984,0
180,32.46787047,40.86806402,35.27388893,31.49719631,32.5009982,34.20514365,35.23053,24.15806,35.1614,30.59097,22.67119,21.37426,30.18843,21.43715,33.21729,32.59123,32.5949,21.26068,33.71163,35.70546,32.58132,37.27475,21.02478,32.08324,35.01634,32.46227,33.7539,31.34356,22.3863,31.77447,32.50118,21.82186,0
